,Country,Document_link,Tariff_code,Component,Unit,Utility,Charge,Date_start,Date_end,$local
0,El Salvador,https://www.siget.gob.sv/gerencias/electricidad/tarifas-de-electricidad/tarifas-de-electricidad-ano-2019/,I.   PEQUEÑAS DEMANDAS  (0 < kW ≤ 10) BAJA TENSION Bloque 1: Primeros 99 kWh/mes,Cargo de Comercialización:Cargo Fijo,US$/Usuario-mes,CAESS,0.825711,2019-07-15,2019-10-15,USD
1,El Salvador,https://www.siget.gob.sv/gerencias/electricidad/tarifas-de-electricidad/tarifas-de-electricidad-ano-2019/,I.   PEQUEÑAS DEMANDAS  (0 < kW ≤ 10) BAJA TENSION Bloque 1: Primeros 99 kWh/mes,Cargo de  Energía:Cargo Variable,US$/kWh,CAESS,0.167608,2019-07-15,2019-10-15,USD
2,El Salvador,https://www.siget.gob.sv/gerencias/electricidad/tarifas-de-electricidad/tarifas-de-electricidad-ano-2019/,I.   PEQUEÑAS DEMANDAS  (0 < kW ≤ 10) BAJA TENSION Bloque 1: Primeros 99 kWh/mes,Cargo de Distribución:Cargo Variable,US$/kWh,CAESS,0.030828,2019-07-15,2019-10-15,USD
3,El Salvador,https://www.siget.gob.sv/gerencias/electricidad/tarifas-de-electricidad/tarifas-de-electricidad-ano-2019/,I.   PEQUEÑAS DEMANDAS  (0 < kW ≤ 10) BAJA TENSION Bloque 1: Primeros 99 kWh/mes,Cargo de Comercialización:Cargo Fijo,US$/Usuario-mes,DEL SUR,0.965150,2019-07-15,2019-10-15,USD
4,El Salvador,https://www.siget.gob.sv/gerencias/electricidad/tarifas-de-electricidad/tarifas-de-electricidad-ano-2019/,I.   PEQUEÑAS DEMANDAS  (0 < kW ≤ 10) BAJA TENSION Bloque 1: Primeros 99 kWh/mes,Cargo de  Energía:Cargo Variable,US$/kWh,DEL SUR,0.162635,2019-07-15,2019-10-15,USD
5,El Salvador,https://www.siget.gob.sv/gerencias/electricidad/tarifas-de-electricidad/tarifas-de-electricidad-ano-2019/,I.   PEQUEÑAS DEMANDAS  (0 < kW ≤ 10) BAJA TENSION Bloque 1: Primeros 99 kWh/mes,Cargo de Distribución:Cargo Variable,US$/kWh,DEL SUR,0.050474,2019-07-15,2019-10-15,USD
6,El Salvador,https://www.siget.gob.sv/gerencias/electricidad/tarifas-de-electricidad/tarifas-de-electricidad-ano-2019/,I.   PEQUEÑAS DEMANDAS  (0 < kW ≤ 10) BAJA TENSION Bloque 1: Primeros 99 kWh/mes,Cargo de Comercialización:Cargo Fijo,US$/Usuario-mes,CLESA,0.756658,2019-07-15,2019-10-15,USD
7,El Salvador,https://www.siget.gob.sv/gerencias/electricidad/tarifas-de-electricidad/tarifas-de-electricidad-ano-2019/,I.   PEQUEÑAS DEMANDAS  (0 < kW ≤ 10) BAJA TENSION Bloque 1: Primeros 99 kWh/mes,Cargo de  Energía:Cargo Variable,US$/kWh,CLESA,0.169368,2019-07-15,2019-10-15,USD
8,El Salvador,https://www.siget.gob.sv/gerencias/electricidad/tarifas-de-electricidad/tarifas-de-electricidad-ano-2019/,I.   PEQUEÑAS DEMANDAS  (0 < kW ≤ 10) BAJA TENSION Bloque 1: Primeros 99 kWh/mes,Cargo de Distribución:Cargo Variable,US$/kWh,CLESA,0.063486,2019-07-15,2019-10-15,USD
9,El Salvador,https://www.siget.gob.sv/gerencias/electricidad/tarifas-de-electricidad/tarifas-de-electricidad-ano-2019/,I.   PEQUEÑAS DEMANDAS  (0 < kW ≤ 10) BAJA TENSION Bloque 1: Primeros 99 kWh/mes,Cargo de Comercialización:Cargo Fijo,US$/Usuario-mes,EEO,0.879833,2019-07-15,2019-10-15,USD
10,El Salvador,https://www.siget.gob.sv/gerencias/electricidad/tarifas-de-electricidad/tarifas-de-electricidad-ano-2019/,I.   PEQUEÑAS DEMANDAS  (0 < kW ≤ 10) BAJA TENSION Bloque 1: Primeros 99 kWh/mes,Cargo de  Energía:Cargo Variable,US$/kWh,EEO,0.169529,2019-07-15,2019-10-15,USD
11,El Salvador,https://www.siget.gob.sv/gerencias/electricidad/tarifas-de-electricidad/tarifas-de-electricidad-ano-2019/,I.   PEQUEÑAS DEMANDAS  (0 < kW ≤ 10) BAJA TENSION Bloque 1: Primeros 99 kWh/mes,Cargo de Distribución:Cargo Variable,US$/kWh,EEO,0.067800,2019-07-15,2019-10-15,USD
12,El Salvador,https://www.siget.gob.sv/gerencias/electricidad/tarifas-de-electricidad/tarifas-de-electricidad-ano-2019/,I.   PEQUEÑAS DEMANDAS  (0 < kW ≤ 10) BAJA TENSION Bloque 1: Primeros 99 kWh/mes,Cargo de Comercialización:Cargo Fijo,US$/Usuario-mes,DEUSEM,0.800900,2019-07-15,2019-10-15,USD
13,El Salvador,https://www.siget.gob.sv/gerencias/electricidad/tarifas-de-electricidad/tarifas-de-electricidad-ano-2019/,I.   PEQUEÑAS DEMANDAS  (0 < kW ≤ 10) BAJA TENSION Bloque 1: Primeros 99 kWh/mes,Cargo de  Energía:Cargo Variable,US$/kWh,DEUSEM,0.172931,2019-07-15,2019-10-15,USD
14,El Salvador,https://www.siget.gob.sv/gerencias/electricidad/tarifas-de-electricidad/tarifas-de-electricidad-ano-2019/,I.   PEQUEÑAS DEMANDAS  (0 < kW ≤ 10) BAJA TENSION Bloque 1: Primeros 99 kWh/mes,Cargo de Distribución:Cargo Variable,US$/kWh,DEUSEM,0.079408,2019-07-15,2019-10-15,USD
15,El Salvador,https://www.siget.gob.sv/gerencias/electricidad/tarifas-de-electricidad/tarifas-de-electricidad-ano-2019/,I.   PEQUEÑAS DEMANDAS  (0 < kW ≤ 10) BAJA TENSION Bloque 1: Primeros 99 kWh/mes,Cargo de Comercialización:Cargo Fijo,US$/Usuario-mes,EDESAL,2.297082,2019-07-15,2019-10-15,USD
16,El Salvador,https://www.siget.gob.sv/gerencias/electricidad/tarifas-de-electricidad/tarifas-de-electricidad-ano-2019/,I.   PEQUEÑAS DEMANDAS  (0 < kW ≤ 10) BAJA TENSION Bloque 1: Primeros 99 kWh/mes,Cargo de  Energía:Cargo Variable,US$/kWh,EDESAL,0.162921,2019-07-15,2019-10-15,USD
17,El Salvador,https://www.siget.gob.sv/gerencias/electricidad/tarifas-de-electricidad/tarifas-de-electricidad-ano-2019/,I.   PEQUEÑAS DEMANDAS  (0 < kW ≤ 10) BAJA TENSION Bloque 1: Primeros 99 kWh/mes,Cargo de Distribución:Cargo Variable,US$/kWh,EDESAL,0.065557,2019-07-15,2019-10-15,USD
18,El Salvador,https://www.siget.gob.sv/gerencias/electricidad/tarifas-de-electricidad/tarifas-de-electricidad-ano-2019/,I.   PEQUEÑAS DEMANDAS  (0 < kW ≤ 10) BAJA TENSION Bloque 1: Primeros 99 kWh/mes,Cargo de Comercialización:Cargo Fijo,US$/Usuario-mes,B&D,0.835768,2019-07-15,2019-10-15,USD
19,El Salvador,https://www.siget.gob.sv/gerencias/electricidad/tarifas-de-electricidad/tarifas-de-electricidad-ano-2019/,I.   PEQUEÑAS DEMANDAS  (0 < kW ≤ 10) BAJA TENSION Bloque 1: Primeros 99 kWh/mes,Cargo de  Energía:Cargo Variable,US$/kWh,B&D,0.153365,2019-07-15,2019-10-15,USD
20,El Salvador,https://www.siget.gob.sv/gerencias/electricidad/tarifas-de-electricidad/tarifas-de-electricidad-ano-2019/,I.   PEQUEÑAS DEMANDAS  (0 < kW ≤ 10) BAJA TENSION Bloque 1: Primeros 99 kWh/mes,Cargo de Distribución:Cargo Variable,US$/kWh,B&D,0.039618,2019-07-15,2019-10-15,USD
21,El Salvador,https://www.siget.gob.sv/gerencias/electricidad/tarifas-de-electricidad/tarifas-de-electricidad-ano-2019/,I.   PEQUEÑAS DEMANDAS  (0 < kW ≤ 10) BAJA TENSION Bloque 1: Primeros 99 kWh/mes,Cargo de Comercialización:Cargo Fijo,US$/Usuario-mes,ABRUZZO,0.892129,2019-07-15,2019-10-15,USD
22,El Salvador,https://www.siget.gob.sv/gerencias/electricidad/tarifas-de-electricidad/tarifas-de-electricidad-ano-2019/,I.   PEQUEÑAS DEMANDAS  (0 < kW ≤ 10) BAJA TENSION Bloque 1: Primeros 99 kWh/mes,Cargo de  Energía:Cargo Variable,US$/kWh,ABRUZZO,0.191986,2019-07-15,2019-10-15,USD
23,El Salvador,https://www.siget.gob.sv/gerencias/electricidad/tarifas-de-electricidad/tarifas-de-electricidad-ano-2019/,I.   PEQUEÑAS DEMANDAS  (0 < kW ≤ 10) BAJA TENSION Bloque 1: Primeros 99 kWh/mes,Cargo de Distribución:Cargo Variable,US$/kWh,ABRUZZO,0.037498,2019-07-15,2019-10-15,USD
24,El Salvador,https://www.siget.gob.sv/gerencias/electricidad/tarifas-de-electricidad/tarifas-de-electricidad-ano-2019/,I.   PEQUEÑAS DEMANDAS  (0 < kW ≤ 10) BAJA TENSION Bloque 2: Consumos entre 100 kWh/mes y 199 kWh/mes,Cargo de Comercialización:Cargo Fijo,US$/Usuario-mes,CAESS,0.825711,2019-07-15,2019-10-15,USD
25,El Salvador,https://www.siget.gob.sv/gerencias/electricidad/tarifas-de-electricidad/tarifas-de-electricidad-ano-2019/,I.   PEQUEÑAS DEMANDAS  (0 < kW ≤ 10) BAJA TENSION Bloque 2: Consumos entre 100 kWh/mes y 199 kWh/mes,Cargo de  Energía:Cargo Variable,US$/kWh,CAESS,0.167303,2019-07-15,2019-10-15,USD
26,El Salvador,https://www.siget.gob.sv/gerencias/electricidad/tarifas-de-electricidad/tarifas-de-electricidad-ano-2019/,I.   PEQUEÑAS DEMANDAS  (0 < kW ≤ 10) BAJA TENSION Bloque 2: Consumos entre 100 kWh/mes y 199 kWh/mes,Cargo de Distribución:Cargo Variable,US$/kWh,CAESS,0.033660,2019-07-15,2019-10-15,USD
27,El Salvador,https://www.siget.gob.sv/gerencias/electricidad/tarifas-de-electricidad/tarifas-de-electricidad-ano-2019/,I.   PEQUEÑAS DEMANDAS  (0 < kW ≤ 10) BAJA TENSION Bloque 2: Consumos entre 100 kWh/mes y 199 kWh/mes,Cargo de Comercialización:Cargo Fijo,US$/Usuario-mes,DEL SUR,0.965150,2019-07-15,2019-10-15,USD
28,El Salvador,https://www.siget.gob.sv/gerencias/electricidad/tarifas-de-electricidad/tarifas-de-electricidad-ano-2019/,I.   PEQUEÑAS DEMANDAS  (0 < kW ≤ 10) BAJA TENSION Bloque 2: Consumos entre 100 kWh/mes y 199 kWh/mes,Cargo de  Energía:Cargo Variable,US$/kWh,DEL SUR,0.162068,2019-07-15,2019-10-15,USD
29,El Salvador,https://www.siget.gob.sv/gerencias/electricidad/tarifas-de-electricidad/tarifas-de-electricidad-ano-2019/,I.   PEQUEÑAS DEMANDAS  (0 < kW ≤ 10) BAJA TENSION Bloque 2: Consumos entre 100 kWh/mes y 199 kWh/mes,Cargo de Distribución:Cargo Variable,US$/kWh,DEL SUR,0.060467,2019-07-15,2019-10-15,USD
30,El Salvador,https://www.siget.gob.sv/gerencias/electricidad/tarifas-de-electricidad/tarifas-de-electricidad-ano-2019/,I.   PEQUEÑAS DEMANDAS  (0 < kW ≤ 10) BAJA TENSION Bloque 2: Consumos entre 100 kWh/mes y 199 kWh/mes,Cargo de Comercialización:Cargo Fijo,US$/Usuario-mes,CLESA,0.756658,2019-07-15,2019-10-15,USD
31,El Salvador,https://www.siget.gob.sv/gerencias/electricidad/tarifas-de-electricidad/tarifas-de-electricidad-ano-2019/,I.   PEQUEÑAS DEMANDAS  (0 < kW ≤ 10) BAJA TENSION Bloque 2: Consumos entre 100 kWh/mes y 199 kWh/mes,Cargo de  Energía:Cargo Variable,US$/kWh,CLESA,0.168331,2019-07-15,2019-10-15,USD
32,El Salvador,https://www.siget.gob.sv/gerencias/electricidad/tarifas-de-electricidad/tarifas-de-electricidad-ano-2019/,I.   PEQUEÑAS DEMANDAS  (0 < kW ≤ 10) BAJA TENSION Bloque 2: Consumos entre 100 kWh/mes y 199 kWh/mes,Cargo de Distribución:Cargo Variable,US$/kWh,CLESA,0.028208,2019-07-15,2019-10-15,USD
33,El Salvador,https://www.siget.gob.sv/gerencias/electricidad/tarifas-de-electricidad/tarifas-de-electricidad-ano-2019/,I.   PEQUEÑAS DEMANDAS  (0 < kW ≤ 10) BAJA TENSION Bloque 2: Consumos entre 100 kWh/mes y 199 kWh/mes,Cargo de Comercialización:Cargo Fijo,US$/Usuario-mes,EEO,0.879833,2019-07-15,2019-10-15,USD
34,El Salvador,https://www.siget.gob.sv/gerencias/electricidad/tarifas-de-electricidad/tarifas-de-electricidad-ano-2019/,I.   PEQUEÑAS DEMANDAS  (0 < kW ≤ 10) BAJA TENSION Bloque 2: Consumos entre 100 kWh/mes y 199 kWh/mes,Cargo de  Energía:Cargo Variable,US$/kWh,EEO,0.170510,2019-07-15,2019-10-15,USD
35,El Salvador,https://www.siget.gob.sv/gerencias/electricidad/tarifas-de-electricidad/tarifas-de-electricidad-ano-2019/,I.   PEQUEÑAS DEMANDAS  (0 < kW ≤ 10) BAJA TENSION Bloque 2: Consumos entre 100 kWh/mes y 199 kWh/mes,Cargo de Distribución:Cargo Variable,US$/kWh,EEO,0.035035,2019-07-15,2019-10-15,USD
36,El Salvador,https://www.siget.gob.sv/gerencias/electricidad/tarifas-de-electricidad/tarifas-de-electricidad-ano-2019/,I.   PEQUEÑAS DEMANDAS  (0 < kW ≤ 10) BAJA TENSION Bloque 2: Consumos entre 100 kWh/mes y 199 kWh/mes,Cargo de Comercialización:Cargo Fijo,US$/Usuario-mes,DEUSEM,0.800900,2019-07-15,2019-10-15,USD
37,El Salvador,https://www.siget.gob.sv/gerencias/electricidad/tarifas-de-electricidad/tarifas-de-electricidad-ano-2019/,I.   PEQUEÑAS DEMANDAS  (0 < kW ≤ 10) BAJA TENSION Bloque 2: Consumos entre 100 kWh/mes y 199 kWh/mes,Cargo de  Energía:Cargo Variable,US$/kWh,DEUSEM,0.173489,2019-07-15,2019-10-15,USD
38,El Salvador,https://www.siget.gob.sv/gerencias/electricidad/tarifas-de-electricidad/tarifas-de-electricidad-ano-2019/,I.   PEQUEÑAS DEMANDAS  (0 < kW ≤ 10) BAJA TENSION Bloque 2: Consumos entre 100 kWh/mes y 199 kWh/mes,Cargo de Distribución:Cargo Variable,US$/kWh,DEUSEM,0.037542,2019-07-15,2019-10-15,USD
39,El Salvador,https://www.siget.gob.sv/gerencias/electricidad/tarifas-de-electricidad/tarifas-de-electricidad-ano-2019/,I.   PEQUEÑAS DEMANDAS  (0 < kW ≤ 10) BAJA TENSION Bloque 2: Consumos entre 100 kWh/mes y 199 kWh/mes,Cargo de Comercialización:Cargo Fijo,US$/Usuario-mes,EDESAL,2.297082,2019-07-15,2019-10-15,USD
40,El Salvador,https://www.siget.gob.sv/gerencias/electricidad/tarifas-de-electricidad/tarifas-de-electricidad-ano-2019/,I.   PEQUEÑAS DEMANDAS  (0 < kW ≤ 10) BAJA TENSION Bloque 2: Consumos entre 100 kWh/mes y 199 kWh/mes,Cargo de  Energía:Cargo Variable,US$/kWh,EDESAL,0.160905,2019-07-15,2019-10-15,USD
41,El Salvador,https://www.siget.gob.sv/gerencias/electricidad/tarifas-de-electricidad/tarifas-de-electricidad-ano-2019/,I.   PEQUEÑAS DEMANDAS  (0 < kW ≤ 10) BAJA TENSION Bloque 2: Consumos entre 100 kWh/mes y 199 kWh/mes,Cargo de Distribución:Cargo Variable,US$/kWh,EDESAL,0.060252,2019-07-15,2019-10-15,USD
42,El Salvador,https://www.siget.gob.sv/gerencias/electricidad/tarifas-de-electricidad/tarifas-de-electricidad-ano-2019/,I.   PEQUEÑAS DEMANDAS  (0 < kW ≤ 10) BAJA TENSION Bloque 2: Consumos entre 100 kWh/mes y 199 kWh/mes,Cargo de Comercialización:Cargo Fijo,US$/Usuario-mes,B&D,0.835768,2019-07-15,2019-10-15,USD
43,El Salvador,https://www.siget.gob.sv/gerencias/electricidad/tarifas-de-electricidad/tarifas-de-electricidad-ano-2019/,I.   PEQUEÑAS DEMANDAS  (0 < kW ≤ 10) BAJA TENSION Bloque 2: Consumos entre 100 kWh/mes y 199 kWh/mes,Cargo de  Energía:Cargo Variable,US$/kWh,B&D,0.153663,2019-07-15,2019-10-15,USD
44,El Salvador,https://www.siget.gob.sv/gerencias/electricidad/tarifas-de-electricidad/tarifas-de-electricidad-ano-2019/,I.   PEQUEÑAS DEMANDAS  (0 < kW ≤ 10) BAJA TENSION Bloque 2: Consumos entre 100 kWh/mes y 199 kWh/mes,Cargo de Distribución:Cargo Variable,US$/kWh,B&D,0.035114,2019-07-15,2019-10-15,USD
45,El Salvador,https://www.siget.gob.sv/gerencias/electricidad/tarifas-de-electricidad/tarifas-de-electricidad-ano-2019/,I.   PEQUEÑAS DEMANDAS  (0 < kW ≤ 10) BAJA TENSION Bloque 2: Consumos entre 100 kWh/mes y 199 kWh/mes,Cargo de Comercialización:Cargo Fijo,US$/Usuario-mes,ABRUZZO,0.892129,2019-07-15,2019-10-15,USD
46,El Salvador,https://www.siget.gob.sv/gerencias/electricidad/tarifas-de-electricidad/tarifas-de-electricidad-ano-2019/,I.   PEQUEÑAS DEMANDAS  (0 < kW ≤ 10) BAJA TENSION Bloque 2: Consumos entre 100 kWh/mes y 199 kWh/mes,Cargo de  Energía:Cargo Variable,US$/kWh,ABRUZZO,0.191973,2019-07-15,2019-10-15,USD
47,El Salvador,https://www.siget.gob.sv/gerencias/electricidad/tarifas-de-electricidad/tarifas-de-electricidad-ano-2019/,I.   PEQUEÑAS DEMANDAS  (0 < kW ≤ 10) BAJA TENSION Bloque 2: Consumos entre 100 kWh/mes y 199 kWh/mes,Cargo de Distribución:Cargo Variable,US$/kWh,ABRUZZO,0.041043,2019-07-15,2019-10-15,USD
48,El Salvador,https://www.siget.gob.sv/gerencias/electricidad/tarifas-de-electricidad/tarifas-de-electricidad-ano-2019/,I.   PEQUEÑAS DEMANDAS  (0 < kW ≤ 10) BAJA TENSION Bloque 3: Consumos mayores o iguales a 200 kWh/mes,Cargo de Comercialización:Cargo Fijo,US$/Usuario-mes,CAESS,0.825711,2019-07-15,2019-10-15,USD
49,El Salvador,https://www.siget.gob.sv/gerencias/electricidad/tarifas-de-electricidad/tarifas-de-electricidad-ano-2019/,I.   PEQUEÑAS DEMANDAS  (0 < kW ≤ 10) BAJA TENSION Bloque 3: Consumos mayores o iguales a 200 kWh/mes,Cargo de  Energía:Cargo Variable,US$/kWh,CAESS,0.166522,2019-07-15,2019-10-15,USD
50,El Salvador,https://www.siget.gob.sv/gerencias/electricidad/tarifas-de-electricidad/tarifas-de-electricidad-ano-2019/,I.   PEQUEÑAS DEMANDAS  (0 < kW ≤ 10) BAJA TENSION Bloque 3: Consumos mayores o iguales a 200 kWh/mes,Cargo de Distribución:Cargo Variable,US$/kWh,CAESS,0.042589,2019-07-15,2019-10-15,USD
51,El Salvador,https://www.siget.gob.sv/gerencias/electricidad/tarifas-de-electricidad/tarifas-de-electricidad-ano-2019/,I.   PEQUEÑAS DEMANDAS  (0 < kW ≤ 10) BAJA TENSION Bloque 3: Consumos mayores o iguales a 200 kWh/mes,Cargo de Comercialización:Cargo Fijo,US$/Usuario-mes,DELSUR,0.965150,2019-07-15,2019-10-15,USD
52,El Salvador,https://www.siget.gob.sv/gerencias/electricidad/tarifas-de-electricidad/tarifas-de-electricidad-ano-2019/,I.   PEQUEÑAS DEMANDAS  (0 < kW ≤ 10) BAJA TENSION Bloque 3: Consumos mayores o iguales a 200 kWh/mes,Cargo de  Energía:Cargo Variable,US$/kWh,DELSUR,0.161479,2019-07-15,2019-10-15,USD
53,El Salvador,https://www.siget.gob.sv/gerencias/electricidad/tarifas-de-electricidad/tarifas-de-electricidad-ano-2019/,I.   PEQUEÑAS DEMANDAS  (0 < kW ≤ 10) BAJA TENSION Bloque 3: Consumos mayores o iguales a 200 kWh/mes,Cargo de Distribución:Cargo Variable,US$/kWh,DELSUR,0.070934,2019-07-15,2019-10-15,USD
54,El Salvador,https://www.siget.gob.sv/gerencias/electricidad/tarifas-de-electricidad/tarifas-de-electricidad-ano-2019/,I.   PEQUEÑAS DEMANDAS  (0 < kW ≤ 10) BAJA TENSION Bloque 3: Consumos mayores o iguales a 200 kWh/mes,Cargo de Comercialización:Cargo Fijo,US$/Usuario-mes,CLESA,0.756658,2019-07-15,2019-10-15,USD
55,El Salvador,https://www.siget.gob.sv/gerencias/electricidad/tarifas-de-electricidad/tarifas-de-electricidad-ano-2019/,I.   PEQUEÑAS DEMANDAS  (0 < kW ≤ 10) BAJA TENSION Bloque 3: Consumos mayores o iguales a 200 kWh/mes,Cargo de  Energía:Cargo Variable,US$/kWh,CLESA,0.167339,2019-07-15,2019-10-15,USD
56,El Salvador,https://www.siget.gob.sv/gerencias/electricidad/tarifas-de-electricidad/tarifas-de-electricidad-ano-2019/,I.   PEQUEÑAS DEMANDAS  (0 < kW ≤ 10) BAJA TENSION Bloque 3: Consumos mayores o iguales a 200 kWh/mes,Cargo de Distribución:Cargo Variable,US$/kWh,CLESA,0.079987,2019-07-15,2019-10-15,USD
57,El Salvador,https://www.siget.gob.sv/gerencias/electricidad/tarifas-de-electricidad/tarifas-de-electricidad-ano-2019/,I.   PEQUEÑAS DEMANDAS  (0 < kW ≤ 10) BAJA TENSION Bloque 3: Consumos mayores o iguales a 200 kWh/mes,Cargo de Comercialización:Cargo Fijo,US$/Usuario-mes,EEO,0.879833,2019-07-15,2019-10-15,USD
58,El Salvador,https://www.siget.gob.sv/gerencias/electricidad/tarifas-de-electricidad/tarifas-de-electricidad-ano-2019/,I.   PEQUEÑAS DEMANDAS  (0 < kW ≤ 10) BAJA TENSION Bloque 3: Consumos mayores o iguales a 200 kWh/mes,Cargo de  Energía:Cargo Variable,US$/kWh,EEO,0.170139,2019-07-15,2019-10-15,USD
59,El Salvador,https://www.siget.gob.sv/gerencias/electricidad/tarifas-de-electricidad/tarifas-de-electricidad-ano-2019/,I.   PEQUEÑAS DEMANDAS  (0 < kW ≤ 10) BAJA TENSION Bloque 3: Consumos mayores o iguales a 200 kWh/mes,Cargo de Distribución:Cargo Variable,US$/kWh,EEO,0.075449,2019-07-15,2019-10-15,USD
60,El Salvador,https://www.siget.gob.sv/gerencias/electricidad/tarifas-de-electricidad/tarifas-de-electricidad-ano-2019/,I.   PEQUEÑAS DEMANDAS  (0 < kW ≤ 10) BAJA TENSION Bloque 3: Consumos mayores o iguales a 200 kWh/mes,Cargo de Comercialización:Cargo Fijo,US$/Usuario-mes,DEUSEM,0.800900,2019-07-15,2019-10-15,USD
61,El Salvador,https://www.siget.gob.sv/gerencias/electricidad/tarifas-de-electricidad/tarifas-de-electricidad-ano-2019/,I.   PEQUEÑAS DEMANDAS  (0 < kW ≤ 10) BAJA TENSION Bloque 3: Consumos mayores o iguales a 200 kWh/mes,Cargo de  Energía:Cargo Variable,US$/kWh,DEUSEM,0.172831,2019-07-15,2019-10-15,USD
62,El Salvador,https://www.siget.gob.sv/gerencias/electricidad/tarifas-de-electricidad/tarifas-de-electricidad-ano-2019/,I.   PEQUEÑAS DEMANDAS  (0 < kW ≤ 10) BAJA TENSION Bloque 3: Consumos mayores o iguales a 200 kWh/mes,Cargo de Distribución:Cargo Variable,US$/kWh,DEUSEM,0.081026,2019-07-15,2019-10-15,USD
63,El Salvador,https://www.siget.gob.sv/gerencias/electricidad/tarifas-de-electricidad/tarifas-de-electricidad-ano-2019/,I.   PEQUEÑAS DEMANDAS  (0 < kW ≤ 10) BAJA TENSION Bloque 3: Consumos mayores o iguales a 200 kWh/mes,Cargo de Comercialización:Cargo Fijo,US$/Usuario-mes,EDESAL,2.297082,2019-07-15,2019-10-15,USD
64,El Salvador,https://www.siget.gob.sv/gerencias/electricidad/tarifas-de-electricidad/tarifas-de-electricidad-ano-2019/,I.   PEQUEÑAS DEMANDAS  (0 < kW ≤ 10) BAJA TENSION Bloque 3: Consumos mayores o iguales a 200 kWh/mes,Cargo de  Energía:Cargo Variable,US$/kWh,EDESAL,0.160411,2019-07-15,2019-10-15,USD
65,El Salvador,https://www.siget.gob.sv/gerencias/electricidad/tarifas-de-electricidad/tarifas-de-electricidad-ano-2019/,I.   PEQUEÑAS DEMANDAS  (0 < kW ≤ 10) BAJA TENSION Bloque 3: Consumos mayores o iguales a 200 kWh/mes,Cargo de Distribución:Cargo Variable,US$/kWh,EDESAL,0.064904,2019-07-15,2019-10-15,USD
66,El Salvador,https://www.siget.gob.sv/gerencias/electricidad/tarifas-de-electricidad/tarifas-de-electricidad-ano-2019/,I.   PEQUEÑAS DEMANDAS  (0 < kW ≤ 10) BAJA TENSION Bloque 3: Consumos mayores o iguales a 200 kWh/mes,Cargo de Comercialización:Cargo Fijo,US$/Usuario-mes,B&D,0.835768,2019-07-15,2019-10-15,USD
67,El Salvador,https://www.siget.gob.sv/gerencias/electricidad/tarifas-de-electricidad/tarifas-de-electricidad-ano-2019/,I.   PEQUEÑAS DEMANDAS  (0 < kW ≤ 10) BAJA TENSION Bloque 3: Consumos mayores o iguales a 200 kWh/mes,Cargo de  Energía:Cargo Variable,US$/kWh,B&D,0.153663,2019-07-15,2019-10-15,USD
68,El Salvador,https://www.siget.gob.sv/gerencias/electricidad/tarifas-de-electricidad/tarifas-de-electricidad-ano-2019/,I.   PEQUEÑAS DEMANDAS  (0 < kW ≤ 10) BAJA TENSION Bloque 3: Consumos mayores o iguales a 200 kWh/mes,Cargo de Distribución:Cargo Variable,US$/kWh,B&D,0.037076,2019-07-15,2019-10-15,USD
69,El Salvador,https://www.siget.gob.sv/gerencias/electricidad/tarifas-de-electricidad/tarifas-de-electricidad-ano-2019/,I.   PEQUEÑAS DEMANDAS  (0 < kW ≤ 10) BAJA TENSION Bloque 3: Consumos mayores o iguales a 200 kWh/mes,Cargo de Comercialización:Cargo Fijo,US$/Usuario-mes,ABRUZZO,0.892129,2019-07-15,2019-10-15,USD
70,El Salvador,https://www.siget.gob.sv/gerencias/electricidad/tarifas-de-electricidad/tarifas-de-electricidad-ano-2019/,I.   PEQUEÑAS DEMANDAS  (0 < kW ≤ 10) BAJA TENSION Bloque 3: Consumos mayores o iguales a 200 kWh/mes,Cargo de  Energía:Cargo Variable,US$/kWh,ABRUZZO,0.191931,2019-07-15,2019-10-15,USD
71,El Salvador,https://www.siget.gob.sv/gerencias/electricidad/tarifas-de-electricidad/tarifas-de-electricidad-ano-2019/,I.   PEQUEÑAS DEMANDAS  (0 < kW ≤ 10) BAJA TENSION Bloque 3: Consumos mayores o iguales a 200 kWh/mes,Cargo de Distribución:Cargo Variable,US$/kWh,ABRUZZO,0.042727,2019-07-15,2019-10-15,USD
72,El Salvador,https://www.siget.gob.sv/gerencias/electricidad/tarifas-de-electricidad/tarifas-de-electricidad-ano-2019/,I.   PEQUEÑAS DEMANDAS  (0 < kW ≤ 10) BAJA TENSION Uso General,Cargo de Comercialización:Cargo Fijo,US$/Usuario-mes,CAESS,0.825711,2019-07-15,2019-10-15,USD
73,El Salvador,https://www.siget.gob.sv/gerencias/electricidad/tarifas-de-electricidad/tarifas-de-electricidad-ano-2019/,I.   PEQUEÑAS DEMANDAS  (0 < kW ≤ 10) BAJA TENSION Uso General,Cargo de  Energía:Cargo Variable,US$/kWh,CAESS,0.166301,2019-07-15,2019-10-15,USD
74,El Salvador,https://www.siget.gob.sv/gerencias/electricidad/tarifas-de-electricidad/tarifas-de-electricidad-ano-2019/,I.   PEQUEÑAS DEMANDAS  (0 < kW ≤ 10) BAJA TENSION Uso General,Cargo de Distribución:Cargo Variable,US$/kWh,CAESS,0.034373,2019-07-15,2019-10-15,USD
75,El Salvador,https://www.siget.gob.sv/gerencias/electricidad/tarifas-de-electricidad/tarifas-de-electricidad-ano-2019/,I.   PEQUEÑAS DEMANDAS  (0 < kW ≤ 10) BAJA TENSION Uso General,Cargo de Comercialización:Cargo Fijo,US$/Usuario-mes,DELSUR,0.965150,2019-07-15,2019-10-15,USD
76,El Salvador,https://www.siget.gob.sv/gerencias/electricidad/tarifas-de-electricidad/tarifas-de-electricidad-ano-2019/,I.   PEQUEÑAS DEMANDAS  (0 < kW ≤ 10) BAJA TENSION Uso General,Cargo de  Energía:Cargo Variable,US$/kWh,DELSUR,0.160934,2019-07-15,2019-10-15,USD
77,El Salvador,https://www.siget.gob.sv/gerencias/electricidad/tarifas-de-electricidad/tarifas-de-electricidad-ano-2019/,I.   PEQUEÑAS DEMANDAS  (0 < kW ≤ 10) BAJA TENSION Uso General,Cargo de Distribución:Cargo Variable,US$/kWh,DELSUR,0.042019,2019-07-15,2019-10-15,USD
78,El Salvador,https://www.siget.gob.sv/gerencias/electricidad/tarifas-de-electricidad/tarifas-de-electricidad-ano-2019/,I.   PEQUEÑAS DEMANDAS  (0 < kW ≤ 10) BAJA TENSION Uso General,Cargo de Comercialización:Cargo Fijo,US$/Usuario-mes,CLESA,0.756658,2019-07-15,2019-10-15,USD
79,El Salvador,https://www.siget.gob.sv/gerencias/electricidad/tarifas-de-electricidad/tarifas-de-electricidad-ano-2019/,I.   PEQUEÑAS DEMANDAS  (0 < kW ≤ 10) BAJA TENSION Uso General,Cargo de  Energía:Cargo Variable,US$/kWh,CLESA,0.164948,2019-07-15,2019-10-15,USD
80,El Salvador,https://www.siget.gob.sv/gerencias/electricidad/tarifas-de-electricidad/tarifas-de-electricidad-ano-2019/,I.   PEQUEÑAS DEMANDAS  (0 < kW ≤ 10) BAJA TENSION Uso General,Cargo de Distribución:Cargo Variable,US$/kWh,CLESA,0.040036,2019-07-15,2019-10-15,USD
81,El Salvador,https://www.siget.gob.sv/gerencias/electricidad/tarifas-de-electricidad/tarifas-de-electricidad-ano-2019/,I.   PEQUEÑAS DEMANDAS  (0 < kW ≤ 10) BAJA TENSION Uso General,Cargo de Comercialización:Cargo Fijo,US$/Usuario-mes,EEO,0.879833,2019-07-15,2019-10-15,USD
82,El Salvador,https://www.siget.gob.sv/gerencias/electricidad/tarifas-de-electricidad/tarifas-de-electricidad-ano-2019/,I.   PEQUEÑAS DEMANDAS  (0 < kW ≤ 10) BAJA TENSION Uso General,Cargo de  Energía:Cargo Variable,US$/kWh,EEO,0.163876,2019-07-15,2019-10-15,USD
83,El Salvador,https://www.siget.gob.sv/gerencias/electricidad/tarifas-de-electricidad/tarifas-de-electricidad-ano-2019/,I.   PEQUEÑAS DEMANDAS  (0 < kW ≤ 10) BAJA TENSION Uso General,Cargo de Distribución:Cargo Variable,US$/kWh,EEO,0.059162,2019-07-15,2019-10-15,USD
84,El Salvador,https://www.siget.gob.sv/gerencias/electricidad/tarifas-de-electricidad/tarifas-de-electricidad-ano-2019/,I.   PEQUEÑAS DEMANDAS  (0 < kW ≤ 10) BAJA TENSION Uso General,Cargo de Comercialización:Cargo Fijo,US$/Usuario-mes,DEUSEM,0.800900,2019-07-15,2019-10-15,USD
85,El Salvador,https://www.siget.gob.sv/gerencias/electricidad/tarifas-de-electricidad/tarifas-de-electricidad-ano-2019/,I.   PEQUEÑAS DEMANDAS  (0 < kW ≤ 10) BAJA TENSION Uso General,Cargo de  Energía:Cargo Variable,US$/kWh,DEUSEM,0.165350,2019-07-15,2019-10-15,USD
86,El Salvador,https://www.siget.gob.sv/gerencias/electricidad/tarifas-de-electricidad/tarifas-de-electricidad-ano-2019/,I.   PEQUEÑAS DEMANDAS  (0 < kW ≤ 10) BAJA TENSION Uso General,Cargo de Distribución:Cargo Variable,US$/kWh,DEUSEM,0.062187,2019-07-15,2019-10-15,USD
87,El Salvador,https://www.siget.gob.sv/gerencias/electricidad/tarifas-de-electricidad/tarifas-de-electricidad-ano-2019/,I.   PEQUEÑAS DEMANDAS  (0 < kW ≤ 10) BAJA TENSION Uso General,Cargo de Comercialización:Cargo Fijo,US$/Usuario-mes,EDESAL,2.297082,2019-07-15,2019-10-15,USD
88,El Salvador,https://www.siget.gob.sv/gerencias/electricidad/tarifas-de-electricidad/tarifas-de-electricidad-ano-2019/,I.   PEQUEÑAS DEMANDAS  (0 < kW ≤ 10) BAJA TENSION Uso General,Cargo de  Energía:Cargo Variable,US$/kWh,EDESAL,0.159869,2019-07-15,2019-10-15,USD
89,El Salvador,https://www.siget.gob.sv/gerencias/electricidad/tarifas-de-electricidad/tarifas-de-electricidad-ano-2019/,I.   PEQUEÑAS DEMANDAS  (0 < kW ≤ 10) BAJA TENSION Uso General,Cargo de Distribución:Cargo Variable,US$/kWh,EDESAL,0.061422,2019-07-15,2019-10-15,USD
90,El Salvador,https://www.siget.gob.sv/gerencias/electricidad/tarifas-de-electricidad/tarifas-de-electricidad-ano-2019/,I.   PEQUEÑAS DEMANDAS  (0 < kW ≤ 10) BAJA TENSION Uso General,Cargo de Comercialización:Cargo Fijo,US$/Usuario-mes,B&D,0.835768,2019-07-15,2019-10-15,USD
91,El Salvador,https://www.siget.gob.sv/gerencias/electricidad/tarifas-de-electricidad/tarifas-de-electricidad-ano-2019/,I.   PEQUEÑAS DEMANDAS  (0 < kW ≤ 10) BAJA TENSION Uso General,Cargo de  Energía:Cargo Variable,US$/kWh,B&D,0.150582,2019-07-15,2019-10-15,USD
92,El Salvador,https://www.siget.gob.sv/gerencias/electricidad/tarifas-de-electricidad/tarifas-de-electricidad-ano-2019/,I.   PEQUEÑAS DEMANDAS  (0 < kW ≤ 10) BAJA TENSION Uso General,Cargo de Distribución:Cargo Variable,US$/kWh,B&D,0.036641,2019-07-15,2019-10-15,USD
93,El Salvador,https://www.siget.gob.sv/gerencias/electricidad/tarifas-de-electricidad/tarifas-de-electricidad-ano-2019/,I.   PEQUEÑAS DEMANDAS  (0 < kW ≤ 10) BAJA TENSION Uso General,Cargo de Comercialización:Cargo Fijo,US$/Usuario-mes,ABRUZZO,0.892129,2019-07-15,2019-10-15,USD
94,El Salvador,https://www.siget.gob.sv/gerencias/electricidad/tarifas-de-electricidad/tarifas-de-electricidad-ano-2019/,I.   PEQUEÑAS DEMANDAS  (0 < kW ≤ 10) BAJA TENSION Uso General,Cargo de  Energía:Cargo Variable,US$/kWh,ABRUZZO,0.191721,2019-07-15,2019-10-15,USD
95,El Salvador,https://www.siget.gob.sv/gerencias/electricidad/tarifas-de-electricidad/tarifas-de-electricidad-ano-2019/,I.   PEQUEÑAS DEMANDAS  (0 < kW ≤ 10) BAJA TENSION Uso General,Cargo de Distribución:Cargo Variable,US$/kWh,ABRUZZO,0.033802,2019-07-15,2019-10-15,USD
96,El Salvador,https://www.siget.gob.sv/gerencias/electricidad/tarifas-de-electricidad/tarifas-de-electricidad-ano-2019/,I.   PEQUEÑAS DEMANDAS  (0 < kW ≤ 10) BAJA TENSION Alumbrado Público,Cargo de Comercialización:Cargo Fijo,US$/Usuario-mes,CAESS,0.825711,2019-07-15,2019-10-15,USD
97,El Salvador,https://www.siget.gob.sv/gerencias/electricidad/tarifas-de-electricidad/tarifas-de-electricidad-ano-2019/,I.   PEQUEÑAS DEMANDAS  (0 < kW ≤ 10) BAJA TENSION Alumbrado Público,Cargo de  Energía:Cargo Variable,US$/kWh,CAESS,0.143132,2019-07-15,2019-10-15,USD
98,El Salvador,https://www.siget.gob.sv/gerencias/electricidad/tarifas-de-electricidad/tarifas-de-electricidad-ano-2019/,I.   PEQUEÑAS DEMANDAS  (0 < kW ≤ 10) BAJA TENSION Alumbrado Público,Cargo de Distribución:Cargo Variable,US$/kWh,CAESS,0.035827,2019-07-15,2019-10-15,USD
99,El Salvador,https://www.siget.gob.sv/gerencias/electricidad/tarifas-de-electricidad/tarifas-de-electricidad-ano-2019/,I.   PEQUEÑAS DEMANDAS  (0 < kW ≤ 10) BAJA TENSION Alumbrado Público,Cargo de Comercialización:Cargo Fijo,US$/Usuario-mes,DELSUR,0.965150,2019-07-15,2019-10-15,USD
100,El Salvador,https://www.siget.gob.sv/gerencias/electricidad/tarifas-de-electricidad/tarifas-de-electricidad-ano-2019/,I.   PEQUEÑAS DEMANDAS  (0 < kW ≤ 10) BAJA TENSION Alumbrado Público,Cargo de  Energía:Cargo Variable,US$/kWh,DELSUR,0.134990,2019-07-15,2019-10-15,USD
101,El Salvador,https://www.siget.gob.sv/gerencias/electricidad/tarifas-de-electricidad/tarifas-de-electricidad-ano-2019/,I.   PEQUEÑAS DEMANDAS  (0 < kW ≤ 10) BAJA TENSION Alumbrado Público,Cargo de Distribución:Cargo Variable,US$/kWh,DELSUR,0.051427,2019-07-15,2019-10-15,USD
102,El Salvador,https://www.siget.gob.sv/gerencias/electricidad/tarifas-de-electricidad/tarifas-de-electricidad-ano-2019/,I.   PEQUEÑAS DEMANDAS  (0 < kW ≤ 10) BAJA TENSION Alumbrado Público,Cargo de Comercialización:Cargo Fijo,US$/Usuario-mes,CLESA,0.756658,2019-07-15,2019-10-15,USD
103,El Salvador,https://www.siget.gob.sv/gerencias/electricidad/tarifas-de-electricidad/tarifas-de-electricidad-ano-2019/,I.   PEQUEÑAS DEMANDAS  (0 < kW ≤ 10) BAJA TENSION Alumbrado Público,Cargo de  Energía:Cargo Variable,US$/kWh,CLESA,0.139712,2019-07-15,2019-10-15,USD
104,El Salvador,https://www.siget.gob.sv/gerencias/electricidad/tarifas-de-electricidad/tarifas-de-electricidad-ano-2019/,I.   PEQUEÑAS DEMANDAS  (0 < kW ≤ 10) BAJA TENSION Alumbrado Público,Cargo de Distribución:Cargo Variable,US$/kWh,CLESA,0.064312,2019-07-15,2019-10-15,USD
105,El Salvador,https://www.siget.gob.sv/gerencias/electricidad/tarifas-de-electricidad/tarifas-de-electricidad-ano-2019/,I.   PEQUEÑAS DEMANDAS  (0 < kW ≤ 10) BAJA TENSION Alumbrado Público,Cargo de Comercialización:Cargo Fijo,US$/Usuario-mes,EEO,0.879833,2019-07-15,2019-10-15,USD
106,El Salvador,https://www.siget.gob.sv/gerencias/electricidad/tarifas-de-electricidad/tarifas-de-electricidad-ano-2019/,I.   PEQUEÑAS DEMANDAS  (0 < kW ≤ 10) BAJA TENSION Alumbrado Público,Cargo de  Energía:Cargo Variable,US$/kWh,EEO,0.141578,2019-07-15,2019-10-15,USD
107,El Salvador,https://www.siget.gob.sv/gerencias/electricidad/tarifas-de-electricidad/tarifas-de-electricidad-ano-2019/,I.   PEQUEÑAS DEMANDAS  (0 < kW ≤ 10) BAJA TENSION Alumbrado Público,Cargo de Distribución:Cargo Variable,US$/kWh,EEO,0.066742,2019-07-15,2019-10-15,USD
108,El Salvador,https://www.siget.gob.sv/gerencias/electricidad/tarifas-de-electricidad/tarifas-de-electricidad-ano-2019/,I.   PEQUEÑAS DEMANDAS  (0 < kW ≤ 10) BAJA TENSION Alumbrado Público,Cargo de Comercialización:Cargo Fijo,US$/Usuario-mes,DEUSEM,0.800900,2019-07-15,2019-10-15,USD
109,El Salvador,https://www.siget.gob.sv/gerencias/electricidad/tarifas-de-electricidad/tarifas-de-electricidad-ano-2019/,I.   PEQUEÑAS DEMANDAS  (0 < kW ≤ 10) BAJA TENSION Alumbrado Público,Cargo de  Energía:Cargo Variable,US$/kWh,DEUSEM,0.140825,2019-07-15,2019-10-15,USD
110,El Salvador,https://www.siget.gob.sv/gerencias/electricidad/tarifas-de-electricidad/tarifas-de-electricidad-ano-2019/,I.   PEQUEÑAS DEMANDAS  (0 < kW ≤ 10) BAJA TENSION Alumbrado Público,Cargo de Distribución:Cargo Variable,US$/kWh,DEUSEM,0.070340,2019-07-15,2019-10-15,USD
111,El Salvador,https://www.siget.gob.sv/gerencias/electricidad/tarifas-de-electricidad/tarifas-de-electricidad-ano-2019/,I.   PEQUEÑAS DEMANDAS  (0 < kW ≤ 10) BAJA TENSION Alumbrado Público,Cargo de Comercialización:Cargo Fijo,US$/Usuario-mes,EDESAL,2.297082,2019-07-15,2019-10-15,USD
112,El Salvador,https://www.siget.gob.sv/gerencias/electricidad/tarifas-de-electricidad/tarifas-de-electricidad-ano-2019/,I.   PEQUEÑAS DEMANDAS  (0 < kW ≤ 10) BAJA TENSION Alumbrado Público,Cargo de  Energía:Cargo Variable,US$/kWh,EDESAL,0.151406,2019-07-15,2019-10-15,USD
113,El Salvador,https://www.siget.gob.sv/gerencias/electricidad/tarifas-de-electricidad/tarifas-de-electricidad-ano-2019/,I.   PEQUEÑAS DEMANDAS  (0 < kW ≤ 10) BAJA TENSION Alumbrado Público,Cargo de Distribución:Cargo Variable,US$/kWh,EDESAL,0.060040,2019-07-15,2019-10-15,USD
114,El Salvador,https://www.siget.gob.sv/gerencias/electricidad/tarifas-de-electricidad/tarifas-de-electricidad-ano-2019/,I.   PEQUEÑAS DEMANDAS  (0 < kW ≤ 10) BAJA TENSION Alumbrado Público,Cargo de Comercialización:Cargo Fijo,US$/Usuario-mes,B&D,0.835768,2019-07-15,2019-10-15,USD
115,El Salvador,https://www.siget.gob.sv/gerencias/electricidad/tarifas-de-electricidad/tarifas-de-electricidad-ano-2019/,I.   PEQUEÑAS DEMANDAS  (0 < kW ≤ 10) BAJA TENSION Alumbrado Público,Cargo de  Energía:Cargo Variable,US$/kWh,B&D,0.153914,2019-07-15,2019-10-15,USD
116,El Salvador,https://www.siget.gob.sv/gerencias/electricidad/tarifas-de-electricidad/tarifas-de-electricidad-ano-2019/,I.   PEQUEÑAS DEMANDAS  (0 < kW ≤ 10) BAJA TENSION Alumbrado Público,Cargo de Distribución:Cargo Variable,US$/kWh,B&D,0.043442,2019-07-15,2019-10-15,USD
117,El Salvador,https://www.siget.gob.sv/gerencias/electricidad/tarifas-de-electricidad/tarifas-de-electricidad-ano-2019/,I.   PEQUEÑAS DEMANDAS  (0 < kW ≤ 10) BAJA TENSION Alumbrado Público,Cargo de Comercialización:Cargo Fijo,US$/Usuario-mes,ABRUZZO,0.892129,2019-07-15,2019-10-15,USD
118,El Salvador,https://www.siget.gob.sv/gerencias/electricidad/tarifas-de-electricidad/tarifas-de-electricidad-ano-2019/,I.   PEQUEÑAS DEMANDAS  (0 < kW ≤ 10) BAJA TENSION Alumbrado Público,Cargo de  Energía:Cargo Variable,US$/kWh,ABRUZZO,0.193197,2019-07-15,2019-10-15,USD
119,El Salvador,https://www.siget.gob.sv/gerencias/electricidad/tarifas-de-electricidad/tarifas-de-electricidad-ano-2019/,I.   PEQUEÑAS DEMANDAS  (0 < kW ≤ 10) BAJA TENSION Alumbrado Público,Cargo de Distribución:Cargo Variable,US$/kWh,ABRUZZO,0.033822,2019-07-15,2019-10-15,USD
120,El Salvador,https://www.siget.gob.sv/gerencias/electricidad/tarifas-de-electricidad/tarifas-de-electricidad-ano-2019/,II.   MEDIANA DEMANDA  (10 < kW ≤ 50) BAJA TENSION CON MEDICIÓN DE POTENCIA,Cargo de Comercialización:Cargo Fijo,US$/Usuario-mes,CAESS,0.825711,2019-07-15,2019-10-15,USD
121,El Salvador,https://www.siget.gob.sv/gerencias/electricidad/tarifas-de-electricidad/tarifas-de-electricidad-ano-2019/,II.   MEDIANA DEMANDA  (10 < kW ≤ 50) BAJA TENSION CON MEDICIÓN DE POTENCIA,Cargo de  Energía:Cargo Variable,US$/kWh,CAESS,0.165840,2019-07-15,2019-10-15,USD
122,El Salvador,https://www.siget.gob.sv/gerencias/electricidad/tarifas-de-electricidad/tarifas-de-electricidad-ano-2019/,II.   MEDIANA DEMANDA  (10 < kW ≤ 50) BAJA TENSION CON MEDICIÓN DE POTENCIA,Cargo de Distribución:Potencia,US$/kW-mes,CAESS,14.145428,2019-07-15,2019-10-15,USD
123,El Salvador,https://www.siget.gob.sv/gerencias/electricidad/tarifas-de-electricidad/tarifas-de-electricidad-ano-2019/,II.   MEDIANA DEMANDA  (10 < kW ≤ 50) BAJA TENSION CON MEDICIÓN DE POTENCIA,Cargo de Comercialización:Cargo Fijo,US$/Usuario-mes,DEL SUR,0.965150,2019-07-15,2019-10-15,USD
124,El Salvador,https://www.siget.gob.sv/gerencias/electricidad/tarifas-de-electricidad/tarifas-de-electricidad-ano-2019/,II.   MEDIANA DEMANDA  (10 < kW ≤ 50) BAJA TENSION CON MEDICIÓN DE POTENCIA,Cargo de  Energía:Cargo Variable,US$/kWh,DEL SUR,0.160530,2019-07-15,2019-10-15,USD
125,El Salvador,https://www.siget.gob.sv/gerencias/electricidad/tarifas-de-electricidad/tarifas-de-electricidad-ano-2019/,II.   MEDIANA DEMANDA  (10 < kW ≤ 50) BAJA TENSION CON MEDICIÓN DE POTENCIA,Cargo de Distribución:Potencia,US$/kW-mes,DEL SUR,21.697275,2019-07-15,2019-10-15,USD
126,El Salvador,https://www.siget.gob.sv/gerencias/electricidad/tarifas-de-electricidad/tarifas-de-electricidad-ano-2019/,II.   MEDIANA DEMANDA  (10 < kW ≤ 50) BAJA TENSION CON MEDICIÓN DE POTENCIA,Cargo de Comercialización:Cargo Fijo,US$/Usuario-mes,CLESA,0.756658,2019-07-15,2019-10-15,USD
127,El Salvador,https://www.siget.gob.sv/gerencias/electricidad/tarifas-de-electricidad/tarifas-de-electricidad-ano-2019/,II.   MEDIANA DEMANDA  (10 < kW ≤ 50) BAJA TENSION CON MEDICIÓN DE POTENCIA,Cargo de  Energía:Cargo Variable,US$/kWh,CLESA,0.163642,2019-07-15,2019-10-15,USD
128,El Salvador,https://www.siget.gob.sv/gerencias/electricidad/tarifas-de-electricidad/tarifas-de-electricidad-ano-2019/,II.   MEDIANA DEMANDA  (10 < kW ≤ 50) BAJA TENSION CON MEDICIÓN DE POTENCIA,Cargo de Distribución:Potencia,US$/kW-mes,CLESA,22.557676,2019-07-15,2019-10-15,USD
129,El Salvador,https://www.siget.gob.sv/gerencias/electricidad/tarifas-de-electricidad/tarifas-de-electricidad-ano-2019/,II.   MEDIANA DEMANDA  (10 < kW ≤ 50) BAJA TENSION CON MEDICIÓN DE POTENCIA,Cargo de Comercialización:Cargo Fijo,US$/Usuario-mes,EEO,0.879833,2019-07-15,2019-10-15,USD
130,El Salvador,https://www.siget.gob.sv/gerencias/electricidad/tarifas-de-electricidad/tarifas-de-electricidad-ano-2019/,II.   MEDIANA DEMANDA  (10 < kW ≤ 50) BAJA TENSION CON MEDICIÓN DE POTENCIA,Cargo de  Energía:Cargo Variable,US$/kWh,EEO,0.161149,2019-07-15,2019-10-15,USD
131,El Salvador,https://www.siget.gob.sv/gerencias/electricidad/tarifas-de-electricidad/tarifas-de-electricidad-ano-2019/,II.   MEDIANA DEMANDA  (10 < kW ≤ 50) BAJA TENSION CON MEDICIÓN DE POTENCIA,Cargo de Distribución:Potencia,US$/kW-mes,EEO,27.129406,2019-07-15,2019-10-15,USD
132,El Salvador,https://www.siget.gob.sv/gerencias/electricidad/tarifas-de-electricidad/tarifas-de-electricidad-ano-2019/,II.   MEDIANA DEMANDA  (10 < kW ≤ 50) BAJA TENSION CON MEDICIÓN DE POTENCIA,Cargo de Comercialización:Cargo Fijo,US$/Usuario-mes,DEUSEM,0.800900,2019-07-15,2019-10-15,USD
133,El Salvador,https://www.siget.gob.sv/gerencias/electricidad/tarifas-de-electricidad/tarifas-de-electricidad-ano-2019/,II.   MEDIANA DEMANDA  (10 < kW ≤ 50) BAJA TENSION CON MEDICIÓN DE POTENCIA,Cargo de  Energía:Cargo Variable,US$/kWh,DEUSEM,0.161575,2019-07-15,2019-10-15,USD
134,El Salvador,https://www.siget.gob.sv/gerencias/electricidad/tarifas-de-electricidad/tarifas-de-electricidad-ano-2019/,II.   MEDIANA DEMANDA  (10 < kW ≤ 50) BAJA TENSION CON MEDICIÓN DE POTENCIA,Cargo de Distribución:Potencia,US$/kW-mes,DEUSEM,28.581171,2019-07-15,2019-10-15,USD
135,El Salvador,https://www.siget.gob.sv/gerencias/electricidad/tarifas-de-electricidad/tarifas-de-electricidad-ano-2019/,II.   MEDIANA DEMANDA  (10 < kW ≤ 50) BAJA TENSION CON MEDICIÓN DE POTENCIA,Cargo de Comercialización:Cargo Fijo,US$/Usuario-mes,EDESAL,2.297082,2019-07-15,2019-10-15,USD
136,El Salvador,https://www.siget.gob.sv/gerencias/electricidad/tarifas-de-electricidad/tarifas-de-electricidad-ano-2019/,II.   MEDIANA DEMANDA  (10 < kW ≤ 50) BAJA TENSION CON MEDICIÓN DE POTENCIA,Cargo de  Energía:Cargo Variable,US$/kWh,EDESAL,0.157776,2019-07-15,2019-10-15,USD
137,El Salvador,https://www.siget.gob.sv/gerencias/electricidad/tarifas-de-electricidad/tarifas-de-electricidad-ano-2019/,II.   MEDIANA DEMANDA  (10 < kW ≤ 50) BAJA TENSION CON MEDICIÓN DE POTENCIA,Cargo de Distribución:Potencia,US$/kW-mes,EDESAL,30.436949,2019-07-15,2019-10-15,USD
138,El Salvador,https://www.siget.gob.sv/gerencias/electricidad/tarifas-de-electricidad/tarifas-de-electricidad-ano-2019/,II.   MEDIANA DEMANDA  (10 < kW ≤ 50) BAJA TENSION CON MEDICIÓN DE POTENCIA,Cargo de Comercialización:Cargo Fijo,US$/Usuario-mes,B&D,0.835768,2019-07-15,2019-10-15,USD
139,El Salvador,https://www.siget.gob.sv/gerencias/electricidad/tarifas-de-electricidad/tarifas-de-electricidad-ano-2019/,II.   MEDIANA DEMANDA  (10 < kW ≤ 50) BAJA TENSION CON MEDICIÓN DE POTENCIA,Cargo de  Energía:Cargo Variable,US$/kWh,B&D,0.151916,2019-07-15,2019-10-15,USD
140,El Salvador,https://www.siget.gob.sv/gerencias/electricidad/tarifas-de-electricidad/tarifas-de-electricidad-ano-2019/,II.   MEDIANA DEMANDA  (10 < kW ≤ 50) BAJA TENSION CON MEDICIÓN DE POTENCIA,Cargo de Distribución:Potencia,US$/kW-mes,B&D,17.049774,2019-07-15,2019-10-15,USD
141,El Salvador,https://www.siget.gob.sv/gerencias/electricidad/tarifas-de-electricidad/tarifas-de-electricidad-ano-2019/,II.   MEDIANA DEMANDA  (10 < kW ≤ 50) BAJA TENSION CON MEDICIÓN DE POTENCIA,Cargo de Comercialización:Cargo Fijo,US$/Usuario-mes,ABRUZZO,0.892129,2019-07-15,2019-10-15,USD
142,El Salvador,https://www.siget.gob.sv/gerencias/electricidad/tarifas-de-electricidad/tarifas-de-electricidad-ano-2019/,II.   MEDIANA DEMANDA  (10 < kW ≤ 50) BAJA TENSION CON MEDICIÓN DE POTENCIA,Cargo de  Energía:Cargo Variable,US$/kWh,ABRUZZO,0.191601,2019-07-15,2019-10-15,USD
143,El Salvador,https://www.siget.gob.sv/gerencias/electricidad/tarifas-de-electricidad/tarifas-de-electricidad-ano-2019/,II.   MEDIANA DEMANDA  (10 < kW ≤ 50) BAJA TENSION CON MEDICIÓN DE POTENCIA,Cargo de Distribución:Potencia,US$/kW-mes,ABRUZZO,19.993942,2019-07-15,2019-10-15,USD
144,El Salvador,https://www.siget.gob.sv/gerencias/electricidad/tarifas-de-electricidad/tarifas-de-electricidad-ano-2019/,II.   MEDIANA DEMANDA  (10 < kW ≤ 50) MEDIA TENSION CON MEDICIÓN DE POTENCIA,Cargo de Comercialización:Cargo Fijo,US$/Usuario-mes,CAESS,0.825711,2019-07-15,2019-10-15,USD
145,El Salvador,https://www.siget.gob.sv/gerencias/electricidad/tarifas-de-electricidad/tarifas-de-electricidad-ano-2019/,II.   MEDIANA DEMANDA  (10 < kW ≤ 50) MEDIA TENSION CON MEDICIÓN DE POTENCIA,Cargo de  Energía:Cargo Variable,US$/kWh,CAESS,0.153813,2019-07-15,2019-10-15,USD
146,El Salvador,https://www.siget.gob.sv/gerencias/electricidad/tarifas-de-electricidad/tarifas-de-electricidad-ano-2019/,II.   MEDIANA DEMANDA  (10 < kW ≤ 50) MEDIA TENSION CON MEDICIÓN DE POTENCIA,Cargo de Distribución:Potencia,US$/kW-mes,CAESS,6.913013,2019-07-15,2019-10-15,USD
147,El Salvador,https://www.siget.gob.sv/gerencias/electricidad/tarifas-de-electricidad/tarifas-de-electricidad-ano-2019/,II.   MEDIANA DEMANDA  (10 < kW ≤ 50) MEDIA TENSION CON MEDICIÓN DE POTENCIA,Cargo de Comercialización:Cargo Fijo,US$/Usuario-mes,DEL SUR,0.965150,2019-07-15,2019-10-15,USD
148,El Salvador,https://www.siget.gob.sv/gerencias/electricidad/tarifas-de-electricidad/tarifas-de-electricidad-ano-2019/,II.   MEDIANA DEMANDA  (10 < kW ≤ 50) MEDIA TENSION CON MEDICIÓN DE POTENCIA,Cargo de  Energía:Cargo Variable,US$/kWh,DEL SUR,0.146842,2019-07-15,2019-10-15,USD
149,El Salvador,https://www.siget.gob.sv/gerencias/electricidad/tarifas-de-electricidad/tarifas-de-electricidad-ano-2019/,II.   MEDIANA DEMANDA  (10 < kW ≤ 50) MEDIA TENSION CON MEDICIÓN DE POTENCIA,Cargo de Distribución:Potencia,US$/kW-mes,DEL SUR,6.821509,2019-07-15,2019-10-15,USD
150,El Salvador,https://www.siget.gob.sv/gerencias/electricidad/tarifas-de-electricidad/tarifas-de-electricidad-ano-2019/,II.   MEDIANA DEMANDA  (10 < kW ≤ 50) MEDIA TENSION CON MEDICIÓN DE POTENCIA,Cargo de Comercialización:Cargo Fijo,US$/Usuario-mes,CLESA,0.756658,2019-07-15,2019-10-15,USD
151,El Salvador,https://www.siget.gob.sv/gerencias/electricidad/tarifas-de-electricidad/tarifas-de-electricidad-ano-2019/,II.   MEDIANA DEMANDA  (10 < kW ≤ 50) MEDIA TENSION CON MEDICIÓN DE POTENCIA,Cargo de  Energía:Cargo Variable,US$/kWh,CLESA,0.150568,2019-07-15,2019-10-15,USD
152,El Salvador,https://www.siget.gob.sv/gerencias/electricidad/tarifas-de-electricidad/tarifas-de-electricidad-ano-2019/,II.   MEDIANA DEMANDA  (10 < kW ≤ 50) MEDIA TENSION CON MEDICIÓN DE POTENCIA,Cargo de Distribución:Potencia,US$/kW-mes,CLESA,12.788341,2019-07-15,2019-10-15,USD
153,El Salvador,https://www.siget.gob.sv/gerencias/electricidad/tarifas-de-electricidad/tarifas-de-electricidad-ano-2019/,II.   MEDIANA DEMANDA  (10 < kW ≤ 50) MEDIA TENSION CON MEDICIÓN DE POTENCIA,Cargo de Comercialización:Cargo Fijo,US$/Usuario-mes,EEO,0.879833,2019-07-15,2019-10-15,USD
154,El Salvador,https://www.siget.gob.sv/gerencias/electricidad/tarifas-de-electricidad/tarifas-de-electricidad-ano-2019/,II.   MEDIANA DEMANDA  (10 < kW ≤ 50) MEDIA TENSION CON MEDICIÓN DE POTENCIA,Cargo de  Energía:Cargo Variable,US$/kWh,EEO,0.145191,2019-07-15,2019-10-15,USD
155,El Salvador,https://www.siget.gob.sv/gerencias/electricidad/tarifas-de-electricidad/tarifas-de-electricidad-ano-2019/,II.   MEDIANA DEMANDA  (10 < kW ≤ 50) MEDIA TENSION CON MEDICIÓN DE POTENCIA,Cargo de Distribución:Potencia,US$/kW-mes,EEO,17.416747,2019-07-15,2019-10-15,USD
156,El Salvador,https://www.siget.gob.sv/gerencias/electricidad/tarifas-de-electricidad/tarifas-de-electricidad-ano-2019/,II.   MEDIANA DEMANDA  (10 < kW ≤ 50) MEDIA TENSION CON MEDICIÓN DE POTENCIA,Cargo de Comercialización:Cargo Fijo,US$/Usuario-mes,DEUSEM,0.800900,2019-07-15,2019-10-15,USD
157,El Salvador,https://www.siget.gob.sv/gerencias/electricidad/tarifas-de-electricidad/tarifas-de-electricidad-ano-2019/,II.   MEDIANA DEMANDA  (10 < kW ≤ 50) MEDIA TENSION CON MEDICIÓN DE POTENCIA,Cargo de  Energía:Cargo Variable,US$/kWh,DEUSEM,0.146228,2019-07-15,2019-10-15,USD
158,El Salvador,https://www.siget.gob.sv/gerencias/electricidad/tarifas-de-electricidad/tarifas-de-electricidad-ano-2019/,II.   MEDIANA DEMANDA  (10 < kW ≤ 50) MEDIA TENSION CON MEDICIÓN DE POTENCIA,Cargo de Distribución:Potencia,US$/kW-mes,DEUSEM,18.625066,2019-07-15,2019-10-15,USD
159,El Salvador,https://www.siget.gob.sv/gerencias/electricidad/tarifas-de-electricidad/tarifas-de-electricidad-ano-2019/,II.   MEDIANA DEMANDA  (10 < kW ≤ 50) MEDIA TENSION CON MEDICIÓN DE POTENCIA,Cargo de Comercialización:Cargo Fijo,US$/Usuario-mes,EDESAL,2.297082,2019-07-15,2019-10-15,USD
160,El Salvador,https://www.siget.gob.sv/gerencias/electricidad/tarifas-de-electricidad/tarifas-de-electricidad-ano-2019/,II.   MEDIANA DEMANDA  (10 < kW ≤ 50) MEDIA TENSION CON MEDICIÓN DE POTENCIA,Cargo de  Energía:Cargo Variable,US$/kWh,EDESAL,0.145714,2019-07-15,2019-10-15,USD
161,El Salvador,https://www.siget.gob.sv/gerencias/electricidad/tarifas-de-electricidad/tarifas-de-electricidad-ano-2019/,II.   MEDIANA DEMANDA  (10 < kW ≤ 50) MEDIA TENSION CON MEDICIÓN DE POTENCIA,Cargo de Distribución:Potencia,US$/kW-mes,EDESAL,9.471926,2019-07-15,2019-10-15,USD
162,El Salvador,https://www.siget.gob.sv/gerencias/electricidad/tarifas-de-electricidad/tarifas-de-electricidad-ano-2019/,II.   MEDIANA DEMANDA  (10 < kW ≤ 50) MEDIA TENSION CON MEDICIÓN DE POTENCIA,Cargo de Comercialización:Cargo Fijo,US$/Usuario-mes,B&D,0.835768,2019-07-15,2019-10-15,USD
163,El Salvador,https://www.siget.gob.sv/gerencias/electricidad/tarifas-de-electricidad/tarifas-de-electricidad-ano-2019/,II.   MEDIANA DEMANDA  (10 < kW ≤ 50) MEDIA TENSION CON MEDICIÓN DE POTENCIA,Cargo de  Energía:Cargo Variable,US$/kWh,B&D,0.144397,2019-07-15,2019-10-15,USD
164,El Salvador,https://www.siget.gob.sv/gerencias/electricidad/tarifas-de-electricidad/tarifas-de-electricidad-ano-2019/,II.   MEDIANA DEMANDA  (10 < kW ≤ 50) MEDIA TENSION CON MEDICIÓN DE POTENCIA,Cargo de Distribución:Potencia,US$/kW-mes,B&D,10.442386,2019-07-15,2019-10-15,USD
165,El Salvador,https://www.siget.gob.sv/gerencias/electricidad/tarifas-de-electricidad/tarifas-de-electricidad-ano-2019/,II.   MEDIANA DEMANDA  (10 < kW ≤ 50) MEDIA TENSION CON MEDICIÓN DE POTENCIA,Cargo de Comercialización:Cargo Fijo,US$/Usuario-mes,ABRUZZO,0.892129,2019-07-15,2019-10-15,USD
166,El Salvador,https://www.siget.gob.sv/gerencias/electricidad/tarifas-de-electricidad/tarifas-de-electricidad-ano-2019/,II.   MEDIANA DEMANDA  (10 < kW ≤ 50) MEDIA TENSION CON MEDICIÓN DE POTENCIA,Cargo de  Energía:Cargo Variable,US$/kWh,ABRUZZO,0.179188,2019-07-15,2019-10-15,USD
167,El Salvador,https://www.siget.gob.sv/gerencias/electricidad/tarifas-de-electricidad/tarifas-de-electricidad-ano-2019/,II.   MEDIANA DEMANDA  (10 < kW ≤ 50) MEDIA TENSION CON MEDICIÓN DE POTENCIA,Cargo de Distribución:Potencia,US$/kW-mes,ABRUZZO,5.151424,2019-07-15,2019-10-15,USD
168,El Salvador,https://www.siget.gob.sv/gerencias/electricidad/tarifas-de-electricidad/tarifas-de-electricidad-ano-2019/,II.   MEDIANA DEMANDA  (10 < kW ≤ 50) BAJA TENSION CON MEDIDOR HORARIO,Cargo de Comercialización:Atención al Cliente,US$/Usuario-mes,CAESS,0.825711,2019-07-15,2019-10-15,USD
169,El Salvador,https://www.siget.gob.sv/gerencias/electricidad/tarifas-de-electricidad/tarifas-de-electricidad-ano-2019/,II.   MEDIANA DEMANDA  (10 < kW ≤ 50) BAJA TENSION CON MEDIDOR HORARIO,Cargo de  Energía:Energía en Punta,US$/kWh,CAESS,0.172546,2019-07-15,2019-10-15,USD
170,El Salvador,https://www.siget.gob.sv/gerencias/electricidad/tarifas-de-electricidad/tarifas-de-electricidad-ano-2019/,II.   MEDIANA DEMANDA  (10 < kW ≤ 50) BAJA TENSION CON MEDIDOR HORARIO,Cargo de  Energía:Energía en Resto,US$/kWh,CAESS,0.163421,2019-07-15,2019-10-15,USD
171,El Salvador,https://www.siget.gob.sv/gerencias/electricidad/tarifas-de-electricidad/tarifas-de-electricidad-ano-2019/,II.   MEDIANA DEMANDA  (10 < kW ≤ 50) BAJA TENSION CON MEDIDOR HORARIO,Cargo de  Energía:Energía en Valle,US$/kWh,CAESS,0.170337,2019-07-15,2019-10-15,USD
172,El Salvador,https://www.siget.gob.sv/gerencias/electricidad/tarifas-de-electricidad/tarifas-de-electricidad-ano-2019/,II.   MEDIANA DEMANDA  (10 < kW ≤ 50) BAJA TENSION CON MEDIDOR HORARIO,Cargo de Distribución:Potencia:,US$/kW-mes,CAESS,14.145428,2019-07-15,2019-10-15,USD
173,El Salvador,https://www.siget.gob.sv/gerencias/electricidad/tarifas-de-electricidad/tarifas-de-electricidad-ano-2019/,II.   MEDIANA DEMANDA  (10 < kW ≤ 50) BAJA TENSION CON MEDIDOR HORARIO,Cargo de Comercialización:Atención al Cliente,US$/Usuario-mes,DEL SUR,0.965150,2019-07-15,2019-10-15,USD
174,El Salvador,https://www.siget.gob.sv/gerencias/electricidad/tarifas-de-electricidad/tarifas-de-electricidad-ano-2019/,II.   MEDIANA DEMANDA  (10 < kW ≤ 50) BAJA TENSION CON MEDIDOR HORARIO,Cargo de  Energía:Energía en Punta,US$/kWh,DEL SUR,0.169524,2019-07-15,2019-10-15,USD
175,El Salvador,https://www.siget.gob.sv/gerencias/electricidad/tarifas-de-electricidad/tarifas-de-electricidad-ano-2019/,II.   MEDIANA DEMANDA  (10 < kW ≤ 50) BAJA TENSION CON MEDIDOR HORARIO,Cargo de  Energía:Energía en Resto,US$/kWh,DEL SUR,0.155951,2019-07-15,2019-10-15,USD
176,El Salvador,https://www.siget.gob.sv/gerencias/electricidad/tarifas-de-electricidad/tarifas-de-electricidad-ano-2019/,II.   MEDIANA DEMANDA  (10 < kW ≤ 50) BAJA TENSION CON MEDIDOR HORARIO,Cargo de  Energía:Energía en Valle,US$/kWh,DEL SUR,0.167863,2019-07-15,2019-10-15,USD
177,El Salvador,https://www.siget.gob.sv/gerencias/electricidad/tarifas-de-electricidad/tarifas-de-electricidad-ano-2019/,II.   MEDIANA DEMANDA  (10 < kW ≤ 50) BAJA TENSION CON MEDIDOR HORARIO,Cargo de Distribución:Potencia:,US$/kW-mes,DEL SUR,21.697275,2019-07-15,2019-10-15,USD
178,El Salvador,https://www.siget.gob.sv/gerencias/electricidad/tarifas-de-electricidad/tarifas-de-electricidad-ano-2019/,II.   MEDIANA DEMANDA  (10 < kW ≤ 50) BAJA TENSION CON MEDIDOR HORARIO,Cargo de Comercialización:Atención al Cliente,US$/Usuario-mes,CLESA,0.756658,2019-07-15,2019-10-15,USD
179,El Salvador,https://www.siget.gob.sv/gerencias/electricidad/tarifas-de-electricidad/tarifas-de-electricidad-ano-2019/,II.   MEDIANA DEMANDA  (10 < kW ≤ 50) BAJA TENSION CON MEDIDOR HORARIO,Cargo de  Energía:Energía en Punta,US$/kWh,CLESA,0.181186,2019-07-15,2019-10-15,USD
180,El Salvador,https://www.siget.gob.sv/gerencias/electricidad/tarifas-de-electricidad/tarifas-de-electricidad-ano-2019/,II.   MEDIANA DEMANDA  (10 < kW ≤ 50) BAJA TENSION CON MEDIDOR HORARIO,Cargo de  Energía:Energía en Resto,US$/kWh,CLESA,0.156494,2019-07-15,2019-10-15,USD
181,El Salvador,https://www.siget.gob.sv/gerencias/electricidad/tarifas-de-electricidad/tarifas-de-electricidad-ano-2019/,II.   MEDIANA DEMANDA  (10 < kW ≤ 50) BAJA TENSION CON MEDIDOR HORARIO,Cargo de  Energía:Energía en Valle,US$/kWh,CLESA,0.181088,2019-07-15,2019-10-15,USD
182,El Salvador,https://www.siget.gob.sv/gerencias/electricidad/tarifas-de-electricidad/tarifas-de-electricidad-ano-2019/,II.   MEDIANA DEMANDA  (10 < kW ≤ 50) BAJA TENSION CON MEDIDOR HORARIO,Cargo de Distribución:Potencia:,US$/kW-mes,CLESA,22.557676,2019-07-15,2019-10-15,USD
183,El Salvador,https://www.siget.gob.sv/gerencias/electricidad/tarifas-de-electricidad/tarifas-de-electricidad-ano-2019/,II.   MEDIANA DEMANDA  (10 < kW ≤ 50) BAJA TENSION CON MEDIDOR HORARIO,Cargo de Comercialización:Atención al Cliente,US$/Usuario-mes,EEO,0.879833,2019-07-15,2019-10-15,USD
184,El Salvador,https://www.siget.gob.sv/gerencias/electricidad/tarifas-de-electricidad/tarifas-de-electricidad-ano-2019/,II.   MEDIANA DEMANDA  (10 < kW ≤ 50) BAJA TENSION CON MEDIDOR HORARIO,Cargo de  Energía:Energía en Punta,US$/kWh,EEO,0.185008,2019-07-15,2019-10-15,USD
185,El Salvador,https://www.siget.gob.sv/gerencias/electricidad/tarifas-de-electricidad/tarifas-de-electricidad-ano-2019/,II.   MEDIANA DEMANDA  (10 < kW ≤ 50) BAJA TENSION CON MEDIDOR HORARIO,Cargo de  Energía:Energía en Resto,US$/kWh,EEO,0.152182,2019-07-15,2019-10-15,USD
186,El Salvador,https://www.siget.gob.sv/gerencias/electricidad/tarifas-de-electricidad/tarifas-de-electricidad-ano-2019/,II.   MEDIANA DEMANDA  (10 < kW ≤ 50) BAJA TENSION CON MEDIDOR HORARIO,Cargo de  Energía:Energía en Valle,US$/kWh,EEO,0.185050,2019-07-15,2019-10-15,USD
187,El Salvador,https://www.siget.gob.sv/gerencias/electricidad/tarifas-de-electricidad/tarifas-de-electricidad-ano-2019/,II.   MEDIANA DEMANDA  (10 < kW ≤ 50) BAJA TENSION CON MEDIDOR HORARIO,Cargo de Distribución:Potencia:,US$/kW-mes,EEO,27.129406,2019-07-15,2019-10-15,USD
188,El Salvador,https://www.siget.gob.sv/gerencias/electricidad/tarifas-de-electricidad/tarifas-de-electricidad-ano-2019/,II.   MEDIANA DEMANDA  (10 < kW ≤ 50) BAJA TENSION CON MEDIDOR HORARIO,Cargo de Comercialización:Atención al Cliente,US$/Usuario-mes,DEUSEM,0.800900,2019-07-15,2019-10-15,USD
189,El Salvador,https://www.siget.gob.sv/gerencias/electricidad/tarifas-de-electricidad/tarifas-de-electricidad-ano-2019/,II.   MEDIANA DEMANDA  (10 < kW ≤ 50) BAJA TENSION CON MEDIDOR HORARIO,Cargo de  Energía:Energía en Punta,US$/kWh,DEUSEM,0.190162,2019-07-15,2019-10-15,USD
190,El Salvador,https://www.siget.gob.sv/gerencias/electricidad/tarifas-de-electricidad/tarifas-de-electricidad-ano-2019/,II.   MEDIANA DEMANDA  (10 < kW ≤ 50) BAJA TENSION CON MEDIDOR HORARIO,Cargo de  Energía:Energía en Resto,US$/kWh,DEUSEM,0.153180,2019-07-15,2019-10-15,USD
191,El Salvador,https://www.siget.gob.sv/gerencias/electricidad/tarifas-de-electricidad/tarifas-de-electricidad-ano-2019/,II.   MEDIANA DEMANDA  (10 < kW ≤ 50) BAJA TENSION CON MEDIDOR HORARIO,Cargo de  Energía:Energía en Valle,US$/kWh,DEUSEM,0.191218,2019-07-15,2019-10-15,USD
192,El Salvador,https://www.siget.gob.sv/gerencias/electricidad/tarifas-de-electricidad/tarifas-de-electricidad-ano-2019/,II.   MEDIANA DEMANDA  (10 < kW ≤ 50) BAJA TENSION CON MEDIDOR HORARIO,Cargo de Distribución:Potencia:,US$/kW-mes,DEUSEM,28.581171,2019-07-15,2019-10-15,USD
193,El Salvador,https://www.siget.gob.sv/gerencias/electricidad/tarifas-de-electricidad/tarifas-de-electricidad-ano-2019/,II.   MEDIANA DEMANDA  (10 < kW ≤ 50) BAJA TENSION CON MEDIDOR HORARIO,Cargo de Comercialización:Atención al Cliente,US$/Usuario-mes,EDESAL,2.297082,2019-07-15,2019-10-15,USD
194,El Salvador,https://www.siget.gob.sv/gerencias/electricidad/tarifas-de-electricidad/tarifas-de-electricidad-ano-2019/,II.   MEDIANA DEMANDA  (10 < kW ≤ 50) BAJA TENSION CON MEDIDOR HORARIO,Cargo de  Energía:Energía en Punta,US$/kWh,EDESAL,0.166970,2019-07-15,2019-10-15,USD
195,El Salvador,https://www.siget.gob.sv/gerencias/electricidad/tarifas-de-electricidad/tarifas-de-electricidad-ano-2019/,II.   MEDIANA DEMANDA  (10 < kW ≤ 50) BAJA TENSION CON MEDIDOR HORARIO,Cargo de  Energía:Energía en Resto,US$/kWh,EDESAL,0.155188,2019-07-15,2019-10-15,USD
196,El Salvador,https://www.siget.gob.sv/gerencias/electricidad/tarifas-de-electricidad/tarifas-de-electricidad-ano-2019/,II.   MEDIANA DEMANDA  (10 < kW ≤ 50) BAJA TENSION CON MEDIDOR HORARIO,Cargo de  Energía:Energía en Valle,US$/kWh,EDESAL,0.162268,2019-07-15,2019-10-15,USD
197,El Salvador,https://www.siget.gob.sv/gerencias/electricidad/tarifas-de-electricidad/tarifas-de-electricidad-ano-2019/,II.   MEDIANA DEMANDA  (10 < kW ≤ 50) BAJA TENSION CON MEDIDOR HORARIO,Cargo de Distribución:Potencia:,US$/kW-mes,EDESAL,30.436949,2019-07-15,2019-10-15,USD
198,El Salvador,https://www.siget.gob.sv/gerencias/electricidad/tarifas-de-electricidad/tarifas-de-electricidad-ano-2019/,II.   MEDIANA DEMANDA  (10 < kW ≤ 50) BAJA TENSION CON MEDIDOR HORARIO,Cargo de Comercialización:Atención al Cliente,US$/Usuario-mes,B&D,0.835768,2019-07-15,2019-10-15,USD
199,El Salvador,https://www.siget.gob.sv/gerencias/electricidad/tarifas-de-electricidad/tarifas-de-electricidad-ano-2019/,II.   MEDIANA DEMANDA  (10 < kW ≤ 50) BAJA TENSION CON MEDIDOR HORARIO,Cargo de  Energía:Energía en Punta,US$/kWh,B&D,0.160506,2019-07-15,2019-10-15,USD
200,El Salvador,https://www.siget.gob.sv/gerencias/electricidad/tarifas-de-electricidad/tarifas-de-electricidad-ano-2019/,II.   MEDIANA DEMANDA  (10 < kW ≤ 50) BAJA TENSION CON MEDIDOR HORARIO,Cargo de  Energía:Energía en Resto,US$/kWh,B&D,0.148261,2019-07-15,2019-10-15,USD
201,El Salvador,https://www.siget.gob.sv/gerencias/electricidad/tarifas-de-electricidad/tarifas-de-electricidad-ano-2019/,II.   MEDIANA DEMANDA  (10 < kW ≤ 50) BAJA TENSION CON MEDIDOR HORARIO,Cargo de  Energía:Energía en Valle,US$/kWh,B&D,0.154878,2019-07-15,2019-10-15,USD
202,El Salvador,https://www.siget.gob.sv/gerencias/electricidad/tarifas-de-electricidad/tarifas-de-electricidad-ano-2019/,II.   MEDIANA DEMANDA  (10 < kW ≤ 50) BAJA TENSION CON MEDIDOR HORARIO,Cargo de Distribución:Potencia:,US$/kW-mes,B&D,17.049774,2019-07-15,2019-10-15,USD
203,El Salvador,https://www.siget.gob.sv/gerencias/electricidad/tarifas-de-electricidad/tarifas-de-electricidad-ano-2019/,II.   MEDIANA DEMANDA  (10 < kW ≤ 50) BAJA TENSION CON MEDIDOR HORARIO,Cargo de Comercialización:Atención al Cliente,US$/Usuario-mes,ABRUZZO,0.892129,2019-07-15,2019-10-15,USD
204,El Salvador,https://www.siget.gob.sv/gerencias/electricidad/tarifas-de-electricidad/tarifas-de-electricidad-ano-2019/,II.   MEDIANA DEMANDA  (10 < kW ≤ 50) BAJA TENSION CON MEDIDOR HORARIO,Cargo de  Energía:Energía en Punta,US$/kWh,ABRUZZO,0.183523,2019-07-15,2019-10-15,USD
205,El Salvador,https://www.siget.gob.sv/gerencias/electricidad/tarifas-de-electricidad/tarifas-de-electricidad-ano-2019/,II.   MEDIANA DEMANDA  (10 < kW ≤ 50) BAJA TENSION CON MEDIDOR HORARIO,Cargo de  Energía:Energía en Resto,US$/kWh,ABRUZZO,0.182103,2019-07-15,2019-10-15,USD
206,El Salvador,https://www.siget.gob.sv/gerencias/electricidad/tarifas-de-electricidad/tarifas-de-electricidad-ano-2019/,II.   MEDIANA DEMANDA  (10 < kW ≤ 50) BAJA TENSION CON MEDIDOR HORARIO,Cargo de  Energía:Energía en Valle,US$/kWh,ABRUZZO,0.185510,2019-07-15,2019-10-15,USD
207,El Salvador,https://www.siget.gob.sv/gerencias/electricidad/tarifas-de-electricidad/tarifas-de-electricidad-ano-2019/,II.   MEDIANA DEMANDA  (10 < kW ≤ 50) BAJA TENSION CON MEDIDOR HORARIO,Cargo de Distribución:Potencia:,US$/kW-mes,ABRUZZO,19.993942,2019-07-15,2019-10-15,USD
208,El Salvador,https://www.siget.gob.sv/gerencias/electricidad/tarifas-de-electricidad/tarifas-de-electricidad-ano-2019/,II.   MEDIANA DEMANDA  (10 < kW ≤ 50) MEDIA TENSION CON MEDIDOR HORARIO,Cargo de Comercialización:Cargo Fijo,US$/Usuario-mes,CAESS,0.825711,2019-07-15,2019-10-15,USD
209,El Salvador,https://www.siget.gob.sv/gerencias/electricidad/tarifas-de-electricidad/tarifas-de-electricidad-ano-2019/,II.   MEDIANA DEMANDA  (10 < kW ≤ 50) MEDIA TENSION CON MEDIDOR HORARIO,Cargo de  Energía:Energía en Punta,US$/kWh,CAESS,0.159846,2019-07-15,2019-10-15,USD
210,El Salvador,https://www.siget.gob.sv/gerencias/electricidad/tarifas-de-electricidad/tarifas-de-electricidad-ano-2019/,II.   MEDIANA DEMANDA  (10 < kW ≤ 50) MEDIA TENSION CON MEDIDOR HORARIO,Cargo de  Energía:Energía en Resto,US$/kWh,CAESS,0.151393,2019-07-15,2019-10-15,USD
211,El Salvador,https://www.siget.gob.sv/gerencias/electricidad/tarifas-de-electricidad/tarifas-de-electricidad-ano-2019/,II.   MEDIANA DEMANDA  (10 < kW ≤ 50) MEDIA TENSION CON MEDIDOR HORARIO,Cargo de  Energía:Energía en Valle,US$/kWh,CAESS,0.157800,2019-07-15,2019-10-15,USD
212,El Salvador,https://www.siget.gob.sv/gerencias/electricidad/tarifas-de-electricidad/tarifas-de-electricidad-ano-2019/,II.   MEDIANA DEMANDA  (10 < kW ≤ 50) MEDIA TENSION CON MEDIDOR HORARIO,Cargo de Distribución:Potencia:,US$/kW-mes,CAESS,6.913013,2019-07-15,2019-10-15,USD
213,El Salvador,https://www.siget.gob.sv/gerencias/electricidad/tarifas-de-electricidad/tarifas-de-electricidad-ano-2019/,II.   MEDIANA DEMANDA  (10 < kW ≤ 50) MEDIA TENSION CON MEDIDOR HORARIO,Cargo de Comercialización:Cargo Fijo,US$/Usuario-mes,DEL SUR,0.965150,2019-07-15,2019-10-15,USD
214,El Salvador,https://www.siget.gob.sv/gerencias/electricidad/tarifas-de-electricidad/tarifas-de-electricidad-ano-2019/,II.   MEDIANA DEMANDA  (10 < kW ≤ 50) MEDIA TENSION CON MEDIDOR HORARIO,Cargo de  Energía:Energía en Punta,US$/kWh,DEL SUR,0.155182,2019-07-15,2019-10-15,USD
215,El Salvador,https://www.siget.gob.sv/gerencias/electricidad/tarifas-de-electricidad/tarifas-de-electricidad-ano-2019/,II.   MEDIANA DEMANDA  (10 < kW ≤ 50) MEDIA TENSION CON MEDIDOR HORARIO,Cargo de  Energía:Energía en Resto,US$/kWh,DEL SUR,0.142757,2019-07-15,2019-10-15,USD
216,El Salvador,https://www.siget.gob.sv/gerencias/electricidad/tarifas-de-electricidad/tarifas-de-electricidad-ano-2019/,II.   MEDIANA DEMANDA  (10 < kW ≤ 50) MEDIA TENSION CON MEDIDOR HORARIO,Cargo de  Energía:Energía en Valle,US$/kWh,DEL SUR,0.153661,2019-07-15,2019-10-15,USD
217,El Salvador,https://www.siget.gob.sv/gerencias/electricidad/tarifas-de-electricidad/tarifas-de-electricidad-ano-2019/,II.   MEDIANA DEMANDA  (10 < kW ≤ 50) MEDIA TENSION CON MEDIDOR HORARIO,Cargo de Distribución:Potencia:,US$/kW-mes,DEL SUR,6.821509,2019-07-15,2019-10-15,USD
218,El Salvador,https://www.siget.gob.sv/gerencias/electricidad/tarifas-de-electricidad/tarifas-de-electricidad-ano-2019/,II.   MEDIANA DEMANDA  (10 < kW ≤ 50) MEDIA TENSION CON MEDIDOR HORARIO,Cargo de Comercialización:Cargo Fijo,US$/Usuario-mes,CLESA,0.756658,2019-07-15,2019-10-15,USD
219,El Salvador,https://www.siget.gob.sv/gerencias/electricidad/tarifas-de-electricidad/tarifas-de-electricidad-ano-2019/,II.   MEDIANA DEMANDA  (10 < kW ≤ 50) MEDIA TENSION CON MEDIDOR HORARIO,Cargo de  Energía:Energía en Punta,US$/kWh,CLESA,0.165243,2019-07-15,2019-10-15,USD
220,El Salvador,https://www.siget.gob.sv/gerencias/electricidad/tarifas-de-electricidad/tarifas-de-electricidad-ano-2019/,II.   MEDIANA DEMANDA  (10 < kW ≤ 50) MEDIA TENSION CON MEDIDOR HORARIO,Cargo de  Energía:Energía en Resto,US$/kWh,CLESA,0.142724,2019-07-15,2019-10-15,USD
221,El Salvador,https://www.siget.gob.sv/gerencias/electricidad/tarifas-de-electricidad/tarifas-de-electricidad-ano-2019/,II.   MEDIANA DEMANDA  (10 < kW ≤ 50) MEDIA TENSION CON MEDIDOR HORARIO,Cargo de  Energía:Energía en Valle,US$/kWh,CLESA,0.165154,2019-07-15,2019-10-15,USD
222,El Salvador,https://www.siget.gob.sv/gerencias/electricidad/tarifas-de-electricidad/tarifas-de-electricidad-ano-2019/,II.   MEDIANA DEMANDA  (10 < kW ≤ 50) MEDIA TENSION CON MEDIDOR HORARIO,Cargo de Distribución:Potencia:,US$/kW-mes,CLESA,12.788341,2019-07-15,2019-10-15,USD
223,El Salvador,https://www.siget.gob.sv/gerencias/electricidad/tarifas-de-electricidad/tarifas-de-electricidad-ano-2019/,II.   MEDIANA DEMANDA  (10 < kW ≤ 50) MEDIA TENSION CON MEDIDOR HORARIO,Cargo de Comercialización:Cargo Fijo,US$/Usuario-mes,EEO,0.879833,2019-07-15,2019-10-15,USD
224,El Salvador,https://www.siget.gob.sv/gerencias/electricidad/tarifas-de-electricidad/tarifas-de-electricidad-ano-2019/,II.   MEDIANA DEMANDA  (10 < kW ≤ 50) MEDIA TENSION CON MEDIDOR HORARIO,Cargo de  Energía:Energía en Punta,US$/kWh,EEO,0.164971,2019-07-15,2019-10-15,USD
225,El Salvador,https://www.siget.gob.sv/gerencias/electricidad/tarifas-de-electricidad/tarifas-de-electricidad-ano-2019/,II.   MEDIANA DEMANDA  (10 < kW ≤ 50) MEDIA TENSION CON MEDIDOR HORARIO,Cargo de  Energía:Energía en Resto,US$/kWh,EEO,0.135700,2019-07-15,2019-10-15,USD
226,El Salvador,https://www.siget.gob.sv/gerencias/electricidad/tarifas-de-electricidad/tarifas-de-electricidad-ano-2019/,II.   MEDIANA DEMANDA  (10 < kW ≤ 50) MEDIA TENSION CON MEDIDOR HORARIO,Cargo de  Energía:Energía en Valle,US$/kWh,EEO,0.165009,2019-07-15,2019-10-15,USD
227,El Salvador,https://www.siget.gob.sv/gerencias/electricidad/tarifas-de-electricidad/tarifas-de-electricidad-ano-2019/,II.   MEDIANA DEMANDA  (10 < kW ≤ 50) MEDIA TENSION CON MEDIDOR HORARIO,Cargo de Distribución:Potencia:,US$/kW-mes,EEO,17.416747,2019-07-15,2019-10-15,USD
228,El Salvador,https://www.siget.gob.sv/gerencias/electricidad/tarifas-de-electricidad/tarifas-de-electricidad-ano-2019/,II.   MEDIANA DEMANDA  (10 < kW ≤ 50) MEDIA TENSION CON MEDIDOR HORARIO,Cargo de Comercialización:Cargo Fijo,US$/Usuario-mes,DEUSEM,0.800900,2019-07-15,2019-10-15,USD
229,El Salvador,https://www.siget.gob.sv/gerencias/electricidad/tarifas-de-electricidad/tarifas-de-electricidad-ano-2019/,II.   MEDIANA DEMANDA  (10 < kW ≤ 50) MEDIA TENSION CON MEDIDOR HORARIO,Cargo de  Energía:Energía en Punta,US$/kWh,DEUSEM,0.168550,2019-07-15,2019-10-15,USD
230,El Salvador,https://www.siget.gob.sv/gerencias/electricidad/tarifas-de-electricidad/tarifas-de-electricidad-ano-2019/,II.   MEDIANA DEMANDA  (10 < kW ≤ 50) MEDIA TENSION CON MEDIDOR HORARIO,Cargo de  Energía:Energía en Resto,US$/kWh,DEUSEM,0.135771,2019-07-15,2019-10-15,USD
231,El Salvador,https://www.siget.gob.sv/gerencias/electricidad/tarifas-de-electricidad/tarifas-de-electricidad-ano-2019/,II.   MEDIANA DEMANDA  (10 < kW ≤ 50) MEDIA TENSION CON MEDIDOR HORARIO,Cargo de  Energía:Energía en Valle,US$/kWh,DEUSEM,0.169487,2019-07-15,2019-10-15,USD
232,El Salvador,https://www.siget.gob.sv/gerencias/electricidad/tarifas-de-electricidad/tarifas-de-electricidad-ano-2019/,II.   MEDIANA DEMANDA  (10 < kW ≤ 50) MEDIA TENSION CON MEDIDOR HORARIO,Cargo de Distribución:Potencia:,US$/kW-mes,DEUSEM,18.625066,2019-07-15,2019-10-15,USD
233,El Salvador,https://www.siget.gob.sv/gerencias/electricidad/tarifas-de-electricidad/tarifas-de-electricidad-ano-2019/,II.   MEDIANA DEMANDA  (10 < kW ≤ 50) MEDIA TENSION CON MEDIDOR HORARIO,Cargo de Comercialización:Cargo Fijo,US$/Usuario-mes,EDESAL,2.297082,2019-07-15,2019-10-15,USD
234,El Salvador,https://www.siget.gob.sv/gerencias/electricidad/tarifas-de-electricidad/tarifas-de-electricidad-ano-2019/,II.   MEDIANA DEMANDA  (10 < kW ≤ 50) MEDIA TENSION CON MEDIDOR HORARIO,Cargo de  Energía:Energía en Punta,US$/kWh,EDESAL,0.154964,2019-07-15,2019-10-15,USD
235,El Salvador,https://www.siget.gob.sv/gerencias/electricidad/tarifas-de-electricidad/tarifas-de-electricidad-ano-2019/,II.   MEDIANA DEMANDA  (10 < kW ≤ 50) MEDIA TENSION CON MEDIDOR HORARIO,Cargo de  Energía:Energía en Resto,US$/kWh,EDESAL,0.144029,2019-07-15,2019-10-15,USD
236,El Salvador,https://www.siget.gob.sv/gerencias/electricidad/tarifas-de-electricidad/tarifas-de-electricidad-ano-2019/,II.   MEDIANA DEMANDA  (10 < kW ≤ 50) MEDIA TENSION CON MEDIDOR HORARIO,Cargo de  Energía:Energía en Valle,US$/kWh,EDESAL,0.150600,2019-07-15,2019-10-15,USD
237,El Salvador,https://www.siget.gob.sv/gerencias/electricidad/tarifas-de-electricidad/tarifas-de-electricidad-ano-2019/,II.   MEDIANA DEMANDA  (10 < kW ≤ 50) MEDIA TENSION CON MEDIDOR HORARIO,Cargo de Distribución:Potencia:,US$/kW-mes,EDESAL,9.471926,2019-07-15,2019-10-15,USD
238,El Salvador,https://www.siget.gob.sv/gerencias/electricidad/tarifas-de-electricidad/tarifas-de-electricidad-ano-2019/,II.   MEDIANA DEMANDA  (10 < kW ≤ 50) MEDIA TENSION CON MEDIDOR HORARIO,Cargo de Comercialización:Cargo Fijo,US$/Usuario-mes,B&D,0.835768,2019-07-15,2019-10-15,USD
239,El Salvador,https://www.siget.gob.sv/gerencias/electricidad/tarifas-de-electricidad/tarifas-de-electricidad-ano-2019/,II.   MEDIANA DEMANDA  (10 < kW ≤ 50) MEDIA TENSION CON MEDIDOR HORARIO,Cargo de  Energía:Energía en Punta,US$/kWh,B&D,0.152562,2019-07-15,2019-10-15,USD
240,El Salvador,https://www.siget.gob.sv/gerencias/electricidad/tarifas-de-electricidad/tarifas-de-electricidad-ano-2019/,II.   MEDIANA DEMANDA  (10 < kW ≤ 50) MEDIA TENSION CON MEDIDOR HORARIO,Cargo de  Energía:Energía en Resto,US$/kWh,B&D,0.140923,2019-07-15,2019-10-15,USD
241,El Salvador,https://www.siget.gob.sv/gerencias/electricidad/tarifas-de-electricidad/tarifas-de-electricidad-ano-2019/,II.   MEDIANA DEMANDA  (10 < kW ≤ 50) MEDIA TENSION CON MEDIDOR HORARIO,Cargo de  Energía:Energía en Valle,US$/kWh,B&D,0.147212,2019-07-15,2019-10-15,USD
242,El Salvador,https://www.siget.gob.sv/gerencias/electricidad/tarifas-de-electricidad/tarifas-de-electricidad-ano-2019/,II.   MEDIANA DEMANDA  (10 < kW ≤ 50) MEDIA TENSION CON MEDIDOR HORARIO,Cargo de Distribución:Potencia:,US$/kW-mes,B&D,10.442386,2019-07-15,2019-10-15,USD
243,El Salvador,https://www.siget.gob.sv/gerencias/electricidad/tarifas-de-electricidad/tarifas-de-electricidad-ano-2019/,II.   MEDIANA DEMANDA  (10 < kW ≤ 50) MEDIA TENSION CON MEDIDOR HORARIO,Cargo de Comercialización:Cargo Fijo,US$/Usuario-mes,ABRUZZO,0.892129,2019-07-15,2019-10-15,USD
244,El Salvador,https://www.siget.gob.sv/gerencias/electricidad/tarifas-de-electricidad/tarifas-de-electricidad-ano-2019/,II.   MEDIANA DEMANDA  (10 < kW ≤ 50) MEDIA TENSION CON MEDIDOR HORARIO,Cargo de  Energía:Energía en Punta,US$/kWh,ABRUZZO,0.162193,2019-07-15,2019-10-15,USD
245,El Salvador,https://www.siget.gob.sv/gerencias/electricidad/tarifas-de-electricidad/tarifas-de-electricidad-ano-2019/,II.   MEDIANA DEMANDA  (10 < kW ≤ 50) MEDIA TENSION CON MEDIDOR HORARIO,Cargo de  Energía:Energía en Resto,US$/kWh,ABRUZZO,0.160938,2019-07-15,2019-10-15,USD
246,El Salvador,https://www.siget.gob.sv/gerencias/electricidad/tarifas-de-electricidad/tarifas-de-electricidad-ano-2019/,II.   MEDIANA DEMANDA  (10 < kW ≤ 50) MEDIA TENSION CON MEDIDOR HORARIO,Cargo de  Energía:Energía en Valle,US$/kWh,ABRUZZO,0.163949,2019-07-15,2019-10-15,USD
247,El Salvador,https://www.siget.gob.sv/gerencias/electricidad/tarifas-de-electricidad/tarifas-de-electricidad-ano-2019/,II.   MEDIANA DEMANDA  (10 < kW ≤ 50) MEDIA TENSION CON MEDIDOR HORARIO,Cargo de Distribución:Potencia:,US$/kW-mes,ABRUZZO,5.151424,2019-07-15,2019-10-15,USD
248,El Salvador,https://www.siget.gob.sv/gerencias/electricidad/tarifas-de-electricidad/tarifas-de-electricidad-ano-2019/,III.   GRANDES DEMANDAS  ( >50 kW ) BAJA TENSION CON MEDIDOR HORARIO,Cargo de Comercialización:Atención al Cliente,US$/Usuario-mes,CAESS,12.385668,2019-07-15,2019-10-15,USD
249,El Salvador,https://www.siget.gob.sv/gerencias/electricidad/tarifas-de-electricidad/tarifas-de-electricidad-ano-2019/,III.   GRANDES DEMANDAS  ( >50 kW ) BAJA TENSION CON MEDIDOR HORARIO,Cargo de  Energía:Energía en Punta,US$/kWh,CAESS,0.172546,2019-07-15,2019-10-15,USD
250,El Salvador,https://www.siget.gob.sv/gerencias/electricidad/tarifas-de-electricidad/tarifas-de-electricidad-ano-2019/,III.   GRANDES DEMANDAS  ( >50 kW ) BAJA TENSION CON MEDIDOR HORARIO,Cargo de  Energía:Energía en Resto,US$/kWh,CAESS,0.163421,2019-07-15,2019-10-15,USD
251,El Salvador,https://www.siget.gob.sv/gerencias/electricidad/tarifas-de-electricidad/tarifas-de-electricidad-ano-2019/,III.   GRANDES DEMANDAS  ( >50 kW ) BAJA TENSION CON MEDIDOR HORARIO,Cargo de  Energía:Energía en Valle,US$/kWh,CAESS,0.170337,2019-07-15,2019-10-15,USD
252,El Salvador,https://www.siget.gob.sv/gerencias/electricidad/tarifas-de-electricidad/tarifas-de-electricidad-ano-2019/,III.   GRANDES DEMANDAS  ( >50 kW ) BAJA TENSION CON MEDIDOR HORARIO,Cargo de Distribución:Potencia:,US$/kW-mes,CAESS,14.145428,2019-07-15,2019-10-15,USD
253,El Salvador,https://www.siget.gob.sv/gerencias/electricidad/tarifas-de-electricidad/tarifas-de-electricidad-ano-2019/,III.   GRANDES DEMANDAS  ( >50 kW ) BAJA TENSION CON MEDIDOR HORARIO,Cargo de Comercialización:Atención al Cliente,US$/Usuario-mes,DEL SUR,14.477260,2019-07-15,2019-10-15,USD
254,El Salvador,https://www.siget.gob.sv/gerencias/electricidad/tarifas-de-electricidad/tarifas-de-electricidad-ano-2019/,III.   GRANDES DEMANDAS  ( >50 kW ) BAJA TENSION CON MEDIDOR HORARIO,Cargo de  Energía:Energía en Punta,US$/kWh,DEL SUR,0.169524,2019-07-15,2019-10-15,USD
255,El Salvador,https://www.siget.gob.sv/gerencias/electricidad/tarifas-de-electricidad/tarifas-de-electricidad-ano-2019/,III.   GRANDES DEMANDAS  ( >50 kW ) BAJA TENSION CON MEDIDOR HORARIO,Cargo de  Energía:Energía en Resto,US$/kWh,DEL SUR,0.155951,2019-07-15,2019-10-15,USD
256,El Salvador,https://www.siget.gob.sv/gerencias/electricidad/tarifas-de-electricidad/tarifas-de-electricidad-ano-2019/,III.   GRANDES DEMANDAS  ( >50 kW ) BAJA TENSION CON MEDIDOR HORARIO,Cargo de  Energía:Energía en Valle,US$/kWh,DEL SUR,0.167863,2019-07-15,2019-10-15,USD
257,El Salvador,https://www.siget.gob.sv/gerencias/electricidad/tarifas-de-electricidad/tarifas-de-electricidad-ano-2019/,III.   GRANDES DEMANDAS  ( >50 kW ) BAJA TENSION CON MEDIDOR HORARIO,Cargo de Distribución:Potencia:,US$/kW-mes,DEL SUR,21.697275,2019-07-15,2019-10-15,USD
258,El Salvador,https://www.siget.gob.sv/gerencias/electricidad/tarifas-de-electricidad/tarifas-de-electricidad-ano-2019/,III.   GRANDES DEMANDAS  ( >50 kW ) BAJA TENSION CON MEDIDOR HORARIO,Cargo de Comercialización:Atención al Cliente,US$/Usuario-mes,CLESA,11.349865,2019-07-15,2019-10-15,USD
259,El Salvador,https://www.siget.gob.sv/gerencias/electricidad/tarifas-de-electricidad/tarifas-de-electricidad-ano-2019/,III.   GRANDES DEMANDAS  ( >50 kW ) BAJA TENSION CON MEDIDOR HORARIO,Cargo de  Energía:Energía en Punta,US$/kWh,CLESA,0.181186,2019-07-15,2019-10-15,USD
260,El Salvador,https://www.siget.gob.sv/gerencias/electricidad/tarifas-de-electricidad/tarifas-de-electricidad-ano-2019/,III.   GRANDES DEMANDAS  ( >50 kW ) BAJA TENSION CON MEDIDOR HORARIO,Cargo de  Energía:Energía en Resto,US$/kWh,CLESA,0.156494,2019-07-15,2019-10-15,USD
261,El Salvador,https://www.siget.gob.sv/gerencias/electricidad/tarifas-de-electricidad/tarifas-de-electricidad-ano-2019/,III.   GRANDES DEMANDAS  ( >50 kW ) BAJA TENSION CON MEDIDOR HORARIO,Cargo de  Energía:Energía en Valle,US$/kWh,CLESA,0.181088,2019-07-15,2019-10-15,USD
262,El Salvador,https://www.siget.gob.sv/gerencias/electricidad/tarifas-de-electricidad/tarifas-de-electricidad-ano-2019/,III.   GRANDES DEMANDAS  ( >50 kW ) BAJA TENSION CON MEDIDOR HORARIO,Cargo de Distribución:Potencia:,US$/kW-mes,CLESA,22.557676,2019-07-15,2019-10-15,USD
263,El Salvador,https://www.siget.gob.sv/gerencias/electricidad/tarifas-de-electricidad/tarifas-de-electricidad-ano-2019/,III.   GRANDES DEMANDAS  ( >50 kW ) BAJA TENSION CON MEDIDOR HORARIO,Cargo de Comercialización:Atención al Cliente,US$/Usuario-mes,EEO,13.197498,2019-07-15,2019-10-15,USD
264,El Salvador,https://www.siget.gob.sv/gerencias/electricidad/tarifas-de-electricidad/tarifas-de-electricidad-ano-2019/,III.   GRANDES DEMANDAS  ( >50 kW ) BAJA TENSION CON MEDIDOR HORARIO,Cargo de  Energía:Energía en Punta,US$/kWh,EEO,0.185008,2019-07-15,2019-10-15,USD
265,El Salvador,https://www.siget.gob.sv/gerencias/electricidad/tarifas-de-electricidad/tarifas-de-electricidad-ano-2019/,III.   GRANDES DEMANDAS  ( >50 kW ) BAJA TENSION CON MEDIDOR HORARIO,Cargo de  Energía:Energía en Resto,US$/kWh,EEO,0.152182,2019-07-15,2019-10-15,USD
266,El Salvador,https://www.siget.gob.sv/gerencias/electricidad/tarifas-de-electricidad/tarifas-de-electricidad-ano-2019/,III.   GRANDES DEMANDAS  ( >50 kW ) BAJA TENSION CON MEDIDOR HORARIO,Cargo de  Energía:Energía en Valle,US$/kWh,EEO,0.185050,2019-07-15,2019-10-15,USD
267,El Salvador,https://www.siget.gob.sv/gerencias/electricidad/tarifas-de-electricidad/tarifas-de-electricidad-ano-2019/,III.   GRANDES DEMANDAS  ( >50 kW ) BAJA TENSION CON MEDIDOR HORARIO,Cargo de Distribución:Potencia:,US$/kW-mes,EEO,27.129406,2019-07-15,2019-10-15,USD
268,El Salvador,https://www.siget.gob.sv/gerencias/electricidad/tarifas-de-electricidad/tarifas-de-electricidad-ano-2019/,III.   GRANDES DEMANDAS  ( >50 kW ) BAJA TENSION CON MEDIDOR HORARIO,Cargo de Comercialización:Atención al Cliente,US$/Usuario-mes,DEUSEM,12.013496,2019-07-15,2019-10-15,USD
269,El Salvador,https://www.siget.gob.sv/gerencias/electricidad/tarifas-de-electricidad/tarifas-de-electricidad-ano-2019/,III.   GRANDES DEMANDAS  ( >50 kW ) BAJA TENSION CON MEDIDOR HORARIO,Cargo de  Energía:Energía en Punta,US$/kWh,DEUSEM,0.190162,2019-07-15,2019-10-15,USD
270,El Salvador,https://www.siget.gob.sv/gerencias/electricidad/tarifas-de-electricidad/tarifas-de-electricidad-ano-2019/,III.   GRANDES DEMANDAS  ( >50 kW ) BAJA TENSION CON MEDIDOR HORARIO,Cargo de  Energía:Energía en Resto,US$/kWh,DEUSEM,0.153180,2019-07-15,2019-10-15,USD
271,El Salvador,https://www.siget.gob.sv/gerencias/electricidad/tarifas-de-electricidad/tarifas-de-electricidad-ano-2019/,III.   GRANDES DEMANDAS  ( >50 kW ) BAJA TENSION CON MEDIDOR HORARIO,Cargo de  Energía:Energía en Valle,US$/kWh,DEUSEM,0.191218,2019-07-15,2019-10-15,USD
272,El Salvador,https://www.siget.gob.sv/gerencias/electricidad/tarifas-de-electricidad/tarifas-de-electricidad-ano-2019/,III.   GRANDES DEMANDAS  ( >50 kW ) BAJA TENSION CON MEDIDOR HORARIO,Cargo de Distribución:Potencia:,US$/kW-mes,DEUSEM,28.581171,2019-07-15,2019-10-15,USD
273,El Salvador,https://www.siget.gob.sv/gerencias/electricidad/tarifas-de-electricidad/tarifas-de-electricidad-ano-2019/,III.   GRANDES DEMANDAS  ( >50 kW ) BAJA TENSION CON MEDIDOR HORARIO,Cargo de Comercialización:Atención al Cliente,US$/Usuario-mes,EDESAL,18.913206,2019-07-15,2019-10-15,USD
274,El Salvador,https://www.siget.gob.sv/gerencias/electricidad/tarifas-de-electricidad/tarifas-de-electricidad-ano-2019/,III.   GRANDES DEMANDAS  ( >50 kW ) BAJA TENSION CON MEDIDOR HORARIO,Cargo de  Energía:Energía en Punta,US$/kWh,EDESAL,0.166970,2019-07-15,2019-10-15,USD
275,El Salvador,https://www.siget.gob.sv/gerencias/electricidad/tarifas-de-electricidad/tarifas-de-electricidad-ano-2019/,III.   GRANDES DEMANDAS  ( >50 kW ) BAJA TENSION CON MEDIDOR HORARIO,Cargo de  Energía:Energía en Resto,US$/kWh,EDESAL,0.155188,2019-07-15,2019-10-15,USD
276,El Salvador,https://www.siget.gob.sv/gerencias/electricidad/tarifas-de-electricidad/tarifas-de-electricidad-ano-2019/,III.   GRANDES DEMANDAS  ( >50 kW ) BAJA TENSION CON MEDIDOR HORARIO,Cargo de  Energía:Energía en Valle,US$/kWh,EDESAL,0.162268,2019-07-15,2019-10-15,USD
277,El Salvador,https://www.siget.gob.sv/gerencias/electricidad/tarifas-de-electricidad/tarifas-de-electricidad-ano-2019/,III.   GRANDES DEMANDAS  ( >50 kW ) BAJA TENSION CON MEDIDOR HORARIO,Cargo de Distribución:Potencia:,US$/kW-mes,EDESAL,30.436949,2019-07-15,2019-10-15,USD
278,El Salvador,https://www.siget.gob.sv/gerencias/electricidad/tarifas-de-electricidad/tarifas-de-electricidad-ano-2019/,III.   GRANDES DEMANDAS  ( >50 kW ) BAJA TENSION CON MEDIDOR HORARIO,Cargo de Comercialización:Atención al Cliente,US$/Usuario-mes,B&D,16.576656,2019-07-15,2019-10-15,USD
279,El Salvador,https://www.siget.gob.sv/gerencias/electricidad/tarifas-de-electricidad/tarifas-de-electricidad-ano-2019/,III.   GRANDES DEMANDAS  ( >50 kW ) BAJA TENSION CON MEDIDOR HORARIO,Cargo de  Energía:Energía en Punta,US$/kWh,B&D,0.160506,2019-07-15,2019-10-15,USD
280,El Salvador,https://www.siget.gob.sv/gerencias/electricidad/tarifas-de-electricidad/tarifas-de-electricidad-ano-2019/,III.   GRANDES DEMANDAS  ( >50 kW ) BAJA TENSION CON MEDIDOR HORARIO,Cargo de  Energía:Energía en Resto,US$/kWh,B&D,0.148261,2019-07-15,2019-10-15,USD
281,El Salvador,https://www.siget.gob.sv/gerencias/electricidad/tarifas-de-electricidad/tarifas-de-electricidad-ano-2019/,III.   GRANDES DEMANDAS  ( >50 kW ) BAJA TENSION CON MEDIDOR HORARIO,Cargo de  Energía:Energía en Valle,US$/kWh,B&D,0.154878,2019-07-15,2019-10-15,USD
282,El Salvador,https://www.siget.gob.sv/gerencias/electricidad/tarifas-de-electricidad/tarifas-de-electricidad-ano-2019/,III.   GRANDES DEMANDAS  ( >50 kW ) BAJA TENSION CON MEDIDOR HORARIO,Cargo de Distribución:Potencia:,US$/kW-mes,B&D,17.049774,2019-07-15,2019-10-15,USD
283,El Salvador,https://www.siget.gob.sv/gerencias/electricidad/tarifas-de-electricidad/tarifas-de-electricidad-ano-2019/,III.   GRANDES DEMANDAS  ( >50 kW ) BAJA TENSION CON MEDIDOR HORARIO,Cargo de Comercialización:Atención al Cliente,US$/Usuario-mes,ABRUZZO,6.854962,2019-07-15,2019-10-15,USD
284,El Salvador,https://www.siget.gob.sv/gerencias/electricidad/tarifas-de-electricidad/tarifas-de-electricidad-ano-2019/,III.   GRANDES DEMANDAS  ( >50 kW ) BAJA TENSION CON MEDIDOR HORARIO,Cargo de  Energía:Energía en Punta,US$/kWh,ABRUZZO,0.183523,2019-07-15,2019-10-15,USD
285,El Salvador,https://www.siget.gob.sv/gerencias/electricidad/tarifas-de-electricidad/tarifas-de-electricidad-ano-2019/,III.   GRANDES DEMANDAS  ( >50 kW ) BAJA TENSION CON MEDIDOR HORARIO,Cargo de  Energía:Energía en Resto,US$/kWh,ABRUZZO,0.182103,2019-07-15,2019-10-15,USD
286,El Salvador,https://www.siget.gob.sv/gerencias/electricidad/tarifas-de-electricidad/tarifas-de-electricidad-ano-2019/,III.   GRANDES DEMANDAS  ( >50 kW ) BAJA TENSION CON MEDIDOR HORARIO,Cargo de  Energía:Energía en Valle,US$/kWh,ABRUZZO,0.185510,2019-07-15,2019-10-15,USD
287,El Salvador,https://www.siget.gob.sv/gerencias/electricidad/tarifas-de-electricidad/tarifas-de-electricidad-ano-2019/,III.   GRANDES DEMANDAS  ( >50 kW ) BAJA TENSION CON MEDIDOR HORARIO,Cargo de Distribución:Potencia:,US$/kW-mes,ABRUZZO,19.993942,2019-07-15,2019-10-15,USD
288,El Salvador,https://www.siget.gob.sv/gerencias/electricidad/tarifas-de-electricidad/tarifas-de-electricidad-ano-2019/,III.   GRANDES DEMANDAS  ( >50 kW ) MEDIA TENSION CON MEDIDOR HORARIO,Cargo de Comercialización:Cargo Fijo,US$/Usuario-mes,CAESS,12.385668,2019-07-15,2019-10-15,USD
289,El Salvador,https://www.siget.gob.sv/gerencias/electricidad/tarifas-de-electricidad/tarifas-de-electricidad-ano-2019/,III.   GRANDES DEMANDAS  ( >50 kW ) MEDIA TENSION CON MEDIDOR HORARIO,Cargo de  Energía:Energía en Punta,US$/kWh,CAESS,0.159846,2019-07-15,2019-10-15,USD
290,El Salvador,https://www.siget.gob.sv/gerencias/electricidad/tarifas-de-electricidad/tarifas-de-electricidad-ano-2019/,III.   GRANDES DEMANDAS  ( >50 kW ) MEDIA TENSION CON MEDIDOR HORARIO,Cargo de  Energía:Energía en Resto,US$/kWh,CAESS,0.151393,2019-07-15,2019-10-15,USD
291,El Salvador,https://www.siget.gob.sv/gerencias/electricidad/tarifas-de-electricidad/tarifas-de-electricidad-ano-2019/,III.   GRANDES DEMANDAS  ( >50 kW ) MEDIA TENSION CON MEDIDOR HORARIO,Cargo de  Energía:Energía en Valle,US$/kWh,CAESS,0.157800,2019-07-15,2019-10-15,USD
292,El Salvador,https://www.siget.gob.sv/gerencias/electricidad/tarifas-de-electricidad/tarifas-de-electricidad-ano-2019/,III.   GRANDES DEMANDAS  ( >50 kW ) MEDIA TENSION CON MEDIDOR HORARIO,Cargo de Distribución:Potencia:,US$/kW-mes,CAESS,6.913013,2019-07-15,2019-10-15,USD
293,El Salvador,https://www.siget.gob.sv/gerencias/electricidad/tarifas-de-electricidad/tarifas-de-electricidad-ano-2019/,III.   GRANDES DEMANDAS  ( >50 kW ) MEDIA TENSION CON MEDIDOR HORARIO,Cargo de Comercialización:Cargo Fijo,US$/Usuario-mes,DEL SUR,14.477260,2019-07-15,2019-10-15,USD
294,El Salvador,https://www.siget.gob.sv/gerencias/electricidad/tarifas-de-electricidad/tarifas-de-electricidad-ano-2019/,III.   GRANDES DEMANDAS  ( >50 kW ) MEDIA TENSION CON MEDIDOR HORARIO,Cargo de  Energía:Energía en Punta,US$/kWh,DEL SUR,0.155182,2019-07-15,2019-10-15,USD
295,El Salvador,https://www.siget.gob.sv/gerencias/electricidad/tarifas-de-electricidad/tarifas-de-electricidad-ano-2019/,III.   GRANDES DEMANDAS  ( >50 kW ) MEDIA TENSION CON MEDIDOR HORARIO,Cargo de  Energía:Energía en Resto,US$/kWh,DEL SUR,0.142757,2019-07-15,2019-10-15,USD
296,El Salvador,https://www.siget.gob.sv/gerencias/electricidad/tarifas-de-electricidad/tarifas-de-electricidad-ano-2019/,III.   GRANDES DEMANDAS  ( >50 kW ) MEDIA TENSION CON MEDIDOR HORARIO,Cargo de  Energía:Energía en Valle,US$/kWh,DEL SUR,0.153661,2019-07-15,2019-10-15,USD
297,El Salvador,https://www.siget.gob.sv/gerencias/electricidad/tarifas-de-electricidad/tarifas-de-electricidad-ano-2019/,III.   GRANDES DEMANDAS  ( >50 kW ) MEDIA TENSION CON MEDIDOR HORARIO,Cargo de Distribución:Potencia:,US$/kW-mes,DEL SUR,6.821509,2019-07-15,2019-10-15,USD
298,El Salvador,https://www.siget.gob.sv/gerencias/electricidad/tarifas-de-electricidad/tarifas-de-electricidad-ano-2019/,III.   GRANDES DEMANDAS  ( >50 kW ) MEDIA TENSION CON MEDIDOR HORARIO,Cargo de Comercialización:Cargo Fijo,US$/Usuario-mes,CLESA,11.349865,2019-07-15,2019-10-15,USD
299,El Salvador,https://www.siget.gob.sv/gerencias/electricidad/tarifas-de-electricidad/tarifas-de-electricidad-ano-2019/,III.   GRANDES DEMANDAS  ( >50 kW ) MEDIA TENSION CON MEDIDOR HORARIO,Cargo de  Energía:Energía en Punta,US$/kWh,CLESA,0.165243,2019-07-15,2019-10-15,USD
300,El Salvador,https://www.siget.gob.sv/gerencias/electricidad/tarifas-de-electricidad/tarifas-de-electricidad-ano-2019/,III.   GRANDES DEMANDAS  ( >50 kW ) MEDIA TENSION CON MEDIDOR HORARIO,Cargo de  Energía:Energía en Resto,US$/kWh,CLESA,0.142724,2019-07-15,2019-10-15,USD
301,El Salvador,https://www.siget.gob.sv/gerencias/electricidad/tarifas-de-electricidad/tarifas-de-electricidad-ano-2019/,III.   GRANDES DEMANDAS  ( >50 kW ) MEDIA TENSION CON MEDIDOR HORARIO,Cargo de  Energía:Energía en Valle,US$/kWh,CLESA,0.165154,2019-07-15,2019-10-15,USD
302,El Salvador,https://www.siget.gob.sv/gerencias/electricidad/tarifas-de-electricidad/tarifas-de-electricidad-ano-2019/,III.   GRANDES DEMANDAS  ( >50 kW ) MEDIA TENSION CON MEDIDOR HORARIO,Cargo de Distribución:Potencia:,US$/kW-mes,CLESA,12.788341,2019-07-15,2019-10-15,USD
303,El Salvador,https://www.siget.gob.sv/gerencias/electricidad/tarifas-de-electricidad/tarifas-de-electricidad-ano-2019/,III.   GRANDES DEMANDAS  ( >50 kW ) MEDIA TENSION CON MEDIDOR HORARIO,Cargo de Comercialización:Cargo Fijo,US$/Usuario-mes,EEO,13.197498,2019-07-15,2019-10-15,USD
304,El Salvador,https://www.siget.gob.sv/gerencias/electricidad/tarifas-de-electricidad/tarifas-de-electricidad-ano-2019/,III.   GRANDES DEMANDAS  ( >50 kW ) MEDIA TENSION CON MEDIDOR HORARIO,Cargo de  Energía:Energía en Punta,US$/kWh,EEO,0.164971,2019-07-15,2019-10-15,USD
305,El Salvador,https://www.siget.gob.sv/gerencias/electricidad/tarifas-de-electricidad/tarifas-de-electricidad-ano-2019/,III.   GRANDES DEMANDAS  ( >50 kW ) MEDIA TENSION CON MEDIDOR HORARIO,Cargo de  Energía:Energía en Resto,US$/kWh,EEO,0.135700,2019-07-15,2019-10-15,USD
306,El Salvador,https://www.siget.gob.sv/gerencias/electricidad/tarifas-de-electricidad/tarifas-de-electricidad-ano-2019/,III.   GRANDES DEMANDAS  ( >50 kW ) MEDIA TENSION CON MEDIDOR HORARIO,Cargo de  Energía:Energía en Valle,US$/kWh,EEO,0.165009,2019-07-15,2019-10-15,USD
307,El Salvador,https://www.siget.gob.sv/gerencias/electricidad/tarifas-de-electricidad/tarifas-de-electricidad-ano-2019/,III.   GRANDES DEMANDAS  ( >50 kW ) MEDIA TENSION CON MEDIDOR HORARIO,Cargo de Distribución:Potencia:,US$/kW-mes,EEO,17.416747,2019-07-15,2019-10-15,USD
308,El Salvador,https://www.siget.gob.sv/gerencias/electricidad/tarifas-de-electricidad/tarifas-de-electricidad-ano-2019/,III.   GRANDES DEMANDAS  ( >50 kW ) MEDIA TENSION CON MEDIDOR HORARIO,Cargo de Comercialización:Cargo Fijo,US$/Usuario-mes,DEUSEM,12.013496,2019-07-15,2019-10-15,USD
309,El Salvador,https://www.siget.gob.sv/gerencias/electricidad/tarifas-de-electricidad/tarifas-de-electricidad-ano-2019/,III.   GRANDES DEMANDAS  ( >50 kW ) MEDIA TENSION CON MEDIDOR HORARIO,Cargo de  Energía:Energía en Punta,US$/kWh,DEUSEM,0.168550,2019-07-15,2019-10-15,USD
310,El Salvador,https://www.siget.gob.sv/gerencias/electricidad/tarifas-de-electricidad/tarifas-de-electricidad-ano-2019/,III.   GRANDES DEMANDAS  ( >50 kW ) MEDIA TENSION CON MEDIDOR HORARIO,Cargo de  Energía:Energía en Resto,US$/kWh,DEUSEM,0.135771,2019-07-15,2019-10-15,USD
311,El Salvador,https://www.siget.gob.sv/gerencias/electricidad/tarifas-de-electricidad/tarifas-de-electricidad-ano-2019/,III.   GRANDES DEMANDAS  ( >50 kW ) MEDIA TENSION CON MEDIDOR HORARIO,Cargo de  Energía:Energía en Valle,US$/kWh,DEUSEM,0.169487,2019-07-15,2019-10-15,USD
312,El Salvador,https://www.siget.gob.sv/gerencias/electricidad/tarifas-de-electricidad/tarifas-de-electricidad-ano-2019/,III.   GRANDES DEMANDAS  ( >50 kW ) MEDIA TENSION CON MEDIDOR HORARIO,Cargo de Distribución:Potencia:,US$/kW-mes,DEUSEM,18.625066,2019-07-15,2019-10-15,USD
313,El Salvador,https://www.siget.gob.sv/gerencias/electricidad/tarifas-de-electricidad/tarifas-de-electricidad-ano-2019/,III.   GRANDES DEMANDAS  ( >50 kW ) MEDIA TENSION CON MEDIDOR HORARIO,Cargo de Comercialización:Cargo Fijo,US$/Usuario-mes,EDESAL,18.913206,2019-07-15,2019-10-15,USD
314,El Salvador,https://www.siget.gob.sv/gerencias/electricidad/tarifas-de-electricidad/tarifas-de-electricidad-ano-2019/,III.   GRANDES DEMANDAS  ( >50 kW ) MEDIA TENSION CON MEDIDOR HORARIO,Cargo de  Energía:Energía en Punta,US$/kWh,EDESAL,0.154964,2019-07-15,2019-10-15,USD
315,El Salvador,https://www.siget.gob.sv/gerencias/electricidad/tarifas-de-electricidad/tarifas-de-electricidad-ano-2019/,III.   GRANDES DEMANDAS  ( >50 kW ) MEDIA TENSION CON MEDIDOR HORARIO,Cargo de  Energía:Energía en Resto,US$/kWh,EDESAL,0.144029,2019-07-15,2019-10-15,USD
316,El Salvador,https://www.siget.gob.sv/gerencias/electricidad/tarifas-de-electricidad/tarifas-de-electricidad-ano-2019/,III.   GRANDES DEMANDAS  ( >50 kW ) MEDIA TENSION CON MEDIDOR HORARIO,Cargo de  Energía:Energía en Valle,US$/kWh,EDESAL,0.150600,2019-07-15,2019-10-15,USD
317,El Salvador,https://www.siget.gob.sv/gerencias/electricidad/tarifas-de-electricidad/tarifas-de-electricidad-ano-2019/,III.   GRANDES DEMANDAS  ( >50 kW ) MEDIA TENSION CON MEDIDOR HORARIO,Cargo de Distribución:Potencia:,US$/kW-mes,EDESAL,9.471926,2019-07-15,2019-10-15,USD
318,El Salvador,https://www.siget.gob.sv/gerencias/electricidad/tarifas-de-electricidad/tarifas-de-electricidad-ano-2019/,III.   GRANDES DEMANDAS  ( >50 kW ) MEDIA TENSION CON MEDIDOR HORARIO,Cargo de Comercialización:Cargo Fijo,US$/Usuario-mes,B&D,16.576656,2019-07-15,2019-10-15,USD
319,El Salvador,https://www.siget.gob.sv/gerencias/electricidad/tarifas-de-electricidad/tarifas-de-electricidad-ano-2019/,III.   GRANDES DEMANDAS  ( >50 kW ) MEDIA TENSION CON MEDIDOR HORARIO,Cargo de  Energía:Energía en Punta,US$/kWh,B&D,0.152562,2019-07-15,2019-10-15,USD
320,El Salvador,https://www.siget.gob.sv/gerencias/electricidad/tarifas-de-electricidad/tarifas-de-electricidad-ano-2019/,III.   GRANDES DEMANDAS  ( >50 kW ) MEDIA TENSION CON MEDIDOR HORARIO,Cargo de  Energía:Energía en Resto,US$/kWh,B&D,0.140923,2019-07-15,2019-10-15,USD
321,El Salvador,https://www.siget.gob.sv/gerencias/electricidad/tarifas-de-electricidad/tarifas-de-electricidad-ano-2019/,III.   GRANDES DEMANDAS  ( >50 kW ) MEDIA TENSION CON MEDIDOR HORARIO,Cargo de  Energía:Energía en Valle,US$/kWh,B&D,0.147212,2019-07-15,2019-10-15,USD
322,El Salvador,https://www.siget.gob.sv/gerencias/electricidad/tarifas-de-electricidad/tarifas-de-electricidad-ano-2019/,III.   GRANDES DEMANDAS  ( >50 kW ) MEDIA TENSION CON MEDIDOR HORARIO,Cargo de Distribución:Potencia:,US$/kW-mes,B&D,10.442386,2019-07-15,2019-10-15,USD
323,El Salvador,https://www.siget.gob.sv/gerencias/electricidad/tarifas-de-electricidad/tarifas-de-electricidad-ano-2019/,III.   GRANDES DEMANDAS  ( >50 kW ) MEDIA TENSION CON MEDIDOR HORARIO,Cargo de Comercialización:Cargo Fijo,US$/Usuario-mes,ABRUZZO,6.854962,2019-07-15,2019-10-15,USD
324,El Salvador,https://www.siget.gob.sv/gerencias/electricidad/tarifas-de-electricidad/tarifas-de-electricidad-ano-2019/,III.   GRANDES DEMANDAS  ( >50 kW ) MEDIA TENSION CON MEDIDOR HORARIO,Cargo de  Energía:Energía en Punta,US$/kWh,ABRUZZO,0.162193,2019-07-15,2019-10-15,USD
325,El Salvador,https://www.siget.gob.sv/gerencias/electricidad/tarifas-de-electricidad/tarifas-de-electricidad-ano-2019/,III.   GRANDES DEMANDAS  ( >50 kW ) MEDIA TENSION CON MEDIDOR HORARIO,Cargo de  Energía:Energía en Resto,US$/kWh,ABRUZZO,0.160938,2019-07-15,2019-10-15,USD
326,El Salvador,https://www.siget.gob.sv/gerencias/electricidad/tarifas-de-electricidad/tarifas-de-electricidad-ano-2019/,III.   GRANDES DEMANDAS  ( >50 kW ) MEDIA TENSION CON MEDIDOR HORARIO,Cargo de  Energía:Energía en Valle,US$/kWh,ABRUZZO,0.163949,2019-07-15,2019-10-15,USD
327,El Salvador,https://www.siget.gob.sv/gerencias/electricidad/tarifas-de-electricidad/tarifas-de-electricidad-ano-2019/,III.   GRANDES DEMANDAS  ( >50 kW ) MEDIA TENSION CON MEDIDOR HORARIO,Cargo de Distribución:Potencia:,US$/kW-mes,ABRUZZO,5.151424,2019-07-15,2019-10-15,USD
