,Country,Document_link,Tariff_code,Component,Unit,Utility,Charge,Date_start,Date_end,$local
0,El Salvador,https://www.siget.gob.sv/gerencias/electricidad/tarifas-de-electricidad/tarifas-de-electricidad-ano-2014/,I.   PEQUEÑAS DEMANDAS  (0 < kW < 10) BAJA TENSION Bloque 1: Primeros 99 kWh/mes,Cargo de Comercialización:Cargo Fijo,US$/Usuario-mes,CAESS,0.864952,2014-01-15,2014-04-15,USD
1,El Salvador,https://www.siget.gob.sv/gerencias/electricidad/tarifas-de-electricidad/tarifas-de-electricidad-ano-2014/,I.   PEQUEÑAS DEMANDAS  (0 < kW < 10) BAJA TENSION Bloque 1: Primeros 99 kWh/mes,Cargo de  Energía:Cargo Variable,US$/kWh,CAESS,0.188920,2014-01-15,2014-04-15,USD
2,El Salvador,https://www.siget.gob.sv/gerencias/electricidad/tarifas-de-electricidad/tarifas-de-electricidad-ano-2014/,I.   PEQUEÑAS DEMANDAS  (0 < kW < 10) BAJA TENSION Bloque 1: Primeros 99 kWh/mes,Cargo de Distribución:Cargo Variable,US$/kWh,CAESS,0.029971,2014-01-15,2014-04-15,USD
3,El Salvador,https://www.siget.gob.sv/gerencias/electricidad/tarifas-de-electricidad/tarifas-de-electricidad-ano-2014/,I.   PEQUEÑAS DEMANDAS  (0 < kW < 10) BAJA TENSION Bloque 1: Primeros 99 kWh/mes,Cargo de Comercialización:Cargo Fijo,US$/Usuario-mes,DEL SUR,0.970762,2014-01-15,2014-04-15,USD
4,El Salvador,https://www.siget.gob.sv/gerencias/electricidad/tarifas-de-electricidad/tarifas-de-electricidad-ano-2014/,I.   PEQUEÑAS DEMANDAS  (0 < kW < 10) BAJA TENSION Bloque 1: Primeros 99 kWh/mes,Cargo de  Energía:Cargo Variable,US$/kWh,DEL SUR,0.195029,2014-01-15,2014-04-15,USD
5,El Salvador,https://www.siget.gob.sv/gerencias/electricidad/tarifas-de-electricidad/tarifas-de-electricidad-ano-2014/,I.   PEQUEÑAS DEMANDAS  (0 < kW < 10) BAJA TENSION Bloque 1: Primeros 99 kWh/mes,Cargo de Distribución:Cargo Variable,US$/kWh,DEL SUR,0.049673,2014-01-15,2014-04-15,USD
6,El Salvador,https://www.siget.gob.sv/gerencias/electricidad/tarifas-de-electricidad/tarifas-de-electricidad-ano-2014/,I.   PEQUEÑAS DEMANDAS  (0 < kW < 10) BAJA TENSION Bloque 1: Primeros 99 kWh/mes,Cargo de Comercialización:Cargo Fijo,US$/Usuario-mes,CLESA,0.822731,2014-01-15,2014-04-15,USD
7,El Salvador,https://www.siget.gob.sv/gerencias/electricidad/tarifas-de-electricidad/tarifas-de-electricidad-ano-2014/,I.   PEQUEÑAS DEMANDAS  (0 < kW < 10) BAJA TENSION Bloque 1: Primeros 99 kWh/mes,Cargo de  Energía:Cargo Variable,US$/kWh,CLESA,0.194377,2014-01-15,2014-04-15,USD
8,El Salvador,https://www.siget.gob.sv/gerencias/electricidad/tarifas-de-electricidad/tarifas-de-electricidad-ano-2014/,I.   PEQUEÑAS DEMANDAS  (0 < kW < 10) BAJA TENSION Bloque 1: Primeros 99 kWh/mes,Cargo de Distribución:Cargo Variable,US$/kWh,CLESA,0.061685,2014-01-15,2014-04-15,USD
9,El Salvador,https://www.siget.gob.sv/gerencias/electricidad/tarifas-de-electricidad/tarifas-de-electricidad-ano-2014/,I.   PEQUEÑAS DEMANDAS  (0 < kW < 10) BAJA TENSION Bloque 1: Primeros 99 kWh/mes,Cargo de Comercialización:Cargo Fijo,US$/Usuario-mes,EEO,0.932619,2014-01-15,2014-04-15,USD
10,El Salvador,https://www.siget.gob.sv/gerencias/electricidad/tarifas-de-electricidad/tarifas-de-electricidad-ano-2014/,I.   PEQUEÑAS DEMANDAS  (0 < kW < 10) BAJA TENSION Bloque 1: Primeros 99 kWh/mes,Cargo de  Energía:Cargo Variable,US$/kWh,EEO,0.197780,2014-01-15,2014-04-15,USD
11,El Salvador,https://www.siget.gob.sv/gerencias/electricidad/tarifas-de-electricidad/tarifas-de-electricidad-ano-2014/,I.   PEQUEÑAS DEMANDAS  (0 < kW < 10) BAJA TENSION Bloque 1: Primeros 99 kWh/mes,Cargo de Distribución:Cargo Variable,US$/kWh,EEO,0.067693,2014-01-15,2014-04-15,USD
12,El Salvador,https://www.siget.gob.sv/gerencias/electricidad/tarifas-de-electricidad/tarifas-de-electricidad-ano-2014/,I.   PEQUEÑAS DEMANDAS  (0 < kW < 10) BAJA TENSION Bloque 1: Primeros 99 kWh/mes,Cargo de Comercialización:Cargo Fijo,US$/Usuario-mes,DEUSEM,0.929202,2014-01-15,2014-04-15,USD
13,El Salvador,https://www.siget.gob.sv/gerencias/electricidad/tarifas-de-electricidad/tarifas-de-electricidad-ano-2014/,I.   PEQUEÑAS DEMANDAS  (0 < kW < 10) BAJA TENSION Bloque 1: Primeros 99 kWh/mes,Cargo de  Energía:Cargo Variable,US$/kWh,DEUSEM,0.198261,2014-01-15,2014-04-15,USD
14,El Salvador,https://www.siget.gob.sv/gerencias/electricidad/tarifas-de-electricidad/tarifas-de-electricidad-ano-2014/,I.   PEQUEÑAS DEMANDAS  (0 < kW < 10) BAJA TENSION Bloque 1: Primeros 99 kWh/mes,Cargo de Distribución:Cargo Variable,US$/kWh,DEUSEM,0.076613,2014-01-15,2014-04-15,USD
15,El Salvador,https://www.siget.gob.sv/gerencias/electricidad/tarifas-de-electricidad/tarifas-de-electricidad-ano-2014/,I.   PEQUEÑAS DEMANDAS  (0 < kW < 10) BAJA TENSION Bloque 1: Primeros 99 kWh/mes,Cargo de Comercialización:Cargo Fijo,US$/Usuario-mes,EDESAL,2.020086,2014-01-15,2014-04-15,USD
16,El Salvador,https://www.siget.gob.sv/gerencias/electricidad/tarifas-de-electricidad/tarifas-de-electricidad-ano-2014/,I.   PEQUEÑAS DEMANDAS  (0 < kW < 10) BAJA TENSION Bloque 1: Primeros 99 kWh/mes,Cargo de  Energía:Cargo Variable,US$/kWh,EDESAL,0.203274,2014-01-15,2014-04-15,USD
17,El Salvador,https://www.siget.gob.sv/gerencias/electricidad/tarifas-de-electricidad/tarifas-de-electricidad-ano-2014/,I.   PEQUEÑAS DEMANDAS  (0 < kW < 10) BAJA TENSION Bloque 1: Primeros 99 kWh/mes,Cargo de Distribución:Cargo Variable,US$/kWh,EDESAL,0.083650,2014-01-15,2014-04-15,USD
18,El Salvador,https://www.siget.gob.sv/gerencias/electricidad/tarifas-de-electricidad/tarifas-de-electricidad-ano-2014/,I.   PEQUEÑAS DEMANDAS  (0 < kW < 10) BAJA TENSION Bloque 1: Primeros 99 kWh/mes,Cargo de Comercialización:Cargo Fijo,US$/Usuario-mes,B&D,0.813496,2014-01-15,2014-04-15,USD
19,El Salvador,https://www.siget.gob.sv/gerencias/electricidad/tarifas-de-electricidad/tarifas-de-electricidad-ano-2014/,I.   PEQUEÑAS DEMANDAS  (0 < kW < 10) BAJA TENSION Bloque 1: Primeros 99 kWh/mes,Cargo de  Energía:Cargo Variable,US$/kWh,B&D,0.181132,2014-01-15,2014-04-15,USD
20,El Salvador,https://www.siget.gob.sv/gerencias/electricidad/tarifas-de-electricidad/tarifas-de-electricidad-ano-2014/,I.   PEQUEÑAS DEMANDAS  (0 < kW < 10) BAJA TENSION Bloque 1: Primeros 99 kWh/mes,Cargo de Distribución:Cargo Variable,US$/kWh,B&D,0.023401,2014-01-15,2014-04-15,USD
21,El Salvador,https://www.siget.gob.sv/gerencias/electricidad/tarifas-de-electricidad/tarifas-de-electricidad-ano-2014/,I.   PEQUEÑAS DEMANDAS  (0 < kW < 10) BAJA TENSION Bloque 1: Primeros 99 kWh/mes,Cargo de Comercialización:Cargo Fijo,US$/Usuario-mes,ABRUZZO,0.862856,2014-01-15,2014-04-15,USD
22,El Salvador,https://www.siget.gob.sv/gerencias/electricidad/tarifas-de-electricidad/tarifas-de-electricidad-ano-2014/,I.   PEQUEÑAS DEMANDAS  (0 < kW < 10) BAJA TENSION Bloque 1: Primeros 99 kWh/mes,Cargo de  Energía:Cargo Variable,US$/kWh,ABRUZZO,0.188310,2014-01-15,2014-04-15,USD
23,El Salvador,https://www.siget.gob.sv/gerencias/electricidad/tarifas-de-electricidad/tarifas-de-electricidad-ano-2014/,I.   PEQUEÑAS DEMANDAS  (0 < kW < 10) BAJA TENSION Bloque 1: Primeros 99 kWh/mes,Cargo de Distribución:Cargo Variable,US$/kWh,ABRUZZO,0.036872,2014-01-15,2014-04-15,USD
24,El Salvador,https://www.siget.gob.sv/gerencias/electricidad/tarifas-de-electricidad/tarifas-de-electricidad-ano-2014/,I.   PEQUEÑAS DEMANDAS  (0 < kW < 10) BAJA TENSION Bloque 2: Consumos entre 100 kWh/mes y 199 kWh/mes,Cargo de Comercialización:Cargo Fijo,US$/Usuario-mes,CAESS,0.864952,2014-01-15,2014-04-15,USD
25,El Salvador,https://www.siget.gob.sv/gerencias/electricidad/tarifas-de-electricidad/tarifas-de-electricidad-ano-2014/,I.   PEQUEÑAS DEMANDAS  (0 < kW < 10) BAJA TENSION Bloque 2: Consumos entre 100 kWh/mes y 199 kWh/mes,Cargo de  Energía:Cargo Variable,US$/kWh,CAESS,0.188901,2014-01-15,2014-04-15,USD
26,El Salvador,https://www.siget.gob.sv/gerencias/electricidad/tarifas-de-electricidad/tarifas-de-electricidad-ano-2014/,I.   PEQUEÑAS DEMANDAS  (0 < kW < 10) BAJA TENSION Bloque 2: Consumos entre 100 kWh/mes y 199 kWh/mes,Cargo de Distribución:Cargo Variable,US$/kWh,CAESS,0.032723,2014-01-15,2014-04-15,USD
27,El Salvador,https://www.siget.gob.sv/gerencias/electricidad/tarifas-de-electricidad/tarifas-de-electricidad-ano-2014/,I.   PEQUEÑAS DEMANDAS  (0 < kW < 10) BAJA TENSION Bloque 2: Consumos entre 100 kWh/mes y 199 kWh/mes,Cargo de Comercialización:Cargo Fijo,US$/Usuario-mes,DEL SUR,0.970762,2014-01-15,2014-04-15,USD
28,El Salvador,https://www.siget.gob.sv/gerencias/electricidad/tarifas-de-electricidad/tarifas-de-electricidad-ano-2014/,I.   PEQUEÑAS DEMANDAS  (0 < kW < 10) BAJA TENSION Bloque 2: Consumos entre 100 kWh/mes y 199 kWh/mes,Cargo de  Energía:Cargo Variable,US$/kWh,DEL SUR,0.194403,2014-01-15,2014-04-15,USD
29,El Salvador,https://www.siget.gob.sv/gerencias/electricidad/tarifas-de-electricidad/tarifas-de-electricidad-ano-2014/,I.   PEQUEÑAS DEMANDAS  (0 < kW < 10) BAJA TENSION Bloque 2: Consumos entre 100 kWh/mes y 199 kWh/mes,Cargo de Distribución:Cargo Variable,US$/kWh,DEL SUR,0.059508,2014-01-15,2014-04-15,USD
30,El Salvador,https://www.siget.gob.sv/gerencias/electricidad/tarifas-de-electricidad/tarifas-de-electricidad-ano-2014/,I.   PEQUEÑAS DEMANDAS  (0 < kW < 10) BAJA TENSION Bloque 2: Consumos entre 100 kWh/mes y 199 kWh/mes,Cargo de Comercialización:Cargo Fijo,US$/Usuario-mes,CLESA,0.822731,2014-01-15,2014-04-15,USD
31,El Salvador,https://www.siget.gob.sv/gerencias/electricidad/tarifas-de-electricidad/tarifas-de-electricidad-ano-2014/,I.   PEQUEÑAS DEMANDAS  (0 < kW < 10) BAJA TENSION Bloque 2: Consumos entre 100 kWh/mes y 199 kWh/mes,Cargo de  Energía:Cargo Variable,US$/kWh,CLESA,0.194346,2014-01-15,2014-04-15,USD
32,El Salvador,https://www.siget.gob.sv/gerencias/electricidad/tarifas-de-electricidad/tarifas-de-electricidad-ano-2014/,I.   PEQUEÑAS DEMANDAS  (0 < kW < 10) BAJA TENSION Bloque 2: Consumos entre 100 kWh/mes y 199 kWh/mes,Cargo de Distribución:Cargo Variable,US$/kWh,CLESA,0.027271,2014-01-15,2014-04-15,USD
33,El Salvador,https://www.siget.gob.sv/gerencias/electricidad/tarifas-de-electricidad/tarifas-de-electricidad-ano-2014/,I.   PEQUEÑAS DEMANDAS  (0 < kW < 10) BAJA TENSION Bloque 2: Consumos entre 100 kWh/mes y 199 kWh/mes,Cargo de Comercialización:Cargo Fijo,US$/Usuario-mes,EEO,0.932619,2014-01-15,2014-04-15,USD
34,El Salvador,https://www.siget.gob.sv/gerencias/electricidad/tarifas-de-electricidad/tarifas-de-electricidad-ano-2014/,I.   PEQUEÑAS DEMANDAS  (0 < kW < 10) BAJA TENSION Bloque 2: Consumos entre 100 kWh/mes y 199 kWh/mes,Cargo de  Energía:Cargo Variable,US$/kWh,EEO,0.197074,2014-01-15,2014-04-15,USD
35,El Salvador,https://www.siget.gob.sv/gerencias/electricidad/tarifas-de-electricidad/tarifas-de-electricidad-ano-2014/,I.   PEQUEÑAS DEMANDAS  (0 < kW < 10) BAJA TENSION Bloque 2: Consumos entre 100 kWh/mes y 199 kWh/mes,Cargo de Distribución:Cargo Variable,US$/kWh,EEO,0.034991,2014-01-15,2014-04-15,USD
36,El Salvador,https://www.siget.gob.sv/gerencias/electricidad/tarifas-de-electricidad/tarifas-de-electricidad-ano-2014/,I.   PEQUEÑAS DEMANDAS  (0 < kW < 10) BAJA TENSION Bloque 2: Consumos entre 100 kWh/mes y 199 kWh/mes,Cargo de Comercialización:Cargo Fijo,US$/Usuario-mes,DEUSEM,0.929202,2014-01-15,2014-04-15,USD
37,El Salvador,https://www.siget.gob.sv/gerencias/electricidad/tarifas-de-electricidad/tarifas-de-electricidad-ano-2014/,I.   PEQUEÑAS DEMANDAS  (0 < kW < 10) BAJA TENSION Bloque 2: Consumos entre 100 kWh/mes y 199 kWh/mes,Cargo de  Energía:Cargo Variable,US$/kWh,DEUSEM,0.198443,2014-01-15,2014-04-15,USD
38,El Salvador,https://www.siget.gob.sv/gerencias/electricidad/tarifas-de-electricidad/tarifas-de-electricidad-ano-2014/,I.   PEQUEÑAS DEMANDAS  (0 < kW < 10) BAJA TENSION Bloque 2: Consumos entre 100 kWh/mes y 199 kWh/mes,Cargo de Distribución:Cargo Variable,US$/kWh,DEUSEM,0.036220,2014-01-15,2014-04-15,USD
39,El Salvador,https://www.siget.gob.sv/gerencias/electricidad/tarifas-de-electricidad/tarifas-de-electricidad-ano-2014/,I.   PEQUEÑAS DEMANDAS  (0 < kW < 10) BAJA TENSION Bloque 2: Consumos entre 100 kWh/mes y 199 kWh/mes,Cargo de Comercialización:Cargo Fijo,US$/Usuario-mes,EDESAL,2.020086,2014-01-15,2014-04-15,USD
40,El Salvador,https://www.siget.gob.sv/gerencias/electricidad/tarifas-de-electricidad/tarifas-de-electricidad-ano-2014/,I.   PEQUEÑAS DEMANDAS  (0 < kW < 10) BAJA TENSION Bloque 2: Consumos entre 100 kWh/mes y 199 kWh/mes,Cargo de  Energía:Cargo Variable,US$/kWh,EDESAL,0.200403,2014-01-15,2014-04-15,USD
41,El Salvador,https://www.siget.gob.sv/gerencias/electricidad/tarifas-de-electricidad/tarifas-de-electricidad-ano-2014/,I.   PEQUEÑAS DEMANDAS  (0 < kW < 10) BAJA TENSION Bloque 2: Consumos entre 100 kWh/mes y 199 kWh/mes,Cargo de Distribución:Cargo Variable,US$/kWh,EDESAL,0.071593,2014-01-15,2014-04-15,USD
42,El Salvador,https://www.siget.gob.sv/gerencias/electricidad/tarifas-de-electricidad/tarifas-de-electricidad-ano-2014/,I.   PEQUEÑAS DEMANDAS  (0 < kW < 10) BAJA TENSION Bloque 2: Consumos entre 100 kWh/mes y 199 kWh/mes,Cargo de Comercialización:Cargo Fijo,US$/Usuario-mes,B&D,0.813496,2014-01-15,2014-04-15,USD
43,El Salvador,https://www.siget.gob.sv/gerencias/electricidad/tarifas-de-electricidad/tarifas-de-electricidad-ano-2014/,I.   PEQUEÑAS DEMANDAS  (0 < kW < 10) BAJA TENSION Bloque 2: Consumos entre 100 kWh/mes y 199 kWh/mes,Cargo de  Energía:Cargo Variable,US$/kWh,B&D,0.184010,2014-01-15,2014-04-15,USD
44,El Salvador,https://www.siget.gob.sv/gerencias/electricidad/tarifas-de-electricidad/tarifas-de-electricidad-ano-2014/,I.   PEQUEÑAS DEMANDAS  (0 < kW < 10) BAJA TENSION Bloque 2: Consumos entre 100 kWh/mes y 199 kWh/mes,Cargo de Distribución:Cargo Variable,US$/kWh,B&D,0.025104,2014-01-15,2014-04-15,USD
45,El Salvador,https://www.siget.gob.sv/gerencias/electricidad/tarifas-de-electricidad/tarifas-de-electricidad-ano-2014/,I.   PEQUEÑAS DEMANDAS  (0 < kW < 10) BAJA TENSION Bloque 2: Consumos entre 100 kWh/mes y 199 kWh/mes,Cargo de Comercialización:Cargo Fijo,US$/Usuario-mes,ABRUZZO,0.862856,2014-01-15,2014-04-15,USD
46,El Salvador,https://www.siget.gob.sv/gerencias/electricidad/tarifas-de-electricidad/tarifas-de-electricidad-ano-2014/,I.   PEQUEÑAS DEMANDAS  (0 < kW < 10) BAJA TENSION Bloque 2: Consumos entre 100 kWh/mes y 199 kWh/mes,Cargo de  Energía:Cargo Variable,US$/kWh,ABRUZZO,0.187051,2014-01-15,2014-04-15,USD
47,El Salvador,https://www.siget.gob.sv/gerencias/electricidad/tarifas-de-electricidad/tarifas-de-electricidad-ano-2014/,I.   PEQUEÑAS DEMANDAS  (0 < kW < 10) BAJA TENSION Bloque 2: Consumos entre 100 kWh/mes y 199 kWh/mes,Cargo de Distribución:Cargo Variable,US$/kWh,ABRUZZO,0.040358,2014-01-15,2014-04-15,USD
48,El Salvador,https://www.siget.gob.sv/gerencias/electricidad/tarifas-de-electricidad/tarifas-de-electricidad-ano-2014/,I.   PEQUEÑAS DEMANDAS  (0 < kW < 10) BAJA TENSION Bloque 3: Consumos mayores o iguales a 200 kWh/mes,Cargo de Comercialización:Cargo Fijo,US$/Usuario-mes,CAESS,0.864952,2014-01-15,2014-04-15,USD
49,El Salvador,https://www.siget.gob.sv/gerencias/electricidad/tarifas-de-electricidad/tarifas-de-electricidad-ano-2014/,I.   PEQUEÑAS DEMANDAS  (0 < kW < 10) BAJA TENSION Bloque 3: Consumos mayores o iguales a 200 kWh/mes,Cargo de  Energía:Cargo Variable,US$/kWh,CAESS,0.189050,2014-01-15,2014-04-15,USD
50,El Salvador,https://www.siget.gob.sv/gerencias/electricidad/tarifas-de-electricidad/tarifas-de-electricidad-ano-2014/,I.   PEQUEÑAS DEMANDAS  (0 < kW < 10) BAJA TENSION Bloque 3: Consumos mayores o iguales a 200 kWh/mes,Cargo de Distribución:Cargo Variable,US$/kWh,CAESS,0.041405,2014-01-15,2014-04-15,USD
51,El Salvador,https://www.siget.gob.sv/gerencias/electricidad/tarifas-de-electricidad/tarifas-de-electricidad-ano-2014/,I.   PEQUEÑAS DEMANDAS  (0 < kW < 10) BAJA TENSION Bloque 3: Consumos mayores o iguales a 200 kWh/mes,Cargo de Comercialización:Cargo Fijo,US$/Usuario-mes,DELSUR,0.970762,2014-01-15,2014-04-15,USD
52,El Salvador,https://www.siget.gob.sv/gerencias/electricidad/tarifas-de-electricidad/tarifas-de-electricidad-ano-2014/,I.   PEQUEÑAS DEMANDAS  (0 < kW < 10) BAJA TENSION Bloque 3: Consumos mayores o iguales a 200 kWh/mes,Cargo de  Energía:Cargo Variable,US$/kWh,DELSUR,0.194216,2014-01-15,2014-04-15,USD
53,El Salvador,https://www.siget.gob.sv/gerencias/electricidad/tarifas-de-electricidad/tarifas-de-electricidad-ano-2014/,I.   PEQUEÑAS DEMANDAS  (0 < kW < 10) BAJA TENSION Bloque 3: Consumos mayores o iguales a 200 kWh/mes,Cargo de Distribución:Cargo Variable,US$/kWh,DELSUR,0.069810,2014-01-15,2014-04-15,USD
54,El Salvador,https://www.siget.gob.sv/gerencias/electricidad/tarifas-de-electricidad/tarifas-de-electricidad-ano-2014/,I.   PEQUEÑAS DEMANDAS  (0 < kW < 10) BAJA TENSION Bloque 3: Consumos mayores o iguales a 200 kWh/mes,Cargo de Comercialización:Cargo Fijo,US$/Usuario-mes,CLESA,0.822731,2014-01-15,2014-04-15,USD
55,El Salvador,https://www.siget.gob.sv/gerencias/electricidad/tarifas-de-electricidad/tarifas-de-electricidad-ano-2014/,I.   PEQUEÑAS DEMANDAS  (0 < kW < 10) BAJA TENSION Bloque 3: Consumos mayores o iguales a 200 kWh/mes,Cargo de  Energía:Cargo Variable,US$/kWh,CLESA,0.194405,2014-01-15,2014-04-15,USD
56,El Salvador,https://www.siget.gob.sv/gerencias/electricidad/tarifas-de-electricidad/tarifas-de-electricidad-ano-2014/,I.   PEQUEÑAS DEMANDAS  (0 < kW < 10) BAJA TENSION Bloque 3: Consumos mayores o iguales a 200 kWh/mes,Cargo de Distribución:Cargo Variable,US$/kWh,CLESA,0.077695,2014-01-15,2014-04-15,USD
57,El Salvador,https://www.siget.gob.sv/gerencias/electricidad/tarifas-de-electricidad/tarifas-de-electricidad-ano-2014/,I.   PEQUEÑAS DEMANDAS  (0 < kW < 10) BAJA TENSION Bloque 3: Consumos mayores o iguales a 200 kWh/mes,Cargo de Comercialización:Cargo Fijo,US$/Usuario-mes,EEO,0.932619,2014-01-15,2014-04-15,USD
58,El Salvador,https://www.siget.gob.sv/gerencias/electricidad/tarifas-de-electricidad/tarifas-de-electricidad-ano-2014/,I.   PEQUEÑAS DEMANDAS  (0 < kW < 10) BAJA TENSION Bloque 3: Consumos mayores o iguales a 200 kWh/mes,Cargo de  Energía:Cargo Variable,US$/kWh,EEO,0.196779,2014-01-15,2014-04-15,USD
59,El Salvador,https://www.siget.gob.sv/gerencias/electricidad/tarifas-de-electricidad/tarifas-de-electricidad-ano-2014/,I.   PEQUEÑAS DEMANDAS  (0 < kW < 10) BAJA TENSION Bloque 3: Consumos mayores o iguales a 200 kWh/mes,Cargo de Distribución:Cargo Variable,US$/kWh,EEO,0.077711,2014-01-15,2014-04-15,USD
60,El Salvador,https://www.siget.gob.sv/gerencias/electricidad/tarifas-de-electricidad/tarifas-de-electricidad-ano-2014/,I.   PEQUEÑAS DEMANDAS  (0 < kW < 10) BAJA TENSION Bloque 3: Consumos mayores o iguales a 200 kWh/mes,Cargo de Comercialización:Cargo Fijo,US$/Usuario-mes,DEUSEM,0.929202,2014-01-15,2014-04-15,USD
61,El Salvador,https://www.siget.gob.sv/gerencias/electricidad/tarifas-de-electricidad/tarifas-de-electricidad-ano-2014/,I.   PEQUEÑAS DEMANDAS  (0 < kW < 10) BAJA TENSION Bloque 3: Consumos mayores o iguales a 200 kWh/mes,Cargo de  Energía:Cargo Variable,US$/kWh,DEUSEM,0.198482,2014-01-15,2014-04-15,USD
62,El Salvador,https://www.siget.gob.sv/gerencias/electricidad/tarifas-de-electricidad/tarifas-de-electricidad-ano-2014/,I.   PEQUEÑAS DEMANDAS  (0 < kW < 10) BAJA TENSION Bloque 3: Consumos mayores o iguales a 200 kWh/mes,Cargo de Distribución:Cargo Variable,US$/kWh,DEUSEM,0.077574,2014-01-15,2014-04-15,USD
63,El Salvador,https://www.siget.gob.sv/gerencias/electricidad/tarifas-de-electricidad/tarifas-de-electricidad-ano-2014/,I.   PEQUEÑAS DEMANDAS  (0 < kW < 10) BAJA TENSION Bloque 3: Consumos mayores o iguales a 200 kWh/mes,Cargo de Comercialización:Cargo Fijo,US$/Usuario-mes,EDESAL,2.020086,2014-01-15,2014-04-15,USD
64,El Salvador,https://www.siget.gob.sv/gerencias/electricidad/tarifas-de-electricidad/tarifas-de-electricidad-ano-2014/,I.   PEQUEÑAS DEMANDAS  (0 < kW < 10) BAJA TENSION Bloque 3: Consumos mayores o iguales a 200 kWh/mes,Cargo de  Energía:Cargo Variable,US$/kWh,EDESAL,0.200648,2014-01-15,2014-04-15,USD
65,El Salvador,https://www.siget.gob.sv/gerencias/electricidad/tarifas-de-electricidad/tarifas-de-electricidad-ano-2014/,I.   PEQUEÑAS DEMANDAS  (0 < kW < 10) BAJA TENSION Bloque 3: Consumos mayores o iguales a 200 kWh/mes,Cargo de Distribución:Cargo Variable,US$/kWh,EDESAL,0.077378,2014-01-15,2014-04-15,USD
66,El Salvador,https://www.siget.gob.sv/gerencias/electricidad/tarifas-de-electricidad/tarifas-de-electricidad-ano-2014/,I.   PEQUEÑAS DEMANDAS  (0 < kW < 10) BAJA TENSION Bloque 3: Consumos mayores o iguales a 200 kWh/mes,Cargo de Comercialización:Cargo Fijo,US$/Usuario-mes,B&D,0.813496,2014-01-15,2014-04-15,USD
67,El Salvador,https://www.siget.gob.sv/gerencias/electricidad/tarifas-de-electricidad/tarifas-de-electricidad-ano-2014/,I.   PEQUEÑAS DEMANDAS  (0 < kW < 10) BAJA TENSION Bloque 3: Consumos mayores o iguales a 200 kWh/mes,Cargo de  Energía:Cargo Variable,US$/kWh,B&D,0.187543,2014-01-15,2014-04-15,USD
68,El Salvador,https://www.siget.gob.sv/gerencias/electricidad/tarifas-de-electricidad/tarifas-de-electricidad-ano-2014/,I.   PEQUEÑAS DEMANDAS  (0 < kW < 10) BAJA TENSION Bloque 3: Consumos mayores o iguales a 200 kWh/mes,Cargo de Distribución:Cargo Variable,US$/kWh,B&D,0.027110,2014-01-15,2014-04-15,USD
69,El Salvador,https://www.siget.gob.sv/gerencias/electricidad/tarifas-de-electricidad/tarifas-de-electricidad-ano-2014/,I.   PEQUEÑAS DEMANDAS  (0 < kW < 10) BAJA TENSION Bloque 3: Consumos mayores o iguales a 200 kWh/mes,Cargo de Comercialización:Cargo Fijo,US$/Usuario-mes,ABRUZZO,0.862856,2014-01-15,2014-04-15,USD
70,El Salvador,https://www.siget.gob.sv/gerencias/electricidad/tarifas-de-electricidad/tarifas-de-electricidad-ano-2014/,I.   PEQUEÑAS DEMANDAS  (0 < kW < 10) BAJA TENSION Bloque 3: Consumos mayores o iguales a 200 kWh/mes,Cargo de  Energía:Cargo Variable,US$/kWh,ABRUZZO,0.186484,2014-01-15,2014-04-15,USD
71,El Salvador,https://www.siget.gob.sv/gerencias/electricidad/tarifas-de-electricidad/tarifas-de-electricidad-ano-2014/,I.   PEQUEÑAS DEMANDAS  (0 < kW < 10) BAJA TENSION Bloque 3: Consumos mayores o iguales a 200 kWh/mes,Cargo de Distribución:Cargo Variable,US$/kWh,ABRUZZO,0.042013,2014-01-15,2014-04-15,USD
72,El Salvador,https://www.siget.gob.sv/gerencias/electricidad/tarifas-de-electricidad/tarifas-de-electricidad-ano-2014/,I.   PEQUEÑAS DEMANDAS  (0 < kW < 10) BAJA TENSION Uso General,Cargo de Comercialización:Cargo Fijo,US$/Usuario-mes,CAESS,0.864952,2014-01-15,2014-04-15,USD
73,El Salvador,https://www.siget.gob.sv/gerencias/electricidad/tarifas-de-electricidad/tarifas-de-electricidad-ano-2014/,I.   PEQUEÑAS DEMANDAS  (0 < kW < 10) BAJA TENSION Uso General,Cargo de  Energía:Cargo Variable,US$/kWh,CAESS,0.190024,2014-01-15,2014-04-15,USD
74,El Salvador,https://www.siget.gob.sv/gerencias/electricidad/tarifas-de-electricidad/tarifas-de-electricidad-ano-2014/,I.   PEQUEÑAS DEMANDAS  (0 < kW < 10) BAJA TENSION Uso General,Cargo de Distribución:Cargo Variable,US$/kWh,CAESS,0.033419,2014-01-15,2014-04-15,USD
75,El Salvador,https://www.siget.gob.sv/gerencias/electricidad/tarifas-de-electricidad/tarifas-de-electricidad-ano-2014/,I.   PEQUEÑAS DEMANDAS  (0 < kW < 10) BAJA TENSION Uso General,Cargo de Comercialización:Cargo Fijo,US$/Usuario-mes,DELSUR,0.970762,2014-01-15,2014-04-15,USD
76,El Salvador,https://www.siget.gob.sv/gerencias/electricidad/tarifas-de-electricidad/tarifas-de-electricidad-ano-2014/,I.   PEQUEÑAS DEMANDAS  (0 < kW < 10) BAJA TENSION Uso General,Cargo de  Energía:Cargo Variable,US$/kWh,DELSUR,0.194558,2014-01-15,2014-04-15,USD
77,El Salvador,https://www.siget.gob.sv/gerencias/electricidad/tarifas-de-electricidad/tarifas-de-electricidad-ano-2014/,I.   PEQUEÑAS DEMANDAS  (0 < kW < 10) BAJA TENSION Uso General,Cargo de Distribución:Cargo Variable,US$/kWh,DELSUR,0.041353,2014-01-15,2014-04-15,USD
78,El Salvador,https://www.siget.gob.sv/gerencias/electricidad/tarifas-de-electricidad/tarifas-de-electricidad-ano-2014/,I.   PEQUEÑAS DEMANDAS  (0 < kW < 10) BAJA TENSION Uso General,Cargo de Comercialización:Cargo Fijo,US$/Usuario-mes,CLESA,0.822731,2014-01-15,2014-04-15,USD
79,El Salvador,https://www.siget.gob.sv/gerencias/electricidad/tarifas-de-electricidad/tarifas-de-electricidad-ano-2014/,I.   PEQUEÑAS DEMANDAS  (0 < kW < 10) BAJA TENSION Uso General,Cargo de  Energía:Cargo Variable,US$/kWh,CLESA,0.194709,2014-01-15,2014-04-15,USD
80,El Salvador,https://www.siget.gob.sv/gerencias/electricidad/tarifas-de-electricidad/tarifas-de-electricidad-ano-2014/,I.   PEQUEÑAS DEMANDAS  (0 < kW < 10) BAJA TENSION Uso General,Cargo de Distribución:Cargo Variable,US$/kWh,CLESA,0.038901,2014-01-15,2014-04-15,USD
81,El Salvador,https://www.siget.gob.sv/gerencias/electricidad/tarifas-de-electricidad/tarifas-de-electricidad-ano-2014/,I.   PEQUEÑAS DEMANDAS  (0 < kW < 10) BAJA TENSION Uso General,Cargo de Comercialización:Cargo Fijo,US$/Usuario-mes,EEO,0.932619,2014-01-15,2014-04-15,USD
82,El Salvador,https://www.siget.gob.sv/gerencias/electricidad/tarifas-de-electricidad/tarifas-de-electricidad-ano-2014/,I.   PEQUEÑAS DEMANDAS  (0 < kW < 10) BAJA TENSION Uso General,Cargo de  Energía:Cargo Variable,US$/kWh,EEO,0.197998,2014-01-15,2014-04-15,USD
83,El Salvador,https://www.siget.gob.sv/gerencias/electricidad/tarifas-de-electricidad/tarifas-de-electricidad-ano-2014/,I.   PEQUEÑAS DEMANDAS  (0 < kW < 10) BAJA TENSION Uso General,Cargo de Distribución:Cargo Variable,US$/kWh,EEO,0.059069,2014-01-15,2014-04-15,USD
84,El Salvador,https://www.siget.gob.sv/gerencias/electricidad/tarifas-de-electricidad/tarifas-de-electricidad-ano-2014/,I.   PEQUEÑAS DEMANDAS  (0 < kW < 10) BAJA TENSION Uso General,Cargo de Comercialización:Cargo Fijo,US$/Usuario-mes,DEUSEM,0.929202,2014-01-15,2014-04-15,USD
85,El Salvador,https://www.siget.gob.sv/gerencias/electricidad/tarifas-de-electricidad/tarifas-de-electricidad-ano-2014/,I.   PEQUEÑAS DEMANDAS  (0 < kW < 10) BAJA TENSION Uso General,Cargo de  Energía:Cargo Variable,US$/kWh,DEUSEM,0.199263,2014-01-15,2014-04-15,USD
86,El Salvador,https://www.siget.gob.sv/gerencias/electricidad/tarifas-de-electricidad/tarifas-de-electricidad-ano-2014/,I.   PEQUEÑAS DEMANDAS  (0 < kW < 10) BAJA TENSION Uso General,Cargo de Distribución:Cargo Variable,US$/kWh,DEUSEM,0.058549,2014-01-15,2014-04-15,USD
87,El Salvador,https://www.siget.gob.sv/gerencias/electricidad/tarifas-de-electricidad/tarifas-de-electricidad-ano-2014/,I.   PEQUEÑAS DEMANDAS  (0 < kW < 10) BAJA TENSION Uso General,Cargo de Comercialización:Cargo Fijo,US$/Usuario-mes,EDESAL,2.020086,2014-01-15,2014-04-15,USD
88,El Salvador,https://www.siget.gob.sv/gerencias/electricidad/tarifas-de-electricidad/tarifas-de-electricidad-ano-2014/,I.   PEQUEÑAS DEMANDAS  (0 < kW < 10) BAJA TENSION Uso General,Cargo de  Energía:Cargo Variable,US$/kWh,EDESAL,0.199795,2014-01-15,2014-04-15,USD
89,El Salvador,https://www.siget.gob.sv/gerencias/electricidad/tarifas-de-electricidad/tarifas-de-electricidad-ano-2014/,I.   PEQUEÑAS DEMANDAS  (0 < kW < 10) BAJA TENSION Uso General,Cargo de Distribución:Cargo Variable,US$/kWh,EDESAL,0.062237,2014-01-15,2014-04-15,USD
90,El Salvador,https://www.siget.gob.sv/gerencias/electricidad/tarifas-de-electricidad/tarifas-de-electricidad-ano-2014/,I.   PEQUEÑAS DEMANDAS  (0 < kW < 10) BAJA TENSION Uso General,Cargo de Comercialización:Cargo Fijo,US$/Usuario-mes,B&D,0.813496,2014-01-15,2014-04-15,USD
91,El Salvador,https://www.siget.gob.sv/gerencias/electricidad/tarifas-de-electricidad/tarifas-de-electricidad-ano-2014/,I.   PEQUEÑAS DEMANDAS  (0 < kW < 10) BAJA TENSION Uso General,Cargo de  Energía:Cargo Variable,US$/kWh,B&D,0.184254,2014-01-15,2014-04-15,USD
92,El Salvador,https://www.siget.gob.sv/gerencias/electricidad/tarifas-de-electricidad/tarifas-de-electricidad-ano-2014/,I.   PEQUEÑAS DEMANDAS  (0 < kW < 10) BAJA TENSION Uso General,Cargo de Distribución:Cargo Variable,US$/kWh,B&D,0.022098,2014-01-15,2014-04-15,USD
93,El Salvador,https://www.siget.gob.sv/gerencias/electricidad/tarifas-de-electricidad/tarifas-de-electricidad-ano-2014/,I.   PEQUEÑAS DEMANDAS  (0 < kW < 10) BAJA TENSION Uso General,Cargo de Comercialización:Cargo Fijo,US$/Usuario-mes,ABRUZZO,0.862856,2014-01-15,2014-04-15,USD
94,El Salvador,https://www.siget.gob.sv/gerencias/electricidad/tarifas-de-electricidad/tarifas-de-electricidad-ano-2014/,I.   PEQUEÑAS DEMANDAS  (0 < kW < 10) BAJA TENSION Uso General,Cargo de  Energía:Cargo Variable,US$/kWh,ABRUZZO,0.187334,2014-01-15,2014-04-15,USD
95,El Salvador,https://www.siget.gob.sv/gerencias/electricidad/tarifas-de-electricidad/tarifas-de-electricidad-ano-2014/,I.   PEQUEÑAS DEMANDAS  (0 < kW < 10) BAJA TENSION Uso General,Cargo de Distribución:Cargo Variable,US$/kWh,ABRUZZO,0.033237,2014-01-15,2014-04-15,USD
96,El Salvador,https://www.siget.gob.sv/gerencias/electricidad/tarifas-de-electricidad/tarifas-de-electricidad-ano-2014/,I.   PEQUEÑAS DEMANDAS  (0 < kW < 10) BAJA TENSION Alumbrado Público,Cargo de Comercialización:Cargo Fijo,US$/Usuario-mes,CAESS,0.864952,2014-01-15,2014-04-15,USD
97,El Salvador,https://www.siget.gob.sv/gerencias/electricidad/tarifas-de-electricidad/tarifas-de-electricidad-ano-2014/,I.   PEQUEÑAS DEMANDAS  (0 < kW < 10) BAJA TENSION Alumbrado Público,Cargo de  Energía:Cargo Variable,US$/kWh,CAESS,0.153271,2014-01-15,2014-04-15,USD
98,El Salvador,https://www.siget.gob.sv/gerencias/electricidad/tarifas-de-electricidad/tarifas-de-electricidad-ano-2014/,I.   PEQUEÑAS DEMANDAS  (0 < kW < 10) BAJA TENSION Alumbrado Público,Cargo de Distribución:Cargo Variable,US$/kWh,CAESS,0.034660,2014-01-15,2014-04-15,USD
99,El Salvador,https://www.siget.gob.sv/gerencias/electricidad/tarifas-de-electricidad/tarifas-de-electricidad-ano-2014/,I.   PEQUEÑAS DEMANDAS  (0 < kW < 10) BAJA TENSION Alumbrado Público,Cargo de Comercialización:Cargo Fijo,US$/Usuario-mes,DELSUR,0.970762,2014-01-15,2014-04-15,USD
100,El Salvador,https://www.siget.gob.sv/gerencias/electricidad/tarifas-de-electricidad/tarifas-de-electricidad-ano-2014/,I.   PEQUEÑAS DEMANDAS  (0 < kW < 10) BAJA TENSION Alumbrado Público,Cargo de  Energía:Cargo Variable,US$/kWh,DELSUR,0.154332,2014-01-15,2014-04-15,USD
101,El Salvador,https://www.siget.gob.sv/gerencias/electricidad/tarifas-de-electricidad/tarifas-de-electricidad-ano-2014/,I.   PEQUEÑAS DEMANDAS  (0 < kW < 10) BAJA TENSION Alumbrado Público,Cargo de Distribución:Cargo Variable,US$/kWh,DELSUR,0.050612,2014-01-15,2014-04-15,USD
102,El Salvador,https://www.siget.gob.sv/gerencias/electricidad/tarifas-de-electricidad/tarifas-de-electricidad-ano-2014/,I.   PEQUEÑAS DEMANDAS  (0 < kW < 10) BAJA TENSION Alumbrado Público,Cargo de Comercialización:Cargo Fijo,US$/Usuario-mes,CLESA,0.822731,2014-01-15,2014-04-15,USD
103,El Salvador,https://www.siget.gob.sv/gerencias/electricidad/tarifas-de-electricidad/tarifas-de-electricidad-ano-2014/,I.   PEQUEÑAS DEMANDAS  (0 < kW < 10) BAJA TENSION Alumbrado Público,Cargo de  Energía:Cargo Variable,US$/kWh,CLESA,0.148973,2014-01-15,2014-04-15,USD
104,El Salvador,https://www.siget.gob.sv/gerencias/electricidad/tarifas-de-electricidad/tarifas-de-electricidad-ano-2014/,I.   PEQUEÑAS DEMANDAS  (0 < kW < 10) BAJA TENSION Alumbrado Público,Cargo de Distribución:Cargo Variable,US$/kWh,CLESA,0.062542,2014-01-15,2014-04-15,USD
105,El Salvador,https://www.siget.gob.sv/gerencias/electricidad/tarifas-de-electricidad/tarifas-de-electricidad-ano-2014/,I.   PEQUEÑAS DEMANDAS  (0 < kW < 10) BAJA TENSION Alumbrado Público,Cargo de Comercialización:Cargo Fijo,US$/Usuario-mes,EEO,0.932619,2014-01-15,2014-04-15,USD
106,El Salvador,https://www.siget.gob.sv/gerencias/electricidad/tarifas-de-electricidad/tarifas-de-electricidad-ano-2014/,I.   PEQUEÑAS DEMANDAS  (0 < kW < 10) BAJA TENSION Alumbrado Público,Cargo de  Energía:Cargo Variable,US$/kWh,EEO,0.150758,2014-01-15,2014-04-15,USD
107,El Salvador,https://www.siget.gob.sv/gerencias/electricidad/tarifas-de-electricidad/tarifas-de-electricidad-ano-2014/,I.   PEQUEÑAS DEMANDAS  (0 < kW < 10) BAJA TENSION Alumbrado Público,Cargo de Distribución:Cargo Variable,US$/kWh,EEO,0.072703,2014-01-15,2014-04-15,USD
108,El Salvador,https://www.siget.gob.sv/gerencias/electricidad/tarifas-de-electricidad/tarifas-de-electricidad-ano-2014/,I.   PEQUEÑAS DEMANDAS  (0 < kW < 10) BAJA TENSION Alumbrado Público,Cargo de Comercialización:Cargo Fijo,US$/Usuario-mes,DEUSEM,0.929202,2014-01-15,2014-04-15,USD
109,El Salvador,https://www.siget.gob.sv/gerencias/electricidad/tarifas-de-electricidad/tarifas-de-electricidad-ano-2014/,I.   PEQUEÑAS DEMANDAS  (0 < kW < 10) BAJA TENSION Alumbrado Público,Cargo de  Energía:Cargo Variable,US$/kWh,DEUSEM,0.145787,2014-01-15,2014-04-15,USD
110,El Salvador,https://www.siget.gob.sv/gerencias/electricidad/tarifas-de-electricidad/tarifas-de-electricidad-ano-2014/,I.   PEQUEÑAS DEMANDAS  (0 < kW < 10) BAJA TENSION Alumbrado Público,Cargo de Distribución:Cargo Variable,US$/kWh,DEUSEM,0.071518,2014-01-15,2014-04-15,USD
111,El Salvador,https://www.siget.gob.sv/gerencias/electricidad/tarifas-de-electricidad/tarifas-de-electricidad-ano-2014/,I.   PEQUEÑAS DEMANDAS  (0 < kW < 10) BAJA TENSION Alumbrado Público,Cargo de Comercialización:Cargo Fijo,US$/Usuario-mes,EDESAL,2.020086,2014-01-15,2014-04-15,USD
112,El Salvador,https://www.siget.gob.sv/gerencias/electricidad/tarifas-de-electricidad/tarifas-de-electricidad-ano-2014/,I.   PEQUEÑAS DEMANDAS  (0 < kW < 10) BAJA TENSION Alumbrado Público,Cargo de  Energía:Cargo Variable,US$/kWh,EDESAL,0.195519,2014-01-15,2014-04-15,USD
113,El Salvador,https://www.siget.gob.sv/gerencias/electricidad/tarifas-de-electricidad/tarifas-de-electricidad-ano-2014/,I.   PEQUEÑAS DEMANDAS  (0 < kW < 10) BAJA TENSION Alumbrado Público,Cargo de Distribución:Cargo Variable,US$/kWh,EDESAL,0.060518,2014-01-15,2014-04-15,USD
114,El Salvador,https://www.siget.gob.sv/gerencias/electricidad/tarifas-de-electricidad/tarifas-de-electricidad-ano-2014/,I.   PEQUEÑAS DEMANDAS  (0 < kW < 10) BAJA TENSION Alumbrado Público,Cargo de Comercialización:Cargo Fijo,US$/Usuario-mes,B&D,0.813496,2014-01-15,2014-04-15,USD
115,El Salvador,https://www.siget.gob.sv/gerencias/electricidad/tarifas-de-electricidad/tarifas-de-electricidad-ano-2014/,I.   PEQUEÑAS DEMANDAS  (0 < kW < 10) BAJA TENSION Alumbrado Público,Cargo de  Energía:Cargo Variable,US$/kWh,B&D,0.180292,2014-01-15,2014-04-15,USD
116,El Salvador,https://www.siget.gob.sv/gerencias/electricidad/tarifas-de-electricidad/tarifas-de-electricidad-ano-2014/,I.   PEQUEÑAS DEMANDAS  (0 < kW < 10) BAJA TENSION Alumbrado Público,Cargo de Distribución:Cargo Variable,US$/kWh,B&D,0.025284,2014-01-15,2014-04-15,USD
117,El Salvador,https://www.siget.gob.sv/gerencias/electricidad/tarifas-de-electricidad/tarifas-de-electricidad-ano-2014/,I.   PEQUEÑAS DEMANDAS  (0 < kW < 10) BAJA TENSION Alumbrado Público,Cargo de Comercialización:Cargo Fijo,US$/Usuario-mes,ABRUZZO,0.862856,2014-01-15,2014-04-15,USD
118,El Salvador,https://www.siget.gob.sv/gerencias/electricidad/tarifas-de-electricidad/tarifas-de-electricidad-ano-2014/,I.   PEQUEÑAS DEMANDAS  (0 < kW < 10) BAJA TENSION Alumbrado Público,Cargo de  Energía:Cargo Variable,US$/kWh,ABRUZZO,0.174165,2014-01-15,2014-04-15,USD
119,El Salvador,https://www.siget.gob.sv/gerencias/electricidad/tarifas-de-electricidad/tarifas-de-electricidad-ano-2014/,I.   PEQUEÑAS DEMANDAS  (0 < kW < 10) BAJA TENSION Alumbrado Público,Cargo de Distribución:Cargo Variable,US$/kWh,ABRUZZO,0.033257,2014-01-15,2014-04-15,USD
120,El Salvador,https://www.siget.gob.sv/gerencias/electricidad/tarifas-de-electricidad/tarifas-de-electricidad-ano-2014/,II.   MEDIANA DEMANDA  (10 < kW < 50) BAJA TENSION CON MEDICIÓN DE POTENCIA,Cargo de Comercialización:Cargo Fijo,US$/Usuario-mes,CAESS,0.864952,2014-01-15,2014-04-15,USD
121,El Salvador,https://www.siget.gob.sv/gerencias/electricidad/tarifas-de-electricidad/tarifas-de-electricidad-ano-2014/,II.   MEDIANA DEMANDA  (10 < kW < 50) BAJA TENSION CON MEDICIÓN DE POTENCIA,Cargo de  Energía:Cargo Variable,US$/kWh,CAESS,0.189734,2014-01-15,2014-04-15,USD
122,El Salvador,https://www.siget.gob.sv/gerencias/electricidad/tarifas-de-electricidad/tarifas-de-electricidad-ano-2014/,II.   MEDIANA DEMANDA  (10 < kW < 50) BAJA TENSION CON MEDICIÓN DE POTENCIA,Cargo de Distribución:Potencia,US$/kW-mes,CAESS,13.164120,2014-01-15,2014-04-15,USD
123,El Salvador,https://www.siget.gob.sv/gerencias/electricidad/tarifas-de-electricidad/tarifas-de-electricidad-ano-2014/,II.   MEDIANA DEMANDA  (10 < kW < 50) BAJA TENSION CON MEDICIÓN DE POTENCIA,Cargo de Comercialización:Cargo Fijo,US$/Usuario-mes,DEL SUR,0.970762,2014-01-15,2014-04-15,USD
124,El Salvador,https://www.siget.gob.sv/gerencias/electricidad/tarifas-de-electricidad/tarifas-de-electricidad-ano-2014/,II.   MEDIANA DEMANDA  (10 < kW < 50) BAJA TENSION CON MEDICIÓN DE POTENCIA,Cargo de  Energía:Cargo Variable,US$/kWh,DEL SUR,0.194952,2014-01-15,2014-04-15,USD
125,El Salvador,https://www.siget.gob.sv/gerencias/electricidad/tarifas-de-electricidad/tarifas-de-electricidad-ano-2014/,II.   MEDIANA DEMANDA  (10 < kW < 50) BAJA TENSION CON MEDICIÓN DE POTENCIA,Cargo de Distribución:Potencia,US$/kW-mes,DEL SUR,21.411636,2014-01-15,2014-04-15,USD
126,El Salvador,https://www.siget.gob.sv/gerencias/electricidad/tarifas-de-electricidad/tarifas-de-electricidad-ano-2014/,II.   MEDIANA DEMANDA  (10 < kW < 50) BAJA TENSION CON MEDICIÓN DE POTENCIA,Cargo de Comercialización:Cargo Fijo,US$/Usuario-mes,CLESA,0.822731,2014-01-15,2014-04-15,USD
127,El Salvador,https://www.siget.gob.sv/gerencias/electricidad/tarifas-de-electricidad/tarifas-de-electricidad-ano-2014/,II.   MEDIANA DEMANDA  (10 < kW < 50) BAJA TENSION CON MEDICIÓN DE POTENCIA,Cargo de  Energía:Cargo Variable,US$/kWh,CLESA,0.195322,2014-01-15,2014-04-15,USD
128,El Salvador,https://www.siget.gob.sv/gerencias/electricidad/tarifas-de-electricidad/tarifas-de-electricidad-ano-2014/,II.   MEDIANA DEMANDA  (10 < kW < 50) BAJA TENSION CON MEDICIÓN DE POTENCIA,Cargo de Distribución:Potencia,US$/kW-mes,CLESA,21.637792,2014-01-15,2014-04-15,USD
129,El Salvador,https://www.siget.gob.sv/gerencias/electricidad/tarifas-de-electricidad/tarifas-de-electricidad-ano-2014/,II.   MEDIANA DEMANDA  (10 < kW < 50) BAJA TENSION CON MEDICIÓN DE POTENCIA,Cargo de Comercialización:Cargo Fijo,US$/Usuario-mes,EEO,0.932619,2014-01-15,2014-04-15,USD
130,El Salvador,https://www.siget.gob.sv/gerencias/electricidad/tarifas-de-electricidad/tarifas-de-electricidad-ano-2014/,II.   MEDIANA DEMANDA  (10 < kW < 50) BAJA TENSION CON MEDICIÓN DE POTENCIA,Cargo de  Energía:Cargo Variable,US$/kWh,EEO,0.198708,2014-01-15,2014-04-15,USD
131,El Salvador,https://www.siget.gob.sv/gerencias/electricidad/tarifas-de-electricidad/tarifas-de-electricidad-ano-2014/,II.   MEDIANA DEMANDA  (10 < kW < 50) BAJA TENSION CON MEDICIÓN DE POTENCIA,Cargo de Distribución:Potencia,US$/kW-mes,EEO,27.086359,2014-01-15,2014-04-15,USD
132,El Salvador,https://www.siget.gob.sv/gerencias/electricidad/tarifas-de-electricidad/tarifas-de-electricidad-ano-2014/,II.   MEDIANA DEMANDA  (10 < kW < 50) BAJA TENSION CON MEDICIÓN DE POTENCIA,Cargo de Comercialización:Cargo Fijo,US$/Usuario-mes,DEUSEM,0.929202,2014-01-15,2014-04-15,USD
133,El Salvador,https://www.siget.gob.sv/gerencias/electricidad/tarifas-de-electricidad/tarifas-de-electricidad-ano-2014/,II.   MEDIANA DEMANDA  (10 < kW < 50) BAJA TENSION CON MEDICIÓN DE POTENCIA,Cargo de  Energía:Cargo Variable,US$/kWh,DEUSEM,0.200640,2014-01-15,2014-04-15,USD
134,El Salvador,https://www.siget.gob.sv/gerencias/electricidad/tarifas-de-electricidad/tarifas-de-electricidad-ano-2014/,II.   MEDIANA DEMANDA  (10 < kW < 50) BAJA TENSION CON MEDICIÓN DE POTENCIA,Cargo de Distribución:Potencia,US$/kW-mes,DEUSEM,26.645839,2014-01-15,2014-04-15,USD
135,El Salvador,https://www.siget.gob.sv/gerencias/electricidad/tarifas-de-electricidad/tarifas-de-electricidad-ano-2014/,II.   MEDIANA DEMANDA  (10 < kW < 50) BAJA TENSION CON MEDICIÓN DE POTENCIA,Cargo de Comercialización:Cargo Fijo,US$/Usuario-mes,EDESAL,2.020086,2014-01-15,2014-04-15,USD
136,El Salvador,https://www.siget.gob.sv/gerencias/electricidad/tarifas-de-electricidad/tarifas-de-electricidad-ano-2014/,II.   MEDIANA DEMANDA  (10 < kW < 50) BAJA TENSION CON MEDICIÓN DE POTENCIA,Cargo de  Energía:Cargo Variable,US$/kWh,EDESAL,0.198628,2014-01-15,2014-04-15,USD
137,El Salvador,https://www.siget.gob.sv/gerencias/electricidad/tarifas-de-electricidad/tarifas-de-electricidad-ano-2014/,II.   MEDIANA DEMANDA  (10 < kW < 50) BAJA TENSION CON MEDICIÓN DE POTENCIA,Cargo de Distribución:Potencia,US$/kW-mes,EDESAL,36.086870,2014-01-15,2014-04-15,USD
138,El Salvador,https://www.siget.gob.sv/gerencias/electricidad/tarifas-de-electricidad/tarifas-de-electricidad-ano-2014/,II.   MEDIANA DEMANDA  (10 < kW < 50) BAJA TENSION CON MEDICIÓN DE POTENCIA,Cargo de Comercialización:Cargo Fijo,US$/Usuario-mes,B&D,0.813496,2014-01-15,2014-04-15,USD
139,El Salvador,https://www.siget.gob.sv/gerencias/electricidad/tarifas-de-electricidad/tarifas-de-electricidad-ano-2014/,II.   MEDIANA DEMANDA  (10 < kW < 50) BAJA TENSION CON MEDICIÓN DE POTENCIA,Cargo de  Energía:Cargo Variable,US$/kWh,B&D,0.180849,2014-01-15,2014-04-15,USD
140,El Salvador,https://www.siget.gob.sv/gerencias/electricidad/tarifas-de-electricidad/tarifas-de-electricidad-ano-2014/,II.   MEDIANA DEMANDA  (10 < kW < 50) BAJA TENSION CON MEDICIÓN DE POTENCIA,Cargo de Distribución:Potencia,US$/kW-mes,B&D,8.306436,2014-01-15,2014-04-15,USD
141,El Salvador,https://www.siget.gob.sv/gerencias/electricidad/tarifas-de-electricidad/tarifas-de-electricidad-ano-2014/,II.   MEDIANA DEMANDA  (10 < kW < 50) BAJA TENSION CON MEDICIÓN DE POTENCIA,Cargo de Comercialización:Cargo Fijo,US$/Usuario-mes,ABRUZZO,0.862856,2014-01-15,2014-04-15,USD
142,El Salvador,https://www.siget.gob.sv/gerencias/electricidad/tarifas-de-electricidad/tarifas-de-electricidad-ano-2014/,II.   MEDIANA DEMANDA  (10 < kW < 50) BAJA TENSION CON MEDICIÓN DE POTENCIA,Cargo de  Energía:Cargo Variable,US$/kWh,ABRUZZO,0.187890,2014-01-15,2014-04-15,USD
143,El Salvador,https://www.siget.gob.sv/gerencias/electricidad/tarifas-de-electricidad/tarifas-de-electricidad-ano-2014/,II.   MEDIANA DEMANDA  (10 < kW < 50) BAJA TENSION CON MEDICIÓN DE POTENCIA,Cargo de Distribución:Potencia,US$/kW-mes,ABRUZZO,19.659880,2014-01-15,2014-04-15,USD
144,El Salvador,https://www.siget.gob.sv/gerencias/electricidad/tarifas-de-electricidad/tarifas-de-electricidad-ano-2014/,II.   MEDIANA DEMANDA  (10 < kW < 50) MEDIA TENSION CON MEDICIÓN DE POTENCIA,Cargo de Comercialización:Cargo Fijo,US$/Usuario-mes,CAESS,0.864952,2014-01-15,2014-04-15,USD
145,El Salvador,https://www.siget.gob.sv/gerencias/electricidad/tarifas-de-electricidad/tarifas-de-electricidad-ano-2014/,II.   MEDIANA DEMANDA  (10 < kW < 50) MEDIA TENSION CON MEDICIÓN DE POTENCIA,Cargo de  Energía:Cargo Variable,US$/kWh,CAESS,0.176135,2014-01-15,2014-04-15,USD
146,El Salvador,https://www.siget.gob.sv/gerencias/electricidad/tarifas-de-electricidad/tarifas-de-electricidad-ano-2014/,II.   MEDIANA DEMANDA  (10 < kW < 50) MEDIA TENSION CON MEDICIÓN DE POTENCIA,Cargo de Distribución:Potencia,US$/kW-mes,CAESS,6.263900,2014-01-15,2014-04-15,USD
147,El Salvador,https://www.siget.gob.sv/gerencias/electricidad/tarifas-de-electricidad/tarifas-de-electricidad-ano-2014/,II.   MEDIANA DEMANDA  (10 < kW < 50) MEDIA TENSION CON MEDICIÓN DE POTENCIA,Cargo de Comercialización:Cargo Fijo,US$/Usuario-mes,DEL SUR,0.970762,2014-01-15,2014-04-15,USD
148,El Salvador,https://www.siget.gob.sv/gerencias/electricidad/tarifas-de-electricidad/tarifas-de-electricidad-ano-2014/,II.   MEDIANA DEMANDA  (10 < kW < 50) MEDIA TENSION CON MEDICIÓN DE POTENCIA,Cargo de  Energía:Cargo Variable,US$/kWh,DEL SUR,0.178445,2014-01-15,2014-04-15,USD
149,El Salvador,https://www.siget.gob.sv/gerencias/electricidad/tarifas-de-electricidad/tarifas-de-electricidad-ano-2014/,II.   MEDIANA DEMANDA  (10 < kW < 50) MEDIA TENSION CON MEDICIÓN DE POTENCIA,Cargo de Distribución:Potencia,US$/kW-mes,DEL SUR,6.867950,2014-01-15,2014-04-15,USD
150,El Salvador,https://www.siget.gob.sv/gerencias/electricidad/tarifas-de-electricidad/tarifas-de-electricidad-ano-2014/,II.   MEDIANA DEMANDA  (10 < kW < 50) MEDIA TENSION CON MEDICIÓN DE POTENCIA,Cargo de Comercialización:Cargo Fijo,US$/Usuario-mes,CLESA,0.822731,2014-01-15,2014-04-15,USD
151,El Salvador,https://www.siget.gob.sv/gerencias/electricidad/tarifas-de-electricidad/tarifas-de-electricidad-ano-2014/,II.   MEDIANA DEMANDA  (10 < kW < 50) MEDIA TENSION CON MEDICIÓN DE POTENCIA,Cargo de  Energía:Cargo Variable,US$/kWh,CLESA,0.177677,2014-01-15,2014-04-15,USD
152,El Salvador,https://www.siget.gob.sv/gerencias/electricidad/tarifas-de-electricidad/tarifas-de-electricidad-ano-2014/,II.   MEDIANA DEMANDA  (10 < kW < 50) MEDIA TENSION CON MEDICIÓN DE POTENCIA,Cargo de Distribución:Potencia,US$/kW-mes,CLESA,12.051303,2014-01-15,2014-04-15,USD
153,El Salvador,https://www.siget.gob.sv/gerencias/electricidad/tarifas-de-electricidad/tarifas-de-electricidad-ano-2014/,II.   MEDIANA DEMANDA  (10 < kW < 50) MEDIA TENSION CON MEDICIÓN DE POTENCIA,Cargo de Comercialización:Cargo Fijo,US$/Usuario-mes,EEO,0.932619,2014-01-15,2014-04-15,USD
154,El Salvador,https://www.siget.gob.sv/gerencias/electricidad/tarifas-de-electricidad/tarifas-de-electricidad-ano-2014/,II.   MEDIANA DEMANDA  (10 < kW < 50) MEDIA TENSION CON MEDICIÓN DE POTENCIA,Cargo de  Energía:Cargo Variable,US$/kWh,EEO,0.176948,2014-01-15,2014-04-15,USD
155,El Salvador,https://www.siget.gob.sv/gerencias/electricidad/tarifas-de-electricidad/tarifas-de-electricidad-ano-2014/,II.   MEDIANA DEMANDA  (10 < kW < 50) MEDIA TENSION CON MEDICIÓN DE POTENCIA,Cargo de Distribución:Potencia,US$/kW-mes,EEO,17.394294,2014-01-15,2014-04-15,USD
156,El Salvador,https://www.siget.gob.sv/gerencias/electricidad/tarifas-de-electricidad/tarifas-de-electricidad-ano-2014/,II.   MEDIANA DEMANDA  (10 < kW < 50) MEDIA TENSION CON MEDICIÓN DE POTENCIA,Cargo de Comercialización:Cargo Fijo,US$/Usuario-mes,DEUSEM,0.929202,2014-01-15,2014-04-15,USD
157,El Salvador,https://www.siget.gob.sv/gerencias/electricidad/tarifas-de-electricidad/tarifas-de-electricidad-ano-2014/,II.   MEDIANA DEMANDA  (10 < kW < 50) MEDIA TENSION CON MEDICIÓN DE POTENCIA,Cargo de  Energía:Cargo Variable,US$/kWh,DEUSEM,0.177057,2014-01-15,2014-04-15,USD
158,El Salvador,https://www.siget.gob.sv/gerencias/electricidad/tarifas-de-electricidad/tarifas-de-electricidad-ano-2014/,II.   MEDIANA DEMANDA  (10 < kW < 50) MEDIA TENSION CON MEDICIÓN DE POTENCIA,Cargo de Distribución:Potencia,US$/kW-mes,DEUSEM,16.615205,2014-01-15,2014-04-15,USD
159,El Salvador,https://www.siget.gob.sv/gerencias/electricidad/tarifas-de-electricidad/tarifas-de-electricidad-ano-2014/,II.   MEDIANA DEMANDA  (10 < kW < 50) MEDIA TENSION CON MEDICIÓN DE POTENCIA,Cargo de Comercialización:Cargo Fijo,US$/Usuario-mes,EDESAL,2.020086,2014-01-15,2014-04-15,USD
160,El Salvador,https://www.siget.gob.sv/gerencias/electricidad/tarifas-de-electricidad/tarifas-de-electricidad-ano-2014/,II.   MEDIANA DEMANDA  (10 < kW < 50) MEDIA TENSION CON MEDICIÓN DE POTENCIA,Cargo de  Energía:Cargo Variable,US$/kWh,EDESAL,0.184658,2014-01-15,2014-04-15,USD
161,El Salvador,https://www.siget.gob.sv/gerencias/electricidad/tarifas-de-electricidad/tarifas-de-electricidad-ano-2014/,II.   MEDIANA DEMANDA  (10 < kW < 50) MEDIA TENSION CON MEDICIÓN DE POTENCIA,Cargo de Distribución:Potencia,US$/kW-mes,EDESAL,16.472655,2014-01-15,2014-04-15,USD
162,El Salvador,https://www.siget.gob.sv/gerencias/electricidad/tarifas-de-electricidad/tarifas-de-electricidad-ano-2014/,II.   MEDIANA DEMANDA  (10 < kW < 50) MEDIA TENSION CON MEDICIÓN DE POTENCIA,Cargo de Comercialización:Cargo Fijo,US$/Usuario-mes,B&D,0.813496,2014-01-15,2014-04-15,USD
163,El Salvador,https://www.siget.gob.sv/gerencias/electricidad/tarifas-de-electricidad/tarifas-de-electricidad-ano-2014/,II.   MEDIANA DEMANDA  (10 < kW < 50) MEDIA TENSION CON MEDICIÓN DE POTENCIA,Cargo de  Energía:Cargo Variable,US$/kWh,B&D,0.168957,2014-01-15,2014-04-15,USD
164,El Salvador,https://www.siget.gob.sv/gerencias/electricidad/tarifas-de-electricidad/tarifas-de-electricidad-ano-2014/,II.   MEDIANA DEMANDA  (10 < kW < 50) MEDIA TENSION CON MEDICIÓN DE POTENCIA,Cargo de Distribución:Potencia,US$/kW-mes,B&D,2.466721,2014-01-15,2014-04-15,USD
165,El Salvador,https://www.siget.gob.sv/gerencias/electricidad/tarifas-de-electricidad/tarifas-de-electricidad-ano-2014/,II.   MEDIANA DEMANDA  (10 < kW < 50) MEDIA TENSION CON MEDICIÓN DE POTENCIA,Cargo de Comercialización:Cargo Fijo,US$/Usuario-mes,ABRUZZO,0.862856,2014-01-15,2014-04-15,USD
166,El Salvador,https://www.siget.gob.sv/gerencias/electricidad/tarifas-de-electricidad/tarifas-de-electricidad-ano-2014/,II.   MEDIANA DEMANDA  (10 < kW < 50) MEDIA TENSION CON MEDICIÓN DE POTENCIA,Cargo de  Energía:Cargo Variable,US$/kWh,ABRUZZO,0.175457,2014-01-15,2014-04-15,USD
167,El Salvador,https://www.siget.gob.sv/gerencias/electricidad/tarifas-de-electricidad/tarifas-de-electricidad-ano-2014/,II.   MEDIANA DEMANDA  (10 < kW < 50) MEDIA TENSION CON MEDICIÓN DE POTENCIA,Cargo de Distribución:Potencia,US$/kW-mes,ABRUZZO,5.065353,2014-01-15,2014-04-15,USD
168,El Salvador,https://www.siget.gob.sv/gerencias/electricidad/tarifas-de-electricidad/tarifas-de-electricidad-ano-2014/,II.   MEDIANA DEMANDA  (10 < kW < 50) BAJA TENSION CON MEDIDOR HORARIO,Cargo de Comercialización:Atención al Cliente,US$/Usuario-mes,CAESS,0.864952,2014-01-15,2014-04-15,USD
169,El Salvador,https://www.siget.gob.sv/gerencias/electricidad/tarifas-de-electricidad/tarifas-de-electricidad-ano-2014/,II.   MEDIANA DEMANDA  (10 < kW < 50) BAJA TENSION CON MEDIDOR HORARIO,Cargo de  Energía:Energía en Punta,US$/kWh,CAESS,0.189074,2014-01-15,2014-04-15,USD
170,El Salvador,https://www.siget.gob.sv/gerencias/electricidad/tarifas-de-electricidad/tarifas-de-electricidad-ano-2014/,II.   MEDIANA DEMANDA  (10 < kW < 50) BAJA TENSION CON MEDIDOR HORARIO,Cargo de  Energía:Energía en Resto,US$/kWh,CAESS,0.193291,2014-01-15,2014-04-15,USD
171,El Salvador,https://www.siget.gob.sv/gerencias/electricidad/tarifas-de-electricidad/tarifas-de-electricidad-ano-2014/,II.   MEDIANA DEMANDA  (10 < kW < 50) BAJA TENSION CON MEDIDOR HORARIO,Cargo de  Energía:Energía en Valle,US$/kWh,CAESS,0.174030,2014-01-15,2014-04-15,USD
172,El Salvador,https://www.siget.gob.sv/gerencias/electricidad/tarifas-de-electricidad/tarifas-de-electricidad-ano-2014/,II.   MEDIANA DEMANDA  (10 < kW < 50) BAJA TENSION CON MEDIDOR HORARIO,Cargo de Distribución:Potencia:,US$/kW-mes,CAESS,13.164120,2014-01-15,2014-04-15,USD
173,El Salvador,https://www.siget.gob.sv/gerencias/electricidad/tarifas-de-electricidad/tarifas-de-electricidad-ano-2014/,II.   MEDIANA DEMANDA  (10 < kW < 50) BAJA TENSION CON MEDIDOR HORARIO,Cargo de Comercialización:Atención al Cliente,US$/Usuario-mes,DEL SUR,0.970762,2014-01-15,2014-04-15,USD
174,El Salvador,https://www.siget.gob.sv/gerencias/electricidad/tarifas-de-electricidad/tarifas-de-electricidad-ano-2014/,II.   MEDIANA DEMANDA  (10 < kW < 50) BAJA TENSION CON MEDIDOR HORARIO,Cargo de  Energía:Energía en Punta,US$/kWh,DEL SUR,0.197052,2014-01-15,2014-04-15,USD
175,El Salvador,https://www.siget.gob.sv/gerencias/electricidad/tarifas-de-electricidad/tarifas-de-electricidad-ano-2014/,II.   MEDIANA DEMANDA  (10 < kW < 50) BAJA TENSION CON MEDIDOR HORARIO,Cargo de  Energía:Energía en Resto,US$/kWh,DEL SUR,0.196391,2014-01-15,2014-04-15,USD
176,El Salvador,https://www.siget.gob.sv/gerencias/electricidad/tarifas-de-electricidad/tarifas-de-electricidad-ano-2014/,II.   MEDIANA DEMANDA  (10 < kW < 50) BAJA TENSION CON MEDIDOR HORARIO,Cargo de  Energía:Energía en Valle,US$/kWh,DEL SUR,0.185402,2014-01-15,2014-04-15,USD
177,El Salvador,https://www.siget.gob.sv/gerencias/electricidad/tarifas-de-electricidad/tarifas-de-electricidad-ano-2014/,II.   MEDIANA DEMANDA  (10 < kW < 50) BAJA TENSION CON MEDIDOR HORARIO,Cargo de Distribución:Potencia:,US$/kW-mes,DEL SUR,21.411636,2014-01-15,2014-04-15,USD
178,El Salvador,https://www.siget.gob.sv/gerencias/electricidad/tarifas-de-electricidad/tarifas-de-electricidad-ano-2014/,II.   MEDIANA DEMANDA  (10 < kW < 50) BAJA TENSION CON MEDIDOR HORARIO,Cargo de Comercialización:Atención al Cliente,US$/Usuario-mes,CLESA,0.822731,2014-01-15,2014-04-15,USD
179,El Salvador,https://www.siget.gob.sv/gerencias/electricidad/tarifas-de-electricidad/tarifas-de-electricidad-ano-2014/,II.   MEDIANA DEMANDA  (10 < kW < 50) BAJA TENSION CON MEDIDOR HORARIO,Cargo de  Energía:Energía en Punta,US$/kWh,CLESA,0.193601,2014-01-15,2014-04-15,USD
180,El Salvador,https://www.siget.gob.sv/gerencias/electricidad/tarifas-de-electricidad/tarifas-de-electricidad-ano-2014/,II.   MEDIANA DEMANDA  (10 < kW < 50) BAJA TENSION CON MEDIDOR HORARIO,Cargo de  Energía:Energía en Resto,US$/kWh,CLESA,0.196989,2014-01-15,2014-04-15,USD
181,El Salvador,https://www.siget.gob.sv/gerencias/electricidad/tarifas-de-electricidad/tarifas-de-electricidad-ano-2014/,II.   MEDIANA DEMANDA  (10 < kW < 50) BAJA TENSION CON MEDIDOR HORARIO,Cargo de  Energía:Energía en Valle,US$/kWh,CLESA,0.187245,2014-01-15,2014-04-15,USD
182,El Salvador,https://www.siget.gob.sv/gerencias/electricidad/tarifas-de-electricidad/tarifas-de-electricidad-ano-2014/,II.   MEDIANA DEMANDA  (10 < kW < 50) BAJA TENSION CON MEDIDOR HORARIO,Cargo de Distribución:Potencia:,US$/kW-mes,CLESA,21.637792,2014-01-15,2014-04-15,USD
183,El Salvador,https://www.siget.gob.sv/gerencias/electricidad/tarifas-de-electricidad/tarifas-de-electricidad-ano-2014/,II.   MEDIANA DEMANDA  (10 < kW < 50) BAJA TENSION CON MEDIDOR HORARIO,Cargo de Comercialización:Atención al Cliente,US$/Usuario-mes,EEO,0.932619,2014-01-15,2014-04-15,USD
184,El Salvador,https://www.siget.gob.sv/gerencias/electricidad/tarifas-de-electricidad/tarifas-de-electricidad-ano-2014/,II.   MEDIANA DEMANDA  (10 < kW < 50) BAJA TENSION CON MEDIDOR HORARIO,Cargo de  Energía:Energía en Punta,US$/kWh,EEO,0.198327,2014-01-15,2014-04-15,USD
185,El Salvador,https://www.siget.gob.sv/gerencias/electricidad/tarifas-de-electricidad/tarifas-de-electricidad-ano-2014/,II.   MEDIANA DEMANDA  (10 < kW < 50) BAJA TENSION CON MEDIDOR HORARIO,Cargo de  Energía:Energía en Resto,US$/kWh,EEO,0.200232,2014-01-15,2014-04-15,USD
186,El Salvador,https://www.siget.gob.sv/gerencias/electricidad/tarifas-de-electricidad/tarifas-de-electricidad-ano-2014/,II.   MEDIANA DEMANDA  (10 < kW < 50) BAJA TENSION CON MEDIDOR HORARIO,Cargo de  Energía:Energía en Valle,US$/kWh,EEO,0.189290,2014-01-15,2014-04-15,USD
187,El Salvador,https://www.siget.gob.sv/gerencias/electricidad/tarifas-de-electricidad/tarifas-de-electricidad-ano-2014/,II.   MEDIANA DEMANDA  (10 < kW < 50) BAJA TENSION CON MEDIDOR HORARIO,Cargo de Distribución:Potencia:,US$/kW-mes,EEO,27.086359,2014-01-15,2014-04-15,USD
188,El Salvador,https://www.siget.gob.sv/gerencias/electricidad/tarifas-de-electricidad/tarifas-de-electricidad-ano-2014/,II.   MEDIANA DEMANDA  (10 < kW < 50) BAJA TENSION CON MEDIDOR HORARIO,Cargo de Comercialización:Atención al Cliente,US$/Usuario-mes,DEUSEM,0.929202,2014-01-15,2014-04-15,USD
189,El Salvador,https://www.siget.gob.sv/gerencias/electricidad/tarifas-de-electricidad/tarifas-de-electricidad-ano-2014/,II.   MEDIANA DEMANDA  (10 < kW < 50) BAJA TENSION CON MEDIDOR HORARIO,Cargo de  Energía:Energía en Punta,US$/kWh,DEUSEM,0.197473,2014-01-15,2014-04-15,USD
190,El Salvador,https://www.siget.gob.sv/gerencias/electricidad/tarifas-de-electricidad/tarifas-de-electricidad-ano-2014/,II.   MEDIANA DEMANDA  (10 < kW < 50) BAJA TENSION CON MEDIDOR HORARIO,Cargo de  Energía:Energía en Resto,US$/kWh,DEUSEM,0.201869,2014-01-15,2014-04-15,USD
191,El Salvador,https://www.siget.gob.sv/gerencias/electricidad/tarifas-de-electricidad/tarifas-de-electricidad-ano-2014/,II.   MEDIANA DEMANDA  (10 < kW < 50) BAJA TENSION CON MEDIDOR HORARIO,Cargo de  Energía:Energía en Valle,US$/kWh,DEUSEM,0.190308,2014-01-15,2014-04-15,USD
192,El Salvador,https://www.siget.gob.sv/gerencias/electricidad/tarifas-de-electricidad/tarifas-de-electricidad-ano-2014/,II.   MEDIANA DEMANDA  (10 < kW < 50) BAJA TENSION CON MEDIDOR HORARIO,Cargo de Distribución:Potencia:,US$/kW-mes,DEUSEM,26.645839,2014-01-15,2014-04-15,USD
193,El Salvador,https://www.siget.gob.sv/gerencias/electricidad/tarifas-de-electricidad/tarifas-de-electricidad-ano-2014/,II.   MEDIANA DEMANDA  (10 < kW < 50) BAJA TENSION CON MEDIDOR HORARIO,Cargo de Comercialización:Atención al Cliente,US$/Usuario-mes,EDESAL,2.020086,2014-01-15,2014-04-15,USD
194,El Salvador,https://www.siget.gob.sv/gerencias/electricidad/tarifas-de-electricidad/tarifas-de-electricidad-ano-2014/,II.   MEDIANA DEMANDA  (10 < kW < 50) BAJA TENSION CON MEDIDOR HORARIO,Cargo de  Energía:Energía en Punta,US$/kWh,EDESAL,0.202482,2014-01-15,2014-04-15,USD
195,El Salvador,https://www.siget.gob.sv/gerencias/electricidad/tarifas-de-electricidad/tarifas-de-electricidad-ano-2014/,II.   MEDIANA DEMANDA  (10 < kW < 50) BAJA TENSION CON MEDIDOR HORARIO,Cargo de  Energía:Energía en Resto,US$/kWh,EDESAL,0.201490,2014-01-15,2014-04-15,USD
196,El Salvador,https://www.siget.gob.sv/gerencias/electricidad/tarifas-de-electricidad/tarifas-de-electricidad-ano-2014/,II.   MEDIANA DEMANDA  (10 < kW < 50) BAJA TENSION CON MEDIDOR HORARIO,Cargo de  Energía:Energía en Valle,US$/kWh,EDESAL,0.188722,2014-01-15,2014-04-15,USD
197,El Salvador,https://www.siget.gob.sv/gerencias/electricidad/tarifas-de-electricidad/tarifas-de-electricidad-ano-2014/,II.   MEDIANA DEMANDA  (10 < kW < 50) BAJA TENSION CON MEDIDOR HORARIO,Cargo de Distribución:Potencia:,US$/kW-mes,EDESAL,36.086870,2014-01-15,2014-04-15,USD
198,El Salvador,https://www.siget.gob.sv/gerencias/electricidad/tarifas-de-electricidad/tarifas-de-electricidad-ano-2014/,II.   MEDIANA DEMANDA  (10 < kW < 50) BAJA TENSION CON MEDIDOR HORARIO,Cargo de Comercialización:Atención al Cliente,US$/Usuario-mes,B&D,0.813496,2014-01-15,2014-04-15,USD
199,El Salvador,https://www.siget.gob.sv/gerencias/electricidad/tarifas-de-electricidad/tarifas-de-electricidad-ano-2014/,II.   MEDIANA DEMANDA  (10 < kW < 50) BAJA TENSION CON MEDIDOR HORARIO,Cargo de  Energía:Energía en Punta,US$/kWh,B&D,0.184545,2014-01-15,2014-04-15,USD
200,El Salvador,https://www.siget.gob.sv/gerencias/electricidad/tarifas-de-electricidad/tarifas-de-electricidad-ano-2014/,II.   MEDIANA DEMANDA  (10 < kW < 50) BAJA TENSION CON MEDIDOR HORARIO,Cargo de  Energía:Energía en Resto,US$/kWh,B&D,0.182945,2014-01-15,2014-04-15,USD
201,El Salvador,https://www.siget.gob.sv/gerencias/electricidad/tarifas-de-electricidad/tarifas-de-electricidad-ano-2014/,II.   MEDIANA DEMANDA  (10 < kW < 50) BAJA TENSION CON MEDIDOR HORARIO,Cargo de  Energía:Energía en Valle,US$/kWh,B&D,0.178036,2014-01-15,2014-04-15,USD
202,El Salvador,https://www.siget.gob.sv/gerencias/electricidad/tarifas-de-electricidad/tarifas-de-electricidad-ano-2014/,II.   MEDIANA DEMANDA  (10 < kW < 50) BAJA TENSION CON MEDIDOR HORARIO,Cargo de Distribución:Potencia:,US$/kW-mes,B&D,8.306436,2014-01-15,2014-04-15,USD
203,El Salvador,https://www.siget.gob.sv/gerencias/electricidad/tarifas-de-electricidad/tarifas-de-electricidad-ano-2014/,II.   MEDIANA DEMANDA  (10 < kW < 50) BAJA TENSION CON MEDIDOR HORARIO,Cargo de Comercialización:Atención al Cliente,US$/Usuario-mes,ABRUZZO,0.862856,2014-01-15,2014-04-15,USD
204,El Salvador,https://www.siget.gob.sv/gerencias/electricidad/tarifas-de-electricidad/tarifas-de-electricidad-ano-2014/,II.   MEDIANA DEMANDA  (10 < kW < 50) BAJA TENSION CON MEDIDOR HORARIO,Cargo de  Energía:Energía en Punta,US$/kWh,ABRUZZO,0.187673,2014-01-15,2014-04-15,USD
205,El Salvador,https://www.siget.gob.sv/gerencias/electricidad/tarifas-de-electricidad/tarifas-de-electricidad-ano-2014/,II.   MEDIANA DEMANDA  (10 < kW < 50) BAJA TENSION CON MEDIDOR HORARIO,Cargo de  Energía:Energía en Resto,US$/kWh,ABRUZZO,0.182879,2014-01-15,2014-04-15,USD
206,El Salvador,https://www.siget.gob.sv/gerencias/electricidad/tarifas-de-electricidad/tarifas-de-electricidad-ano-2014/,II.   MEDIANA DEMANDA  (10 < kW < 50) BAJA TENSION CON MEDIDOR HORARIO,Cargo de  Energía:Energía en Valle,US$/kWh,ABRUZZO,0.148043,2014-01-15,2014-04-15,USD
207,El Salvador,https://www.siget.gob.sv/gerencias/electricidad/tarifas-de-electricidad/tarifas-de-electricidad-ano-2014/,II.   MEDIANA DEMANDA  (10 < kW < 50) BAJA TENSION CON MEDIDOR HORARIO,Cargo de Distribución:Potencia:,US$/kW-mes,ABRUZZO,19.659880,2014-01-15,2014-04-15,USD
208,El Salvador,https://www.siget.gob.sv/gerencias/electricidad/tarifas-de-electricidad/tarifas-de-electricidad-ano-2014/,II.   MEDIANA DEMANDA  (10 < kW < 50) MEDIA TENSION CON MEDIDOR HORARIO,Cargo de Comercialización:Cargo Fijo,US$/Usuario-mes,CAESS,0.864952,2014-01-15,2014-04-15,USD
209,El Salvador,https://www.siget.gob.sv/gerencias/electricidad/tarifas-de-electricidad/tarifas-de-electricidad-ano-2014/,II.   MEDIANA DEMANDA  (10 < kW < 50) MEDIA TENSION CON MEDIDOR HORARIO,Cargo de  Energía:Energía en Punta,US$/kWh,CAESS,0.175158,2014-01-15,2014-04-15,USD
210,El Salvador,https://www.siget.gob.sv/gerencias/electricidad/tarifas-de-electricidad/tarifas-de-electricidad-ano-2014/,II.   MEDIANA DEMANDA  (10 < kW < 50) MEDIA TENSION CON MEDIDOR HORARIO,Cargo de  Energía:Energía en Resto,US$/kWh,CAESS,0.179064,2014-01-15,2014-04-15,USD
211,El Salvador,https://www.siget.gob.sv/gerencias/electricidad/tarifas-de-electricidad/tarifas-de-electricidad-ano-2014/,II.   MEDIANA DEMANDA  (10 < kW < 50) MEDIA TENSION CON MEDIDOR HORARIO,Cargo de  Energía:Energía en Valle,US$/kWh,CAESS,0.161222,2014-01-15,2014-04-15,USD
212,El Salvador,https://www.siget.gob.sv/gerencias/electricidad/tarifas-de-electricidad/tarifas-de-electricidad-ano-2014/,II.   MEDIANA DEMANDA  (10 < kW < 50) MEDIA TENSION CON MEDIDOR HORARIO,Cargo de Distribución:Potencia:,US$/kW-mes,CAESS,6.263900,2014-01-15,2014-04-15,USD
213,El Salvador,https://www.siget.gob.sv/gerencias/electricidad/tarifas-de-electricidad/tarifas-de-electricidad-ano-2014/,II.   MEDIANA DEMANDA  (10 < kW < 50) MEDIA TENSION CON MEDIDOR HORARIO,Cargo de Comercialización:Cargo Fijo,US$/Usuario-mes,DEL SUR,0.970762,2014-01-15,2014-04-15,USD
214,El Salvador,https://www.siget.gob.sv/gerencias/electricidad/tarifas-de-electricidad/tarifas-de-electricidad-ano-2014/,II.   MEDIANA DEMANDA  (10 < kW < 50) MEDIA TENSION CON MEDIDOR HORARIO,Cargo de  Energía:Energía en Punta,US$/kWh,DEL SUR,0.180381,2014-01-15,2014-04-15,USD
215,El Salvador,https://www.siget.gob.sv/gerencias/electricidad/tarifas-de-electricidad/tarifas-de-electricidad-ano-2014/,II.   MEDIANA DEMANDA  (10 < kW < 50) MEDIA TENSION CON MEDIDOR HORARIO,Cargo de  Energía:Energía en Resto,US$/kWh,DEL SUR,0.179776,2014-01-15,2014-04-15,USD
216,El Salvador,https://www.siget.gob.sv/gerencias/electricidad/tarifas-de-electricidad/tarifas-de-electricidad-ano-2014/,II.   MEDIANA DEMANDA  (10 < kW < 50) MEDIA TENSION CON MEDIDOR HORARIO,Cargo de  Energía:Energía en Valle,US$/kWh,DEL SUR,0.169717,2014-01-15,2014-04-15,USD
217,El Salvador,https://www.siget.gob.sv/gerencias/electricidad/tarifas-de-electricidad/tarifas-de-electricidad-ano-2014/,II.   MEDIANA DEMANDA  (10 < kW < 50) MEDIA TENSION CON MEDIDOR HORARIO,Cargo de Distribución:Potencia:,US$/kW-mes,DEL SUR,6.867950,2014-01-15,2014-04-15,USD
218,El Salvador,https://www.siget.gob.sv/gerencias/electricidad/tarifas-de-electricidad/tarifas-de-electricidad-ano-2014/,II.   MEDIANA DEMANDA  (10 < kW < 50) MEDIA TENSION CON MEDIDOR HORARIO,Cargo de Comercialización:Cargo Fijo,US$/Usuario-mes,CLESA,0.822731,2014-01-15,2014-04-15,USD
219,El Salvador,https://www.siget.gob.sv/gerencias/electricidad/tarifas-de-electricidad/tarifas-de-electricidad-ano-2014/,II.   MEDIANA DEMANDA  (10 < kW < 50) MEDIA TENSION CON MEDIDOR HORARIO,Cargo de  Energía:Energía en Punta,US$/kWh,CLESA,0.176564,2014-01-15,2014-04-15,USD
220,El Salvador,https://www.siget.gob.sv/gerencias/electricidad/tarifas-de-electricidad/tarifas-de-electricidad-ano-2014/,II.   MEDIANA DEMANDA  (10 < kW < 50) MEDIA TENSION CON MEDIDOR HORARIO,Cargo de  Energía:Energía en Resto,US$/kWh,CLESA,0.179654,2014-01-15,2014-04-15,USD
221,El Salvador,https://www.siget.gob.sv/gerencias/electricidad/tarifas-de-electricidad/tarifas-de-electricidad-ano-2014/,II.   MEDIANA DEMANDA  (10 < kW < 50) MEDIA TENSION CON MEDIDOR HORARIO,Cargo de  Energía:Energía en Valle,US$/kWh,CLESA,0.170767,2014-01-15,2014-04-15,USD
222,El Salvador,https://www.siget.gob.sv/gerencias/electricidad/tarifas-de-electricidad/tarifas-de-electricidad-ano-2014/,II.   MEDIANA DEMANDA  (10 < kW < 50) MEDIA TENSION CON MEDIDOR HORARIO,Cargo de Distribución:Potencia:,US$/kW-mes,CLESA,12.051303,2014-01-15,2014-04-15,USD
223,El Salvador,https://www.siget.gob.sv/gerencias/electricidad/tarifas-de-electricidad/tarifas-de-electricidad-ano-2014/,II.   MEDIANA DEMANDA  (10 < kW < 50) MEDIA TENSION CON MEDIDOR HORARIO,Cargo de Comercialización:Cargo Fijo,US$/Usuario-mes,EEO,0.932619,2014-01-15,2014-04-15,USD
224,El Salvador,https://www.siget.gob.sv/gerencias/electricidad/tarifas-de-electricidad/tarifas-de-electricidad-ano-2014/,II.   MEDIANA DEMANDA  (10 < kW < 50) MEDIA TENSION CON MEDIDOR HORARIO,Cargo de  Energía:Energía en Punta,US$/kWh,EEO,0.176848,2014-01-15,2014-04-15,USD
225,El Salvador,https://www.siget.gob.sv/gerencias/electricidad/tarifas-de-electricidad/tarifas-de-electricidad-ano-2014/,II.   MEDIANA DEMANDA  (10 < kW < 50) MEDIA TENSION CON MEDIDOR HORARIO,Cargo de  Energía:Energía en Resto,US$/kWh,EEO,0.178547,2014-01-15,2014-04-15,USD
226,El Salvador,https://www.siget.gob.sv/gerencias/electricidad/tarifas-de-electricidad/tarifas-de-electricidad-ano-2014/,II.   MEDIANA DEMANDA  (10 < kW < 50) MEDIA TENSION CON MEDIDOR HORARIO,Cargo de  Energía:Energía en Valle,US$/kWh,EEO,0.168789,2014-01-15,2014-04-15,USD
227,El Salvador,https://www.siget.gob.sv/gerencias/electricidad/tarifas-de-electricidad/tarifas-de-electricidad-ano-2014/,II.   MEDIANA DEMANDA  (10 < kW < 50) MEDIA TENSION CON MEDIDOR HORARIO,Cargo de Distribución:Potencia:,US$/kW-mes,EEO,17.394294,2014-01-15,2014-04-15,USD
228,El Salvador,https://www.siget.gob.sv/gerencias/electricidad/tarifas-de-electricidad/tarifas-de-electricidad-ano-2014/,II.   MEDIANA DEMANDA  (10 < kW < 50) MEDIA TENSION CON MEDIDOR HORARIO,Cargo de Comercialización:Cargo Fijo,US$/Usuario-mes,DEUSEM,0.929202,2014-01-15,2014-04-15,USD
229,El Salvador,https://www.siget.gob.sv/gerencias/electricidad/tarifas-de-electricidad/tarifas-de-electricidad-ano-2014/,II.   MEDIANA DEMANDA  (10 < kW < 50) MEDIA TENSION CON MEDIDOR HORARIO,Cargo de  Energía:Energía en Punta,US$/kWh,DEUSEM,0.175020,2014-01-15,2014-04-15,USD
230,El Salvador,https://www.siget.gob.sv/gerencias/electricidad/tarifas-de-electricidad/tarifas-de-electricidad-ano-2014/,II.   MEDIANA DEMANDA  (10 < kW < 50) MEDIA TENSION CON MEDIDOR HORARIO,Cargo de  Energía:Energía en Resto,US$/kWh,DEUSEM,0.178917,2014-01-15,2014-04-15,USD
231,El Salvador,https://www.siget.gob.sv/gerencias/electricidad/tarifas-de-electricidad/tarifas-de-electricidad-ano-2014/,II.   MEDIANA DEMANDA  (10 < kW < 50) MEDIA TENSION CON MEDIDOR HORARIO,Cargo de  Energía:Energía en Valle,US$/kWh,DEUSEM,0.168670,2014-01-15,2014-04-15,USD
232,El Salvador,https://www.siget.gob.sv/gerencias/electricidad/tarifas-de-electricidad/tarifas-de-electricidad-ano-2014/,II.   MEDIANA DEMANDA  (10 < kW < 50) MEDIA TENSION CON MEDIDOR HORARIO,Cargo de Distribución:Potencia:,US$/kW-mes,DEUSEM,16.615205,2014-01-15,2014-04-15,USD
233,El Salvador,https://www.siget.gob.sv/gerencias/electricidad/tarifas-de-electricidad/tarifas-de-electricidad-ano-2014/,II.   MEDIANA DEMANDA  (10 < kW < 50) MEDIA TENSION CON MEDIDOR HORARIO,Cargo de Comercialización:Cargo Fijo,US$/Usuario-mes,EDESAL,2.020086,2014-01-15,2014-04-15,USD
234,El Salvador,https://www.siget.gob.sv/gerencias/electricidad/tarifas-de-electricidad/tarifas-de-electricidad-ano-2014/,II.   MEDIANA DEMANDA  (10 < kW < 50) MEDIA TENSION CON MEDIDOR HORARIO,Cargo de  Energía:Energía en Punta,US$/kWh,EDESAL,0.187921,2014-01-15,2014-04-15,USD
235,El Salvador,https://www.siget.gob.sv/gerencias/electricidad/tarifas-de-electricidad/tarifas-de-electricidad-ano-2014/,II.   MEDIANA DEMANDA  (10 < kW < 50) MEDIA TENSION CON MEDIDOR HORARIO,Cargo de  Energía:Energía en Resto,US$/kWh,EDESAL,0.187001,2014-01-15,2014-04-15,USD
236,El Salvador,https://www.siget.gob.sv/gerencias/electricidad/tarifas-de-electricidad/tarifas-de-electricidad-ano-2014/,II.   MEDIANA DEMANDA  (10 < kW < 50) MEDIA TENSION CON MEDIDOR HORARIO,Cargo de  Energía:Energía en Valle,US$/kWh,EDESAL,0.175151,2014-01-15,2014-04-15,USD
237,El Salvador,https://www.siget.gob.sv/gerencias/electricidad/tarifas-de-electricidad/tarifas-de-electricidad-ano-2014/,II.   MEDIANA DEMANDA  (10 < kW < 50) MEDIA TENSION CON MEDIDOR HORARIO,Cargo de Distribución:Potencia:,US$/kW-mes,EDESAL,16.472655,2014-01-15,2014-04-15,USD
238,El Salvador,https://www.siget.gob.sv/gerencias/electricidad/tarifas-de-electricidad/tarifas-de-electricidad-ano-2014/,II.   MEDIANA DEMANDA  (10 < kW < 50) MEDIA TENSION CON MEDIDOR HORARIO,Cargo de Comercialización:Cargo Fijo,US$/Usuario-mes,B&D,0.813496,2014-01-15,2014-04-15,USD
239,El Salvador,https://www.siget.gob.sv/gerencias/electricidad/tarifas-de-electricidad/tarifas-de-electricidad-ano-2014/,II.   MEDIANA DEMANDA  (10 < kW < 50) MEDIA TENSION CON MEDIDOR HORARIO,Cargo de  Energía:Energía en Punta,US$/kWh,B&D,0.171627,2014-01-15,2014-04-15,USD
240,El Salvador,https://www.siget.gob.sv/gerencias/electricidad/tarifas-de-electricidad/tarifas-de-electricidad-ano-2014/,II.   MEDIANA DEMANDA  (10 < kW < 50) MEDIA TENSION CON MEDIDOR HORARIO,Cargo de  Energía:Energía en Resto,US$/kWh,B&D,0.170139,2014-01-15,2014-04-15,USD
241,El Salvador,https://www.siget.gob.sv/gerencias/electricidad/tarifas-de-electricidad/tarifas-de-electricidad-ano-2014/,II.   MEDIANA DEMANDA  (10 < kW < 50) MEDIA TENSION CON MEDIDOR HORARIO,Cargo de  Energía:Energía en Valle,US$/kWh,B&D,0.165574,2014-01-15,2014-04-15,USD
242,El Salvador,https://www.siget.gob.sv/gerencias/electricidad/tarifas-de-electricidad/tarifas-de-electricidad-ano-2014/,II.   MEDIANA DEMANDA  (10 < kW < 50) MEDIA TENSION CON MEDIDOR HORARIO,Cargo de Distribución:Potencia:,US$/kW-mes,B&D,2.466721,2014-01-15,2014-04-15,USD
243,El Salvador,https://www.siget.gob.sv/gerencias/electricidad/tarifas-de-electricidad/tarifas-de-electricidad-ano-2014/,II.   MEDIANA DEMANDA  (10 < kW < 50) MEDIA TENSION CON MEDIDOR HORARIO,Cargo de Comercialización:Cargo Fijo,US$/Usuario-mes,ABRUZZO,0.862856,2014-01-15,2014-04-15,USD
244,El Salvador,https://www.siget.gob.sv/gerencias/electricidad/tarifas-de-electricidad/tarifas-de-electricidad-ano-2014/,II.   MEDIANA DEMANDA  (10 < kW < 50) MEDIA TENSION CON MEDIDOR HORARIO,Cargo de  Energía:Energía en Punta,US$/kWh,ABRUZZO,0.165869,2014-01-15,2014-04-15,USD
245,El Salvador,https://www.siget.gob.sv/gerencias/electricidad/tarifas-de-electricidad/tarifas-de-electricidad-ano-2014/,II.   MEDIANA DEMANDA  (10 < kW < 50) MEDIA TENSION CON MEDIDOR HORARIO,Cargo de  Energía:Energía en Resto,US$/kWh,ABRUZZO,0.161631,2014-01-15,2014-04-15,USD
246,El Salvador,https://www.siget.gob.sv/gerencias/electricidad/tarifas-de-electricidad/tarifas-de-electricidad-ano-2014/,II.   MEDIANA DEMANDA  (10 < kW < 50) MEDIA TENSION CON MEDIDOR HORARIO,Cargo de  Energía:Energía en Valle,US$/kWh,ABRUZZO,0.130843,2014-01-15,2014-04-15,USD
247,El Salvador,https://www.siget.gob.sv/gerencias/electricidad/tarifas-de-electricidad/tarifas-de-electricidad-ano-2014/,II.   MEDIANA DEMANDA  (10 < kW < 50) MEDIA TENSION CON MEDIDOR HORARIO,Cargo de Distribución:Potencia:,US$/kW-mes,ABRUZZO,5.065353,2014-01-15,2014-04-15,USD
248,El Salvador,https://www.siget.gob.sv/gerencias/electricidad/tarifas-de-electricidad/tarifas-de-electricidad-ano-2014/,III.   GRANDES DEMANDAS  ( >50 kW ) BAJA TENSION CON MEDIDOR HORARIO,Cargo de Comercialización:Atención al Cliente,US$/Usuario-mes,CAESS,12.974283,2014-01-15,2014-04-15,USD
249,El Salvador,https://www.siget.gob.sv/gerencias/electricidad/tarifas-de-electricidad/tarifas-de-electricidad-ano-2014/,III.   GRANDES DEMANDAS  ( >50 kW ) BAJA TENSION CON MEDIDOR HORARIO,Cargo de  Energía:Energía en Punta,US$/kWh,CAESS,0.189074,2014-01-15,2014-04-15,USD
250,El Salvador,https://www.siget.gob.sv/gerencias/electricidad/tarifas-de-electricidad/tarifas-de-electricidad-ano-2014/,III.   GRANDES DEMANDAS  ( >50 kW ) BAJA TENSION CON MEDIDOR HORARIO,Cargo de  Energía:Energía en Resto,US$/kWh,CAESS,0.193291,2014-01-15,2014-04-15,USD
251,El Salvador,https://www.siget.gob.sv/gerencias/electricidad/tarifas-de-electricidad/tarifas-de-electricidad-ano-2014/,III.   GRANDES DEMANDAS  ( >50 kW ) BAJA TENSION CON MEDIDOR HORARIO,Cargo de  Energía:Energía en Valle,US$/kWh,CAESS,0.174030,2014-01-15,2014-04-15,USD
252,El Salvador,https://www.siget.gob.sv/gerencias/electricidad/tarifas-de-electricidad/tarifas-de-electricidad-ano-2014/,III.   GRANDES DEMANDAS  ( >50 kW ) BAJA TENSION CON MEDIDOR HORARIO,Cargo de Distribución:Potencia:,US$/kW-mes,CAESS,13.164120,2014-01-15,2014-04-15,USD
253,El Salvador,https://www.siget.gob.sv/gerencias/electricidad/tarifas-de-electricidad/tarifas-de-electricidad-ano-2014/,III.   GRANDES DEMANDAS  ( >50 kW ) BAJA TENSION CON MEDIDOR HORARIO,Cargo de Comercialización:Atención al Cliente,US$/Usuario-mes,DEL SUR,14.561436,2014-01-15,2014-04-15,USD
254,El Salvador,https://www.siget.gob.sv/gerencias/electricidad/tarifas-de-electricidad/tarifas-de-electricidad-ano-2014/,III.   GRANDES DEMANDAS  ( >50 kW ) BAJA TENSION CON MEDIDOR HORARIO,Cargo de  Energía:Energía en Punta,US$/kWh,DEL SUR,0.197052,2014-01-15,2014-04-15,USD
255,El Salvador,https://www.siget.gob.sv/gerencias/electricidad/tarifas-de-electricidad/tarifas-de-electricidad-ano-2014/,III.   GRANDES DEMANDAS  ( >50 kW ) BAJA TENSION CON MEDIDOR HORARIO,Cargo de  Energía:Energía en Resto,US$/kWh,DEL SUR,0.196391,2014-01-15,2014-04-15,USD
256,El Salvador,https://www.siget.gob.sv/gerencias/electricidad/tarifas-de-electricidad/tarifas-de-electricidad-ano-2014/,III.   GRANDES DEMANDAS  ( >50 kW ) BAJA TENSION CON MEDIDOR HORARIO,Cargo de  Energía:Energía en Valle,US$/kWh,DEL SUR,0.185402,2014-01-15,2014-04-15,USD
257,El Salvador,https://www.siget.gob.sv/gerencias/electricidad/tarifas-de-electricidad/tarifas-de-electricidad-ano-2014/,III.   GRANDES DEMANDAS  ( >50 kW ) BAJA TENSION CON MEDIDOR HORARIO,Cargo de Distribución:Potencia:,US$/kW-mes,DEL SUR,21.411636,2014-01-15,2014-04-15,USD
258,El Salvador,https://www.siget.gob.sv/gerencias/electricidad/tarifas-de-electricidad/tarifas-de-electricidad-ano-2014/,III.   GRANDES DEMANDAS  ( >50 kW ) BAJA TENSION CON MEDIDOR HORARIO,Cargo de Comercialización:Atención al Cliente,US$/Usuario-mes,CLESA,12.340965,2014-01-15,2014-04-15,USD
259,El Salvador,https://www.siget.gob.sv/gerencias/electricidad/tarifas-de-electricidad/tarifas-de-electricidad-ano-2014/,III.   GRANDES DEMANDAS  ( >50 kW ) BAJA TENSION CON MEDIDOR HORARIO,Cargo de  Energía:Energía en Punta,US$/kWh,CLESA,0.193601,2014-01-15,2014-04-15,USD
260,El Salvador,https://www.siget.gob.sv/gerencias/electricidad/tarifas-de-electricidad/tarifas-de-electricidad-ano-2014/,III.   GRANDES DEMANDAS  ( >50 kW ) BAJA TENSION CON MEDIDOR HORARIO,Cargo de  Energía:Energía en Resto,US$/kWh,CLESA,0.196989,2014-01-15,2014-04-15,USD
261,El Salvador,https://www.siget.gob.sv/gerencias/electricidad/tarifas-de-electricidad/tarifas-de-electricidad-ano-2014/,III.   GRANDES DEMANDAS  ( >50 kW ) BAJA TENSION CON MEDIDOR HORARIO,Cargo de  Energía:Energía en Valle,US$/kWh,CLESA,0.187245,2014-01-15,2014-04-15,USD
262,El Salvador,https://www.siget.gob.sv/gerencias/electricidad/tarifas-de-electricidad/tarifas-de-electricidad-ano-2014/,III.   GRANDES DEMANDAS  ( >50 kW ) BAJA TENSION CON MEDIDOR HORARIO,Cargo de Distribución:Potencia:,US$/kW-mes,CLESA,21.637792,2014-01-15,2014-04-15,USD
263,El Salvador,https://www.siget.gob.sv/gerencias/electricidad/tarifas-de-electricidad/tarifas-de-electricidad-ano-2014/,III.   GRANDES DEMANDAS  ( >50 kW ) BAJA TENSION CON MEDIDOR HORARIO,Cargo de Comercialización:Atención al Cliente,US$/Usuario-mes,EEO,13.989288,2014-01-15,2014-04-15,USD
264,El Salvador,https://www.siget.gob.sv/gerencias/electricidad/tarifas-de-electricidad/tarifas-de-electricidad-ano-2014/,III.   GRANDES DEMANDAS  ( >50 kW ) BAJA TENSION CON MEDIDOR HORARIO,Cargo de  Energía:Energía en Punta,US$/kWh,EEO,0.198327,2014-01-15,2014-04-15,USD
265,El Salvador,https://www.siget.gob.sv/gerencias/electricidad/tarifas-de-electricidad/tarifas-de-electricidad-ano-2014/,III.   GRANDES DEMANDAS  ( >50 kW ) BAJA TENSION CON MEDIDOR HORARIO,Cargo de  Energía:Energía en Resto,US$/kWh,EEO,0.200232,2014-01-15,2014-04-15,USD
266,El Salvador,https://www.siget.gob.sv/gerencias/electricidad/tarifas-de-electricidad/tarifas-de-electricidad-ano-2014/,III.   GRANDES DEMANDAS  ( >50 kW ) BAJA TENSION CON MEDIDOR HORARIO,Cargo de  Energía:Energía en Valle,US$/kWh,EEO,0.189290,2014-01-15,2014-04-15,USD
267,El Salvador,https://www.siget.gob.sv/gerencias/electricidad/tarifas-de-electricidad/tarifas-de-electricidad-ano-2014/,III.   GRANDES DEMANDAS  ( >50 kW ) BAJA TENSION CON MEDIDOR HORARIO,Cargo de Distribución:Potencia:,US$/kW-mes,EEO,27.086359,2014-01-15,2014-04-15,USD
268,El Salvador,https://www.siget.gob.sv/gerencias/electricidad/tarifas-de-electricidad/tarifas-de-electricidad-ano-2014/,III.   GRANDES DEMANDAS  ( >50 kW ) BAJA TENSION CON MEDIDOR HORARIO,Cargo de Comercialización:Atención al Cliente,US$/Usuario-mes,DEUSEM,13.938035,2014-01-15,2014-04-15,USD
269,El Salvador,https://www.siget.gob.sv/gerencias/electricidad/tarifas-de-electricidad/tarifas-de-electricidad-ano-2014/,III.   GRANDES DEMANDAS  ( >50 kW ) BAJA TENSION CON MEDIDOR HORARIO,Cargo de  Energía:Energía en Punta,US$/kWh,DEUSEM,0.197473,2014-01-15,2014-04-15,USD
270,El Salvador,https://www.siget.gob.sv/gerencias/electricidad/tarifas-de-electricidad/tarifas-de-electricidad-ano-2014/,III.   GRANDES DEMANDAS  ( >50 kW ) BAJA TENSION CON MEDIDOR HORARIO,Cargo de  Energía:Energía en Resto,US$/kWh,DEUSEM,0.201869,2014-01-15,2014-04-15,USD
271,El Salvador,https://www.siget.gob.sv/gerencias/electricidad/tarifas-de-electricidad/tarifas-de-electricidad-ano-2014/,III.   GRANDES DEMANDAS  ( >50 kW ) BAJA TENSION CON MEDIDOR HORARIO,Cargo de  Energía:Energía en Valle,US$/kWh,DEUSEM,0.190308,2014-01-15,2014-04-15,USD
272,El Salvador,https://www.siget.gob.sv/gerencias/electricidad/tarifas-de-electricidad/tarifas-de-electricidad-ano-2014/,III.   GRANDES DEMANDAS  ( >50 kW ) BAJA TENSION CON MEDIDOR HORARIO,Cargo de Distribución:Potencia:,US$/kW-mes,DEUSEM,26.645839,2014-01-15,2014-04-15,USD
273,El Salvador,https://www.siget.gob.sv/gerencias/electricidad/tarifas-de-electricidad/tarifas-de-electricidad-ano-2014/,III.   GRANDES DEMANDAS  ( >50 kW ) BAJA TENSION CON MEDIDOR HORARIO,Cargo de Comercialización:Atención al Cliente,US$/Usuario-mes,EDESAL,17.666082,2014-01-15,2014-04-15,USD
274,El Salvador,https://www.siget.gob.sv/gerencias/electricidad/tarifas-de-electricidad/tarifas-de-electricidad-ano-2014/,III.   GRANDES DEMANDAS  ( >50 kW ) BAJA TENSION CON MEDIDOR HORARIO,Cargo de  Energía:Energía en Punta,US$/kWh,EDESAL,0.202482,2014-01-15,2014-04-15,USD
275,El Salvador,https://www.siget.gob.sv/gerencias/electricidad/tarifas-de-electricidad/tarifas-de-electricidad-ano-2014/,III.   GRANDES DEMANDAS  ( >50 kW ) BAJA TENSION CON MEDIDOR HORARIO,Cargo de  Energía:Energía en Resto,US$/kWh,EDESAL,0.201490,2014-01-15,2014-04-15,USD
276,El Salvador,https://www.siget.gob.sv/gerencias/electricidad/tarifas-de-electricidad/tarifas-de-electricidad-ano-2014/,III.   GRANDES DEMANDAS  ( >50 kW ) BAJA TENSION CON MEDIDOR HORARIO,Cargo de  Energía:Energía en Valle,US$/kWh,EDESAL,0.188722,2014-01-15,2014-04-15,USD
277,El Salvador,https://www.siget.gob.sv/gerencias/electricidad/tarifas-de-electricidad/tarifas-de-electricidad-ano-2014/,III.   GRANDES DEMANDAS  ( >50 kW ) BAJA TENSION CON MEDIDOR HORARIO,Cargo de Distribución:Potencia:,US$/kW-mes,EDESAL,36.086870,2014-01-15,2014-04-15,USD
278,El Salvador,https://www.siget.gob.sv/gerencias/electricidad/tarifas-de-electricidad/tarifas-de-electricidad-ano-2014/,III.   GRANDES DEMANDAS  ( >50 kW ) BAJA TENSION CON MEDIDOR HORARIO,Cargo de Comercialización:Atención al Cliente,US$/Usuario-mes,B&D,3.299270,2014-01-15,2014-04-15,USD
279,El Salvador,https://www.siget.gob.sv/gerencias/electricidad/tarifas-de-electricidad/tarifas-de-electricidad-ano-2014/,III.   GRANDES DEMANDAS  ( >50 kW ) BAJA TENSION CON MEDIDOR HORARIO,Cargo de  Energía:Energía en Punta,US$/kWh,B&D,0.184545,2014-01-15,2014-04-15,USD
280,El Salvador,https://www.siget.gob.sv/gerencias/electricidad/tarifas-de-electricidad/tarifas-de-electricidad-ano-2014/,III.   GRANDES DEMANDAS  ( >50 kW ) BAJA TENSION CON MEDIDOR HORARIO,Cargo de  Energía:Energía en Resto,US$/kWh,B&D,0.182945,2014-01-15,2014-04-15,USD
281,El Salvador,https://www.siget.gob.sv/gerencias/electricidad/tarifas-de-electricidad/tarifas-de-electricidad-ano-2014/,III.   GRANDES DEMANDAS  ( >50 kW ) BAJA TENSION CON MEDIDOR HORARIO,Cargo de  Energía:Energía en Valle,US$/kWh,B&D,0.178036,2014-01-15,2014-04-15,USD
282,El Salvador,https://www.siget.gob.sv/gerencias/electricidad/tarifas-de-electricidad/tarifas-de-electricidad-ano-2014/,III.   GRANDES DEMANDAS  ( >50 kW ) BAJA TENSION CON MEDIDOR HORARIO,Cargo de Distribución:Potencia:,US$/kW-mes,B&D,8.306436,2014-01-15,2014-04-15,USD
283,El Salvador,https://www.siget.gob.sv/gerencias/electricidad/tarifas-de-electricidad/tarifas-de-electricidad-ano-2014/,III.   GRANDES DEMANDAS  ( >50 kW ) BAJA TENSION CON MEDIDOR HORARIO,Cargo de Comercialización:Atención al Cliente,US$/Usuario-mes,ABRUZZO,6.630030,2014-01-15,2014-04-15,USD
284,El Salvador,https://www.siget.gob.sv/gerencias/electricidad/tarifas-de-electricidad/tarifas-de-electricidad-ano-2014/,III.   GRANDES DEMANDAS  ( >50 kW ) BAJA TENSION CON MEDIDOR HORARIO,Cargo de  Energía:Energía en Punta,US$/kWh,ABRUZZO,0.187673,2014-01-15,2014-04-15,USD
285,El Salvador,https://www.siget.gob.sv/gerencias/electricidad/tarifas-de-electricidad/tarifas-de-electricidad-ano-2014/,III.   GRANDES DEMANDAS  ( >50 kW ) BAJA TENSION CON MEDIDOR HORARIO,Cargo de  Energía:Energía en Resto,US$/kWh,ABRUZZO,0.182879,2014-01-15,2014-04-15,USD
286,El Salvador,https://www.siget.gob.sv/gerencias/electricidad/tarifas-de-electricidad/tarifas-de-electricidad-ano-2014/,III.   GRANDES DEMANDAS  ( >50 kW ) BAJA TENSION CON MEDIDOR HORARIO,Cargo de  Energía:Energía en Valle,US$/kWh,ABRUZZO,0.148043,2014-01-15,2014-04-15,USD
287,El Salvador,https://www.siget.gob.sv/gerencias/electricidad/tarifas-de-electricidad/tarifas-de-electricidad-ano-2014/,III.   GRANDES DEMANDAS  ( >50 kW ) BAJA TENSION CON MEDIDOR HORARIO,Cargo de Distribución:Potencia:,US$/kW-mes,ABRUZZO,19.659880,2014-01-15,2014-04-15,USD
288,El Salvador,https://www.siget.gob.sv/gerencias/electricidad/tarifas-de-electricidad/tarifas-de-electricidad-ano-2014/,III.   GRANDES DEMANDAS  ( >50 kW ) MEDIA TENSION CON MEDIDOR HORARIO,Cargo de Comercialización:Cargo Fijo,US$/Usuario-mes,CAESS,12.974283,2014-01-15,2014-04-15,USD
289,El Salvador,https://www.siget.gob.sv/gerencias/electricidad/tarifas-de-electricidad/tarifas-de-electricidad-ano-2014/,III.   GRANDES DEMANDAS  ( >50 kW ) MEDIA TENSION CON MEDIDOR HORARIO,Cargo de  Energía:Energía en Punta,US$/kWh,CAESS,0.175158,2014-01-15,2014-04-15,USD
290,El Salvador,https://www.siget.gob.sv/gerencias/electricidad/tarifas-de-electricidad/tarifas-de-electricidad-ano-2014/,III.   GRANDES DEMANDAS  ( >50 kW ) MEDIA TENSION CON MEDIDOR HORARIO,Cargo de  Energía:Energía en Resto,US$/kWh,CAESS,0.179064,2014-01-15,2014-04-15,USD
291,El Salvador,https://www.siget.gob.sv/gerencias/electricidad/tarifas-de-electricidad/tarifas-de-electricidad-ano-2014/,III.   GRANDES DEMANDAS  ( >50 kW ) MEDIA TENSION CON MEDIDOR HORARIO,Cargo de  Energía:Energía en Valle,US$/kWh,CAESS,0.161222,2014-01-15,2014-04-15,USD
292,El Salvador,https://www.siget.gob.sv/gerencias/electricidad/tarifas-de-electricidad/tarifas-de-electricidad-ano-2014/,III.   GRANDES DEMANDAS  ( >50 kW ) MEDIA TENSION CON MEDIDOR HORARIO,Cargo de Distribución:Potencia:,US$/kW-mes,CAESS,6.263900,2014-01-15,2014-04-15,USD
293,El Salvador,https://www.siget.gob.sv/gerencias/electricidad/tarifas-de-electricidad/tarifas-de-electricidad-ano-2014/,III.   GRANDES DEMANDAS  ( >50 kW ) MEDIA TENSION CON MEDIDOR HORARIO,Cargo de Comercialización:Cargo Fijo,US$/Usuario-mes,DEL SUR,14.561436,2014-01-15,2014-04-15,USD
294,El Salvador,https://www.siget.gob.sv/gerencias/electricidad/tarifas-de-electricidad/tarifas-de-electricidad-ano-2014/,III.   GRANDES DEMANDAS  ( >50 kW ) MEDIA TENSION CON MEDIDOR HORARIO,Cargo de  Energía:Energía en Punta,US$/kWh,DEL SUR,0.180381,2014-01-15,2014-04-15,USD
295,El Salvador,https://www.siget.gob.sv/gerencias/electricidad/tarifas-de-electricidad/tarifas-de-electricidad-ano-2014/,III.   GRANDES DEMANDAS  ( >50 kW ) MEDIA TENSION CON MEDIDOR HORARIO,Cargo de  Energía:Energía en Resto,US$/kWh,DEL SUR,0.179776,2014-01-15,2014-04-15,USD
296,El Salvador,https://www.siget.gob.sv/gerencias/electricidad/tarifas-de-electricidad/tarifas-de-electricidad-ano-2014/,III.   GRANDES DEMANDAS  ( >50 kW ) MEDIA TENSION CON MEDIDOR HORARIO,Cargo de  Energía:Energía en Valle,US$/kWh,DEL SUR,0.169717,2014-01-15,2014-04-15,USD
297,El Salvador,https://www.siget.gob.sv/gerencias/electricidad/tarifas-de-electricidad/tarifas-de-electricidad-ano-2014/,III.   GRANDES DEMANDAS  ( >50 kW ) MEDIA TENSION CON MEDIDOR HORARIO,Cargo de Distribución:Potencia:,US$/kW-mes,DEL SUR,6.867950,2014-01-15,2014-04-15,USD
298,El Salvador,https://www.siget.gob.sv/gerencias/electricidad/tarifas-de-electricidad/tarifas-de-electricidad-ano-2014/,III.   GRANDES DEMANDAS  ( >50 kW ) MEDIA TENSION CON MEDIDOR HORARIO,Cargo de Comercialización:Cargo Fijo,US$/Usuario-mes,CLESA,12.340965,2014-01-15,2014-04-15,USD
299,El Salvador,https://www.siget.gob.sv/gerencias/electricidad/tarifas-de-electricidad/tarifas-de-electricidad-ano-2014/,III.   GRANDES DEMANDAS  ( >50 kW ) MEDIA TENSION CON MEDIDOR HORARIO,Cargo de  Energía:Energía en Punta,US$/kWh,CLESA,0.176564,2014-01-15,2014-04-15,USD
300,El Salvador,https://www.siget.gob.sv/gerencias/electricidad/tarifas-de-electricidad/tarifas-de-electricidad-ano-2014/,III.   GRANDES DEMANDAS  ( >50 kW ) MEDIA TENSION CON MEDIDOR HORARIO,Cargo de  Energía:Energía en Resto,US$/kWh,CLESA,0.179654,2014-01-15,2014-04-15,USD
301,El Salvador,https://www.siget.gob.sv/gerencias/electricidad/tarifas-de-electricidad/tarifas-de-electricidad-ano-2014/,III.   GRANDES DEMANDAS  ( >50 kW ) MEDIA TENSION CON MEDIDOR HORARIO,Cargo de  Energía:Energía en Valle,US$/kWh,CLESA,0.170767,2014-01-15,2014-04-15,USD
302,El Salvador,https://www.siget.gob.sv/gerencias/electricidad/tarifas-de-electricidad/tarifas-de-electricidad-ano-2014/,III.   GRANDES DEMANDAS  ( >50 kW ) MEDIA TENSION CON MEDIDOR HORARIO,Cargo de Distribución:Potencia:,US$/kW-mes,CLESA,12.051303,2014-01-15,2014-04-15,USD
303,El Salvador,https://www.siget.gob.sv/gerencias/electricidad/tarifas-de-electricidad/tarifas-de-electricidad-ano-2014/,III.   GRANDES DEMANDAS  ( >50 kW ) MEDIA TENSION CON MEDIDOR HORARIO,Cargo de Comercialización:Cargo Fijo,US$/Usuario-mes,EEO,13.989288,2014-01-15,2014-04-15,USD
304,El Salvador,https://www.siget.gob.sv/gerencias/electricidad/tarifas-de-electricidad/tarifas-de-electricidad-ano-2014/,III.   GRANDES DEMANDAS  ( >50 kW ) MEDIA TENSION CON MEDIDOR HORARIO,Cargo de  Energía:Energía en Punta,US$/kWh,EEO,0.176848,2014-01-15,2014-04-15,USD
305,El Salvador,https://www.siget.gob.sv/gerencias/electricidad/tarifas-de-electricidad/tarifas-de-electricidad-ano-2014/,III.   GRANDES DEMANDAS  ( >50 kW ) MEDIA TENSION CON MEDIDOR HORARIO,Cargo de  Energía:Energía en Resto,US$/kWh,EEO,0.178547,2014-01-15,2014-04-15,USD
306,El Salvador,https://www.siget.gob.sv/gerencias/electricidad/tarifas-de-electricidad/tarifas-de-electricidad-ano-2014/,III.   GRANDES DEMANDAS  ( >50 kW ) MEDIA TENSION CON MEDIDOR HORARIO,Cargo de  Energía:Energía en Valle,US$/kWh,EEO,0.168789,2014-01-15,2014-04-15,USD
307,El Salvador,https://www.siget.gob.sv/gerencias/electricidad/tarifas-de-electricidad/tarifas-de-electricidad-ano-2014/,III.   GRANDES DEMANDAS  ( >50 kW ) MEDIA TENSION CON MEDIDOR HORARIO,Cargo de Distribución:Potencia:,US$/kW-mes,EEO,17.394294,2014-01-15,2014-04-15,USD
308,El Salvador,https://www.siget.gob.sv/gerencias/electricidad/tarifas-de-electricidad/tarifas-de-electricidad-ano-2014/,III.   GRANDES DEMANDAS  ( >50 kW ) MEDIA TENSION CON MEDIDOR HORARIO,Cargo de Comercialización:Cargo Fijo,US$/Usuario-mes,DEUSEM,13.938035,2014-01-15,2014-04-15,USD
309,El Salvador,https://www.siget.gob.sv/gerencias/electricidad/tarifas-de-electricidad/tarifas-de-electricidad-ano-2014/,III.   GRANDES DEMANDAS  ( >50 kW ) MEDIA TENSION CON MEDIDOR HORARIO,Cargo de  Energía:Energía en Punta,US$/kWh,DEUSEM,0.175020,2014-01-15,2014-04-15,USD
310,El Salvador,https://www.siget.gob.sv/gerencias/electricidad/tarifas-de-electricidad/tarifas-de-electricidad-ano-2014/,III.   GRANDES DEMANDAS  ( >50 kW ) MEDIA TENSION CON MEDIDOR HORARIO,Cargo de  Energía:Energía en Resto,US$/kWh,DEUSEM,0.178917,2014-01-15,2014-04-15,USD
311,El Salvador,https://www.siget.gob.sv/gerencias/electricidad/tarifas-de-electricidad/tarifas-de-electricidad-ano-2014/,III.   GRANDES DEMANDAS  ( >50 kW ) MEDIA TENSION CON MEDIDOR HORARIO,Cargo de  Energía:Energía en Valle,US$/kWh,DEUSEM,0.168670,2014-01-15,2014-04-15,USD
312,El Salvador,https://www.siget.gob.sv/gerencias/electricidad/tarifas-de-electricidad/tarifas-de-electricidad-ano-2014/,III.   GRANDES DEMANDAS  ( >50 kW ) MEDIA TENSION CON MEDIDOR HORARIO,Cargo de Distribución:Potencia:,US$/kW-mes,DEUSEM,16.615205,2014-01-15,2014-04-15,USD
313,El Salvador,https://www.siget.gob.sv/gerencias/electricidad/tarifas-de-electricidad/tarifas-de-electricidad-ano-2014/,III.   GRANDES DEMANDAS  ( >50 kW ) MEDIA TENSION CON MEDIDOR HORARIO,Cargo de Comercialización:Cargo Fijo,US$/Usuario-mes,EDESAL,17.666082,2014-01-15,2014-04-15,USD
314,El Salvador,https://www.siget.gob.sv/gerencias/electricidad/tarifas-de-electricidad/tarifas-de-electricidad-ano-2014/,III.   GRANDES DEMANDAS  ( >50 kW ) MEDIA TENSION CON MEDIDOR HORARIO,Cargo de  Energía:Energía en Punta,US$/kWh,EDESAL,0.187921,2014-01-15,2014-04-15,USD
315,El Salvador,https://www.siget.gob.sv/gerencias/electricidad/tarifas-de-electricidad/tarifas-de-electricidad-ano-2014/,III.   GRANDES DEMANDAS  ( >50 kW ) MEDIA TENSION CON MEDIDOR HORARIO,Cargo de  Energía:Energía en Resto,US$/kWh,EDESAL,0.187001,2014-01-15,2014-04-15,USD
316,El Salvador,https://www.siget.gob.sv/gerencias/electricidad/tarifas-de-electricidad/tarifas-de-electricidad-ano-2014/,III.   GRANDES DEMANDAS  ( >50 kW ) MEDIA TENSION CON MEDIDOR HORARIO,Cargo de  Energía:Energía en Valle,US$/kWh,EDESAL,0.175151,2014-01-15,2014-04-15,USD
317,El Salvador,https://www.siget.gob.sv/gerencias/electricidad/tarifas-de-electricidad/tarifas-de-electricidad-ano-2014/,III.   GRANDES DEMANDAS  ( >50 kW ) MEDIA TENSION CON MEDIDOR HORARIO,Cargo de Distribución:Potencia:,US$/kW-mes,EDESAL,16.472655,2014-01-15,2014-04-15,USD
318,El Salvador,https://www.siget.gob.sv/gerencias/electricidad/tarifas-de-electricidad/tarifas-de-electricidad-ano-2014/,III.   GRANDES DEMANDAS  ( >50 kW ) MEDIA TENSION CON MEDIDOR HORARIO,Cargo de Comercialización:Cargo Fijo,US$/Usuario-mes,B&D,3.299270,2014-01-15,2014-04-15,USD
319,El Salvador,https://www.siget.gob.sv/gerencias/electricidad/tarifas-de-electricidad/tarifas-de-electricidad-ano-2014/,III.   GRANDES DEMANDAS  ( >50 kW ) MEDIA TENSION CON MEDIDOR HORARIO,Cargo de  Energía:Energía en Punta,US$/kWh,B&D,0.171627,2014-01-15,2014-04-15,USD
320,El Salvador,https://www.siget.gob.sv/gerencias/electricidad/tarifas-de-electricidad/tarifas-de-electricidad-ano-2014/,III.   GRANDES DEMANDAS  ( >50 kW ) MEDIA TENSION CON MEDIDOR HORARIO,Cargo de  Energía:Energía en Resto,US$/kWh,B&D,0.170139,2014-01-15,2014-04-15,USD
321,El Salvador,https://www.siget.gob.sv/gerencias/electricidad/tarifas-de-electricidad/tarifas-de-electricidad-ano-2014/,III.   GRANDES DEMANDAS  ( >50 kW ) MEDIA TENSION CON MEDIDOR HORARIO,Cargo de  Energía:Energía en Valle,US$/kWh,B&D,0.165574,2014-01-15,2014-04-15,USD
322,El Salvador,https://www.siget.gob.sv/gerencias/electricidad/tarifas-de-electricidad/tarifas-de-electricidad-ano-2014/,III.   GRANDES DEMANDAS  ( >50 kW ) MEDIA TENSION CON MEDIDOR HORARIO,Cargo de Distribución:Potencia:,US$/kW-mes,B&D,2.466721,2014-01-15,2014-04-15,USD
323,El Salvador,https://www.siget.gob.sv/gerencias/electricidad/tarifas-de-electricidad/tarifas-de-electricidad-ano-2014/,III.   GRANDES DEMANDAS  ( >50 kW ) MEDIA TENSION CON MEDIDOR HORARIO,Cargo de Comercialización:Cargo Fijo,US$/Usuario-mes,ABRUZZO,6.630030,2014-01-15,2014-04-15,USD
324,El Salvador,https://www.siget.gob.sv/gerencias/electricidad/tarifas-de-electricidad/tarifas-de-electricidad-ano-2014/,III.   GRANDES DEMANDAS  ( >50 kW ) MEDIA TENSION CON MEDIDOR HORARIO,Cargo de  Energía:Energía en Punta,US$/kWh,ABRUZZO,0.165869,2014-01-15,2014-04-15,USD
325,El Salvador,https://www.siget.gob.sv/gerencias/electricidad/tarifas-de-electricidad/tarifas-de-electricidad-ano-2014/,III.   GRANDES DEMANDAS  ( >50 kW ) MEDIA TENSION CON MEDIDOR HORARIO,Cargo de  Energía:Energía en Resto,US$/kWh,ABRUZZO,0.161631,2014-01-15,2014-04-15,USD
326,El Salvador,https://www.siget.gob.sv/gerencias/electricidad/tarifas-de-electricidad/tarifas-de-electricidad-ano-2014/,III.   GRANDES DEMANDAS  ( >50 kW ) MEDIA TENSION CON MEDIDOR HORARIO,Cargo de  Energía:Energía en Valle,US$/kWh,ABRUZZO,0.130843,2014-01-15,2014-04-15,USD
327,El Salvador,https://www.siget.gob.sv/gerencias/electricidad/tarifas-de-electricidad/tarifas-de-electricidad-ano-2014/,III.   GRANDES DEMANDAS  ( >50 kW ) MEDIA TENSION CON MEDIDOR HORARIO,Cargo de Distribución:Potencia:,US$/kW-mes,ABRUZZO,5.065353,2014-01-15,2014-04-15,USD
