,Country,Document_link,Tariff_code,Component,Unit,Utility,Charge,Date_start,Date_end,$local
0,El Salvador,https://www.siget.gob.sv/gerencias/electricidad/tarifas-de-electricidad/tarifas-de-electricidad-ano-2013/,I.   PEQUEÑAS DEMANDAS  (0 < kW < 10) BAJA TENSION Bloque 1: Primeros 99 kWh/mes,Cargo de Comercialización:Cargo Fijo,US$/Usuario-mes,CAESS,0.858449,2013-10-15,2014-01-15,USD
1,El Salvador,https://www.siget.gob.sv/gerencias/electricidad/tarifas-de-electricidad/tarifas-de-electricidad-ano-2013/,I.   PEQUEÑAS DEMANDAS  (0 < kW < 10) BAJA TENSION Bloque 1: Primeros 99 kWh/mes,Cargo de  Energía:Cargo Variable,US$/kWh,CAESS,0.190538,2013-10-15,2014-01-15,USD
2,El Salvador,https://www.siget.gob.sv/gerencias/electricidad/tarifas-de-electricidad/tarifas-de-electricidad-ano-2013/,I.   PEQUEÑAS DEMANDAS  (0 < kW < 10) BAJA TENSION Bloque 1: Primeros 99 kWh/mes,Cargo de Distribución:Cargo Variable,US$/kWh,CAESS,0.029950,2013-10-15,2014-01-15,USD
3,El Salvador,https://www.siget.gob.sv/gerencias/electricidad/tarifas-de-electricidad/tarifas-de-electricidad-ano-2013/,I.   PEQUEÑAS DEMANDAS  (0 < kW < 10) BAJA TENSION Bloque 1: Primeros 99 kWh/mes,Cargo de Comercialización:Cargo Fijo,US$/Usuario-mes,DEL SUR,0.963463,2013-10-15,2014-01-15,USD
4,El Salvador,https://www.siget.gob.sv/gerencias/electricidad/tarifas-de-electricidad/tarifas-de-electricidad-ano-2013/,I.   PEQUEÑAS DEMANDAS  (0 < kW < 10) BAJA TENSION Bloque 1: Primeros 99 kWh/mes,Cargo de  Energía:Cargo Variable,US$/kWh,DEL SUR,0.198427,2013-10-15,2014-01-15,USD
5,El Salvador,https://www.siget.gob.sv/gerencias/electricidad/tarifas-de-electricidad/tarifas-de-electricidad-ano-2013/,I.   PEQUEÑAS DEMANDAS  (0 < kW < 10) BAJA TENSION Bloque 1: Primeros 99 kWh/mes,Cargo de Distribución:Cargo Variable,US$/kWh,DEL SUR,0.049636,2013-10-15,2014-01-15,USD
6,El Salvador,https://www.siget.gob.sv/gerencias/electricidad/tarifas-de-electricidad/tarifas-de-electricidad-ano-2013/,I.   PEQUEÑAS DEMANDAS  (0 < kW < 10) BAJA TENSION Bloque 1: Primeros 99 kWh/mes,Cargo de Comercialización:Cargo Fijo,US$/Usuario-mes,CLESA,0.816545,2013-10-15,2014-01-15,USD
7,El Salvador,https://www.siget.gob.sv/gerencias/electricidad/tarifas-de-electricidad/tarifas-de-electricidad-ano-2013/,I.   PEQUEÑAS DEMANDAS  (0 < kW < 10) BAJA TENSION Bloque 1: Primeros 99 kWh/mes,Cargo de  Energía:Cargo Variable,US$/kWh,CLESA,0.196520,2013-10-15,2014-01-15,USD
8,El Salvador,https://www.siget.gob.sv/gerencias/electricidad/tarifas-de-electricidad/tarifas-de-electricidad-ano-2013/,I.   PEQUEÑAS DEMANDAS  (0 < kW < 10) BAJA TENSION Bloque 1: Primeros 99 kWh/mes,Cargo de Distribución:Cargo Variable,US$/kWh,CLESA,0.061596,2013-10-15,2014-01-15,USD
9,El Salvador,https://www.siget.gob.sv/gerencias/electricidad/tarifas-de-electricidad/tarifas-de-electricidad-ano-2013/,I.   PEQUEÑAS DEMANDAS  (0 < kW < 10) BAJA TENSION Bloque 1: Primeros 99 kWh/mes,Cargo de Comercialización:Cargo Fijo,US$/Usuario-mes,EEO,0.925607,2013-10-15,2014-01-15,USD
10,El Salvador,https://www.siget.gob.sv/gerencias/electricidad/tarifas-de-electricidad/tarifas-de-electricidad-ano-2013/,I.   PEQUEÑAS DEMANDAS  (0 < kW < 10) BAJA TENSION Bloque 1: Primeros 99 kWh/mes,Cargo de  Energía:Cargo Variable,US$/kWh,EEO,0.200898,2013-10-15,2014-01-15,USD
11,El Salvador,https://www.siget.gob.sv/gerencias/electricidad/tarifas-de-electricidad/tarifas-de-electricidad-ano-2013/,I.   PEQUEÑAS DEMANDAS  (0 < kW < 10) BAJA TENSION Bloque 1: Primeros 99 kWh/mes,Cargo de Distribución:Cargo Variable,US$/kWh,EEO,0.067609,2013-10-15,2014-01-15,USD
12,El Salvador,https://www.siget.gob.sv/gerencias/electricidad/tarifas-de-electricidad/tarifas-de-electricidad-ano-2013/,I.   PEQUEÑAS DEMANDAS  (0 < kW < 10) BAJA TENSION Bloque 1: Primeros 99 kWh/mes,Cargo de Comercialización:Cargo Fijo,US$/Usuario-mes,DEUSEM,0.922216,2013-10-15,2014-01-15,USD
13,El Salvador,https://www.siget.gob.sv/gerencias/electricidad/tarifas-de-electricidad/tarifas-de-electricidad-ano-2013/,I.   PEQUEÑAS DEMANDAS  (0 < kW < 10) BAJA TENSION Bloque 1: Primeros 99 kWh/mes,Cargo de  Energía:Cargo Variable,US$/kWh,DEUSEM,0.202370,2013-10-15,2014-01-15,USD
14,El Salvador,https://www.siget.gob.sv/gerencias/electricidad/tarifas-de-electricidad/tarifas-de-electricidad-ano-2013/,I.   PEQUEÑAS DEMANDAS  (0 < kW < 10) BAJA TENSION Bloque 1: Primeros 99 kWh/mes,Cargo de Distribución:Cargo Variable,US$/kWh,DEUSEM,0.076580,2013-10-15,2014-01-15,USD
15,El Salvador,https://www.siget.gob.sv/gerencias/electricidad/tarifas-de-electricidad/tarifas-de-electricidad-ano-2013/,I.   PEQUEÑAS DEMANDAS  (0 < kW < 10) BAJA TENSION Bloque 1: Primeros 99 kWh/mes,Cargo de Comercialización:Cargo Fijo,US$/Usuario-mes,EDESAL,2.004897,2013-10-15,2014-01-15,USD
16,El Salvador,https://www.siget.gob.sv/gerencias/electricidad/tarifas-de-electricidad/tarifas-de-electricidad-ano-2013/,I.   PEQUEÑAS DEMANDAS  (0 < kW < 10) BAJA TENSION Bloque 1: Primeros 99 kWh/mes,Cargo de  Energía:Cargo Variable,US$/kWh,EDESAL,0.206616,2013-10-15,2014-01-15,USD
17,El Salvador,https://www.siget.gob.sv/gerencias/electricidad/tarifas-de-electricidad/tarifas-de-electricidad-ano-2013/,I.   PEQUEÑAS DEMANDAS  (0 < kW < 10) BAJA TENSION Bloque 1: Primeros 99 kWh/mes,Cargo de Distribución:Cargo Variable,US$/kWh,EDESAL,0.083257,2013-10-15,2014-01-15,USD
18,El Salvador,https://www.siget.gob.sv/gerencias/electricidad/tarifas-de-electricidad/tarifas-de-electricidad-ano-2013/,I.   PEQUEÑAS DEMANDAS  (0 < kW < 10) BAJA TENSION Bloque 1: Primeros 99 kWh/mes,Cargo de Comercialización:Cargo Fijo,US$/Usuario-mes,B&D,0.807379,2013-10-15,2014-01-15,USD
19,El Salvador,https://www.siget.gob.sv/gerencias/electricidad/tarifas-de-electricidad/tarifas-de-electricidad-ano-2013/,I.   PEQUEÑAS DEMANDAS  (0 < kW < 10) BAJA TENSION Bloque 1: Primeros 99 kWh/mes,Cargo de  Energía:Cargo Variable,US$/kWh,B&D,0.181068,2013-10-15,2014-01-15,USD
20,El Salvador,https://www.siget.gob.sv/gerencias/electricidad/tarifas-de-electricidad/tarifas-de-electricidad-ano-2013/,I.   PEQUEÑAS DEMANDAS  (0 < kW < 10) BAJA TENSION Bloque 1: Primeros 99 kWh/mes,Cargo de Distribución:Cargo Variable,US$/kWh,B&D,0.023298,2013-10-15,2014-01-15,USD
21,El Salvador,https://www.siget.gob.sv/gerencias/electricidad/tarifas-de-electricidad/tarifas-de-electricidad-ano-2013/,I.   PEQUEÑAS DEMANDAS  (0 < kW < 10) BAJA TENSION Bloque 1: Primeros 99 kWh/mes,Cargo de Comercialización:Cargo Fijo,US$/Usuario-mes,ABRUZZO,0.856368,2013-10-15,2014-01-15,USD
22,El Salvador,https://www.siget.gob.sv/gerencias/electricidad/tarifas-de-electricidad/tarifas-de-electricidad-ano-2013/,I.   PEQUEÑAS DEMANDAS  (0 < kW < 10) BAJA TENSION Bloque 1: Primeros 99 kWh/mes,Cargo de  Energía:Cargo Variable,US$/kWh,ABRUZZO,0.202369,2013-10-15,2014-01-15,USD
23,El Salvador,https://www.siget.gob.sv/gerencias/electricidad/tarifas-de-electricidad/tarifas-de-electricidad-ano-2013/,I.   PEQUEÑAS DEMANDAS  (0 < kW < 10) BAJA TENSION Bloque 1: Primeros 99 kWh/mes,Cargo de Distribución:Cargo Variable,US$/kWh,ABRUZZO,0.036732,2013-10-15,2014-01-15,USD
24,El Salvador,https://www.siget.gob.sv/gerencias/electricidad/tarifas-de-electricidad/tarifas-de-electricidad-ano-2013/,I.   PEQUEÑAS DEMANDAS  (0 < kW < 10) BAJA TENSION Bloque 2: Consumos entre 100 kWh/mes y 199 kWh/mes,Cargo de Comercialización:Cargo Fijo,US$/Usuario-mes,CAESS,0.858449,2013-10-15,2014-01-15,USD
25,El Salvador,https://www.siget.gob.sv/gerencias/electricidad/tarifas-de-electricidad/tarifas-de-electricidad-ano-2013/,I.   PEQUEÑAS DEMANDAS  (0 < kW < 10) BAJA TENSION Bloque 2: Consumos entre 100 kWh/mes y 199 kWh/mes,Cargo de  Energía:Cargo Variable,US$/kWh,CAESS,0.190459,2013-10-15,2014-01-15,USD
26,El Salvador,https://www.siget.gob.sv/gerencias/electricidad/tarifas-de-electricidad/tarifas-de-electricidad-ano-2013/,I.   PEQUEÑAS DEMANDAS  (0 < kW < 10) BAJA TENSION Bloque 2: Consumos entre 100 kWh/mes y 199 kWh/mes,Cargo de Distribución:Cargo Variable,US$/kWh,CAESS,0.032700,2013-10-15,2014-01-15,USD
27,El Salvador,https://www.siget.gob.sv/gerencias/electricidad/tarifas-de-electricidad/tarifas-de-electricidad-ano-2013/,I.   PEQUEÑAS DEMANDAS  (0 < kW < 10) BAJA TENSION Bloque 2: Consumos entre 100 kWh/mes y 199 kWh/mes,Cargo de Comercialización:Cargo Fijo,US$/Usuario-mes,DEL SUR,0.963463,2013-10-15,2014-01-15,USD
28,El Salvador,https://www.siget.gob.sv/gerencias/electricidad/tarifas-de-electricidad/tarifas-de-electricidad-ano-2013/,I.   PEQUEÑAS DEMANDAS  (0 < kW < 10) BAJA TENSION Bloque 2: Consumos entre 100 kWh/mes y 199 kWh/mes,Cargo de  Energía:Cargo Variable,US$/kWh,DEL SUR,0.197889,2013-10-15,2014-01-15,USD
29,El Salvador,https://www.siget.gob.sv/gerencias/electricidad/tarifas-de-electricidad/tarifas-de-electricidad-ano-2013/,I.   PEQUEÑAS DEMANDAS  (0 < kW < 10) BAJA TENSION Bloque 2: Consumos entre 100 kWh/mes y 199 kWh/mes,Cargo de Distribución:Cargo Variable,US$/kWh,DEL SUR,0.059463,2013-10-15,2014-01-15,USD
30,El Salvador,https://www.siget.gob.sv/gerencias/electricidad/tarifas-de-electricidad/tarifas-de-electricidad-ano-2013/,I.   PEQUEÑAS DEMANDAS  (0 < kW < 10) BAJA TENSION Bloque 2: Consumos entre 100 kWh/mes y 199 kWh/mes,Cargo de Comercialización:Cargo Fijo,US$/Usuario-mes,CLESA,0.816545,2013-10-15,2014-01-15,USD
31,El Salvador,https://www.siget.gob.sv/gerencias/electricidad/tarifas-de-electricidad/tarifas-de-electricidad-ano-2013/,I.   PEQUEÑAS DEMANDAS  (0 < kW < 10) BAJA TENSION Bloque 2: Consumos entre 100 kWh/mes y 199 kWh/mes,Cargo de  Energía:Cargo Variable,US$/kWh,CLESA,0.196479,2013-10-15,2014-01-15,USD
32,El Salvador,https://www.siget.gob.sv/gerencias/electricidad/tarifas-de-electricidad/tarifas-de-electricidad-ano-2013/,I.   PEQUEÑAS DEMANDAS  (0 < kW < 10) BAJA TENSION Bloque 2: Consumos entre 100 kWh/mes y 199 kWh/mes,Cargo de Distribución:Cargo Variable,US$/kWh,CLESA,0.027232,2013-10-15,2014-01-15,USD
33,El Salvador,https://www.siget.gob.sv/gerencias/electricidad/tarifas-de-electricidad/tarifas-de-electricidad-ano-2013/,I.   PEQUEÑAS DEMANDAS  (0 < kW < 10) BAJA TENSION Bloque 2: Consumos entre 100 kWh/mes y 199 kWh/mes,Cargo de Comercialización:Cargo Fijo,US$/Usuario-mes,EEO,0.925607,2013-10-15,2014-01-15,USD
34,El Salvador,https://www.siget.gob.sv/gerencias/electricidad/tarifas-de-electricidad/tarifas-de-electricidad-ano-2013/,I.   PEQUEÑAS DEMANDAS  (0 < kW < 10) BAJA TENSION Bloque 2: Consumos entre 100 kWh/mes y 199 kWh/mes,Cargo de  Energía:Cargo Variable,US$/kWh,EEO,0.200382,2013-10-15,2014-01-15,USD
35,El Salvador,https://www.siget.gob.sv/gerencias/electricidad/tarifas-de-electricidad/tarifas-de-electricidad-ano-2013/,I.   PEQUEÑAS DEMANDAS  (0 < kW < 10) BAJA TENSION Bloque 2: Consumos entre 100 kWh/mes y 199 kWh/mes,Cargo de Distribución:Cargo Variable,US$/kWh,EEO,0.034947,2013-10-15,2014-01-15,USD
36,El Salvador,https://www.siget.gob.sv/gerencias/electricidad/tarifas-de-electricidad/tarifas-de-electricidad-ano-2013/,I.   PEQUEÑAS DEMANDAS  (0 < kW < 10) BAJA TENSION Bloque 2: Consumos entre 100 kWh/mes y 199 kWh/mes,Cargo de Comercialización:Cargo Fijo,US$/Usuario-mes,DEUSEM,0.922216,2013-10-15,2014-01-15,USD
37,El Salvador,https://www.siget.gob.sv/gerencias/electricidad/tarifas-de-electricidad/tarifas-de-electricidad-ano-2013/,I.   PEQUEÑAS DEMANDAS  (0 < kW < 10) BAJA TENSION Bloque 2: Consumos entre 100 kWh/mes y 199 kWh/mes,Cargo de  Energía:Cargo Variable,US$/kWh,DEUSEM,0.202571,2013-10-15,2014-01-15,USD
38,El Salvador,https://www.siget.gob.sv/gerencias/electricidad/tarifas-de-electricidad/tarifas-de-electricidad-ano-2013/,I.   PEQUEÑAS DEMANDAS  (0 < kW < 10) BAJA TENSION Bloque 2: Consumos entre 100 kWh/mes y 199 kWh/mes,Cargo de Distribución:Cargo Variable,US$/kWh,DEUSEM,0.036204,2013-10-15,2014-01-15,USD
39,El Salvador,https://www.siget.gob.sv/gerencias/electricidad/tarifas-de-electricidad/tarifas-de-electricidad-ano-2013/,I.   PEQUEÑAS DEMANDAS  (0 < kW < 10) BAJA TENSION Bloque 2: Consumos entre 100 kWh/mes y 199 kWh/mes,Cargo de Comercialización:Cargo Fijo,US$/Usuario-mes,EDESAL,2.004897,2013-10-15,2014-01-15,USD
40,El Salvador,https://www.siget.gob.sv/gerencias/electricidad/tarifas-de-electricidad/tarifas-de-electricidad-ano-2013/,I.   PEQUEÑAS DEMANDAS  (0 < kW < 10) BAJA TENSION Bloque 2: Consumos entre 100 kWh/mes y 199 kWh/mes,Cargo de  Energía:Cargo Variable,US$/kWh,EDESAL,0.203720,2013-10-15,2014-01-15,USD
41,El Salvador,https://www.siget.gob.sv/gerencias/electricidad/tarifas-de-electricidad/tarifas-de-electricidad-ano-2013/,I.   PEQUEÑAS DEMANDAS  (0 < kW < 10) BAJA TENSION Bloque 2: Consumos entre 100 kWh/mes y 199 kWh/mes,Cargo de Distribución:Cargo Variable,US$/kWh,EDESAL,0.071256,2013-10-15,2014-01-15,USD
42,El Salvador,https://www.siget.gob.sv/gerencias/electricidad/tarifas-de-electricidad/tarifas-de-electricidad-ano-2013/,I.   PEQUEÑAS DEMANDAS  (0 < kW < 10) BAJA TENSION Bloque 2: Consumos entre 100 kWh/mes y 199 kWh/mes,Cargo de Comercialización:Cargo Fijo,US$/Usuario-mes,B&D,0.807379,2013-10-15,2014-01-15,USD
43,El Salvador,https://www.siget.gob.sv/gerencias/electricidad/tarifas-de-electricidad/tarifas-de-electricidad-ano-2013/,I.   PEQUEÑAS DEMANDAS  (0 < kW < 10) BAJA TENSION Bloque 2: Consumos entre 100 kWh/mes y 199 kWh/mes,Cargo de  Energía:Cargo Variable,US$/kWh,B&D,0.183730,2013-10-15,2014-01-15,USD
44,El Salvador,https://www.siget.gob.sv/gerencias/electricidad/tarifas-de-electricidad/tarifas-de-electricidad-ano-2013/,I.   PEQUEÑAS DEMANDAS  (0 < kW < 10) BAJA TENSION Bloque 2: Consumos entre 100 kWh/mes y 199 kWh/mes,Cargo de Distribución:Cargo Variable,US$/kWh,B&D,0.024993,2013-10-15,2014-01-15,USD
45,El Salvador,https://www.siget.gob.sv/gerencias/electricidad/tarifas-de-electricidad/tarifas-de-electricidad-ano-2013/,I.   PEQUEÑAS DEMANDAS  (0 < kW < 10) BAJA TENSION Bloque 2: Consumos entre 100 kWh/mes y 199 kWh/mes,Cargo de Comercialización:Cargo Fijo,US$/Usuario-mes,ABRUZZO,0.856368,2013-10-15,2014-01-15,USD
46,El Salvador,https://www.siget.gob.sv/gerencias/electricidad/tarifas-de-electricidad/tarifas-de-electricidad-ano-2013/,I.   PEQUEÑAS DEMANDAS  (0 < kW < 10) BAJA TENSION Bloque 2: Consumos entre 100 kWh/mes y 199 kWh/mes,Cargo de  Energía:Cargo Variable,US$/kWh,ABRUZZO,0.201608,2013-10-15,2014-01-15,USD
47,El Salvador,https://www.siget.gob.sv/gerencias/electricidad/tarifas-de-electricidad/tarifas-de-electricidad-ano-2013/,I.   PEQUEÑAS DEMANDAS  (0 < kW < 10) BAJA TENSION Bloque 2: Consumos entre 100 kWh/mes y 199 kWh/mes,Cargo de Distribución:Cargo Variable,US$/kWh,ABRUZZO,0.040205,2013-10-15,2014-01-15,USD
48,El Salvador,https://www.siget.gob.sv/gerencias/electricidad/tarifas-de-electricidad/tarifas-de-electricidad-ano-2013/,I.   PEQUEÑAS DEMANDAS  (0 < kW < 10) BAJA TENSION Bloque 3: Consumos mayores o iguales a 200 kWh/mes,Cargo de Comercialización:Cargo Fijo,US$/Usuario-mes,CAESS,0.858449,2013-10-15,2014-01-15,USD
49,El Salvador,https://www.siget.gob.sv/gerencias/electricidad/tarifas-de-electricidad/tarifas-de-electricidad-ano-2013/,I.   PEQUEÑAS DEMANDAS  (0 < kW < 10) BAJA TENSION Bloque 3: Consumos mayores o iguales a 200 kWh/mes,Cargo de  Energía:Cargo Variable,US$/kWh,CAESS,0.190535,2013-10-15,2014-01-15,USD
50,El Salvador,https://www.siget.gob.sv/gerencias/electricidad/tarifas-de-electricidad/tarifas-de-electricidad-ano-2013/,I.   PEQUEÑAS DEMANDAS  (0 < kW < 10) BAJA TENSION Bloque 3: Consumos mayores o iguales a 200 kWh/mes,Cargo de Distribución:Cargo Variable,US$/kWh,CAESS,0.041376,2013-10-15,2014-01-15,USD
51,El Salvador,https://www.siget.gob.sv/gerencias/electricidad/tarifas-de-electricidad/tarifas-de-electricidad-ano-2013/,I.   PEQUEÑAS DEMANDAS  (0 < kW < 10) BAJA TENSION Bloque 3: Consumos mayores o iguales a 200 kWh/mes,Cargo de Comercialización:Cargo Fijo,US$/Usuario-mes,DELSUR,0.963463,2013-10-15,2014-01-15,USD
52,El Salvador,https://www.siget.gob.sv/gerencias/electricidad/tarifas-de-electricidad/tarifas-de-electricidad-ano-2013/,I.   PEQUEÑAS DEMANDAS  (0 < kW < 10) BAJA TENSION Bloque 3: Consumos mayores o iguales a 200 kWh/mes,Cargo de  Energía:Cargo Variable,US$/kWh,DELSUR,0.197729,2013-10-15,2014-01-15,USD
53,El Salvador,https://www.siget.gob.sv/gerencias/electricidad/tarifas-de-electricidad/tarifas-de-electricidad-ano-2013/,I.   PEQUEÑAS DEMANDAS  (0 < kW < 10) BAJA TENSION Bloque 3: Consumos mayores o iguales a 200 kWh/mes,Cargo de Distribución:Cargo Variable,US$/kWh,DELSUR,0.069757,2013-10-15,2014-01-15,USD
54,El Salvador,https://www.siget.gob.sv/gerencias/electricidad/tarifas-de-electricidad/tarifas-de-electricidad-ano-2013/,I.   PEQUEÑAS DEMANDAS  (0 < kW < 10) BAJA TENSION Bloque 3: Consumos mayores o iguales a 200 kWh/mes,Cargo de Comercialización:Cargo Fijo,US$/Usuario-mes,CLESA,0.816545,2013-10-15,2014-01-15,USD
55,El Salvador,https://www.siget.gob.sv/gerencias/electricidad/tarifas-de-electricidad/tarifas-de-electricidad-ano-2013/,I.   PEQUEÑAS DEMANDAS  (0 < kW < 10) BAJA TENSION Bloque 3: Consumos mayores o iguales a 200 kWh/mes,Cargo de  Energía:Cargo Variable,US$/kWh,CLESA,0.196527,2013-10-15,2014-01-15,USD
56,El Salvador,https://www.siget.gob.sv/gerencias/electricidad/tarifas-de-electricidad/tarifas-de-electricidad-ano-2013/,I.   PEQUEÑAS DEMANDAS  (0 < kW < 10) BAJA TENSION Bloque 3: Consumos mayores o iguales a 200 kWh/mes,Cargo de Distribución:Cargo Variable,US$/kWh,CLESA,0.077582,2013-10-15,2014-01-15,USD
57,El Salvador,https://www.siget.gob.sv/gerencias/electricidad/tarifas-de-electricidad/tarifas-de-electricidad-ano-2013/,I.   PEQUEÑAS DEMANDAS  (0 < kW < 10) BAJA TENSION Bloque 3: Consumos mayores o iguales a 200 kWh/mes,Cargo de Comercialización:Cargo Fijo,US$/Usuario-mes,EEO,0.925607,2013-10-15,2014-01-15,USD
58,El Salvador,https://www.siget.gob.sv/gerencias/electricidad/tarifas-de-electricidad/tarifas-de-electricidad-ano-2013/,I.   PEQUEÑAS DEMANDAS  (0 < kW < 10) BAJA TENSION Bloque 3: Consumos mayores o iguales a 200 kWh/mes,Cargo de  Energía:Cargo Variable,US$/kWh,EEO,0.200173,2013-10-15,2014-01-15,USD
59,El Salvador,https://www.siget.gob.sv/gerencias/electricidad/tarifas-de-electricidad/tarifas-de-electricidad-ano-2013/,I.   PEQUEÑAS DEMANDAS  (0 < kW < 10) BAJA TENSION Bloque 3: Consumos mayores o iguales a 200 kWh/mes,Cargo de Distribución:Cargo Variable,US$/kWh,EEO,0.077614,2013-10-15,2014-01-15,USD
60,El Salvador,https://www.siget.gob.sv/gerencias/electricidad/tarifas-de-electricidad/tarifas-de-electricidad-ano-2013/,I.   PEQUEÑAS DEMANDAS  (0 < kW < 10) BAJA TENSION Bloque 3: Consumos mayores o iguales a 200 kWh/mes,Cargo de Comercialización:Cargo Fijo,US$/Usuario-mes,DEUSEM,0.922216,2013-10-15,2014-01-15,USD
61,El Salvador,https://www.siget.gob.sv/gerencias/electricidad/tarifas-de-electricidad/tarifas-de-electricidad-ano-2013/,I.   PEQUEÑAS DEMANDAS  (0 < kW < 10) BAJA TENSION Bloque 3: Consumos mayores o iguales a 200 kWh/mes,Cargo de  Energía:Cargo Variable,US$/kWh,DEUSEM,0.202622,2013-10-15,2014-01-15,USD
62,El Salvador,https://www.siget.gob.sv/gerencias/electricidad/tarifas-de-electricidad/tarifas-de-electricidad-ano-2013/,I.   PEQUEÑAS DEMANDAS  (0 < kW < 10) BAJA TENSION Bloque 3: Consumos mayores o iguales a 200 kWh/mes,Cargo de Distribución:Cargo Variable,US$/kWh,DEUSEM,0.077540,2013-10-15,2014-01-15,USD
63,El Salvador,https://www.siget.gob.sv/gerencias/electricidad/tarifas-de-electricidad/tarifas-de-electricidad-ano-2013/,I.   PEQUEÑAS DEMANDAS  (0 < kW < 10) BAJA TENSION Bloque 3: Consumos mayores o iguales a 200 kWh/mes,Cargo de Comercialización:Cargo Fijo,US$/Usuario-mes,EDESAL,2.004897,2013-10-15,2014-01-15,USD
64,El Salvador,https://www.siget.gob.sv/gerencias/electricidad/tarifas-de-electricidad/tarifas-de-electricidad-ano-2013/,I.   PEQUEÑAS DEMANDAS  (0 < kW < 10) BAJA TENSION Bloque 3: Consumos mayores o iguales a 200 kWh/mes,Cargo de  Energía:Cargo Variable,US$/kWh,EDESAL,0.203887,2013-10-15,2014-01-15,USD
65,El Salvador,https://www.siget.gob.sv/gerencias/electricidad/tarifas-de-electricidad/tarifas-de-electricidad-ano-2013/,I.   PEQUEÑAS DEMANDAS  (0 < kW < 10) BAJA TENSION Bloque 3: Consumos mayores o iguales a 200 kWh/mes,Cargo de Distribución:Cargo Variable,US$/kWh,EDESAL,0.077014,2013-10-15,2014-01-15,USD
66,El Salvador,https://www.siget.gob.sv/gerencias/electricidad/tarifas-de-electricidad/tarifas-de-electricidad-ano-2013/,I.   PEQUEÑAS DEMANDAS  (0 < kW < 10) BAJA TENSION Bloque 3: Consumos mayores o iguales a 200 kWh/mes,Cargo de Comercialización:Cargo Fijo,US$/Usuario-mes,B&D,0.807379,2013-10-15,2014-01-15,USD
67,El Salvador,https://www.siget.gob.sv/gerencias/electricidad/tarifas-de-electricidad/tarifas-de-electricidad-ano-2013/,I.   PEQUEÑAS DEMANDAS  (0 < kW < 10) BAJA TENSION Bloque 3: Consumos mayores o iguales a 200 kWh/mes,Cargo de  Energía:Cargo Variable,US$/kWh,B&D,0.187080,2013-10-15,2014-01-15,USD
68,El Salvador,https://www.siget.gob.sv/gerencias/electricidad/tarifas-de-electricidad/tarifas-de-electricidad-ano-2013/,I.   PEQUEÑAS DEMANDAS  (0 < kW < 10) BAJA TENSION Bloque 3: Consumos mayores o iguales a 200 kWh/mes,Cargo de Distribución:Cargo Variable,US$/kWh,B&D,0.026991,2013-10-15,2014-01-15,USD
69,El Salvador,https://www.siget.gob.sv/gerencias/electricidad/tarifas-de-electricidad/tarifas-de-electricidad-ano-2013/,I.   PEQUEÑAS DEMANDAS  (0 < kW < 10) BAJA TENSION Bloque 3: Consumos mayores o iguales a 200 kWh/mes,Cargo de Comercialización:Cargo Fijo,US$/Usuario-mes,ABRUZZO,0.856368,2013-10-15,2014-01-15,USD
70,El Salvador,https://www.siget.gob.sv/gerencias/electricidad/tarifas-de-electricidad/tarifas-de-electricidad-ano-2013/,I.   PEQUEÑAS DEMANDAS  (0 < kW < 10) BAJA TENSION Bloque 3: Consumos mayores o iguales a 200 kWh/mes,Cargo de  Energía:Cargo Variable,US$/kWh,ABRUZZO,0.201325,2013-10-15,2014-01-15,USD
71,El Salvador,https://www.siget.gob.sv/gerencias/electricidad/tarifas-de-electricidad/tarifas-de-electricidad-ano-2013/,I.   PEQUEÑAS DEMANDAS  (0 < kW < 10) BAJA TENSION Bloque 3: Consumos mayores o iguales a 200 kWh/mes,Cargo de Distribución:Cargo Variable,US$/kWh,ABRUZZO,0.041855,2013-10-15,2014-01-15,USD
72,El Salvador,https://www.siget.gob.sv/gerencias/electricidad/tarifas-de-electricidad/tarifas-de-electricidad-ano-2013/,I.   PEQUEÑAS DEMANDAS  (0 < kW < 10) BAJA TENSION Uso General,Cargo de Comercialización:Cargo Fijo,US$/Usuario-mes,CAESS,0.858449,2013-10-15,2014-01-15,USD
73,El Salvador,https://www.siget.gob.sv/gerencias/electricidad/tarifas-de-electricidad/tarifas-de-electricidad-ano-2013/,I.   PEQUEÑAS DEMANDAS  (0 < kW < 10) BAJA TENSION Uso General,Cargo de  Energía:Cargo Variable,US$/kWh,CAESS,0.191191,2013-10-15,2014-01-15,USD
74,El Salvador,https://www.siget.gob.sv/gerencias/electricidad/tarifas-de-electricidad/tarifas-de-electricidad-ano-2013/,I.   PEQUEÑAS DEMANDAS  (0 < kW < 10) BAJA TENSION Uso General,Cargo de Distribución:Cargo Variable,US$/kWh,CAESS,0.033395,2013-10-15,2014-01-15,USD
75,El Salvador,https://www.siget.gob.sv/gerencias/electricidad/tarifas-de-electricidad/tarifas-de-electricidad-ano-2013/,I.   PEQUEÑAS DEMANDAS  (0 < kW < 10) BAJA TENSION Uso General,Cargo de Comercialización:Cargo Fijo,US$/Usuario-mes,DELSUR,0.963463,2013-10-15,2014-01-15,USD
76,El Salvador,https://www.siget.gob.sv/gerencias/electricidad/tarifas-de-electricidad/tarifas-de-electricidad-ano-2013/,I.   PEQUEÑAS DEMANDAS  (0 < kW < 10) BAJA TENSION Uso General,Cargo de  Energía:Cargo Variable,US$/kWh,DELSUR,0.198013,2013-10-15,2014-01-15,USD
77,El Salvador,https://www.siget.gob.sv/gerencias/electricidad/tarifas-de-electricidad/tarifas-de-electricidad-ano-2013/,I.   PEQUEÑAS DEMANDAS  (0 < kW < 10) BAJA TENSION Uso General,Cargo de Distribución:Cargo Variable,US$/kWh,DELSUR,0.041322,2013-10-15,2014-01-15,USD
78,El Salvador,https://www.siget.gob.sv/gerencias/electricidad/tarifas-de-electricidad/tarifas-de-electricidad-ano-2013/,I.   PEQUEÑAS DEMANDAS  (0 < kW < 10) BAJA TENSION Uso General,Cargo de Comercialización:Cargo Fijo,US$/Usuario-mes,CLESA,0.816545,2013-10-15,2014-01-15,USD
79,El Salvador,https://www.siget.gob.sv/gerencias/electricidad/tarifas-de-electricidad/tarifas-de-electricidad-ano-2013/,I.   PEQUEÑAS DEMANDAS  (0 < kW < 10) BAJA TENSION Uso General,Cargo de  Energía:Cargo Variable,US$/kWh,CLESA,0.196798,2013-10-15,2014-01-15,USD
80,El Salvador,https://www.siget.gob.sv/gerencias/electricidad/tarifas-de-electricidad/tarifas-de-electricidad-ano-2013/,I.   PEQUEÑAS DEMANDAS  (0 < kW < 10) BAJA TENSION Uso General,Cargo de Distribución:Cargo Variable,US$/kWh,CLESA,0.038845,2013-10-15,2014-01-15,USD
81,El Salvador,https://www.siget.gob.sv/gerencias/electricidad/tarifas-de-electricidad/tarifas-de-electricidad-ano-2013/,I.   PEQUEÑAS DEMANDAS  (0 < kW < 10) BAJA TENSION Uso General,Cargo de Comercialización:Cargo Fijo,US$/Usuario-mes,EEO,0.925607,2013-10-15,2014-01-15,USD
82,El Salvador,https://www.siget.gob.sv/gerencias/electricidad/tarifas-de-electricidad/tarifas-de-electricidad-ano-2013/,I.   PEQUEÑAS DEMANDAS  (0 < kW < 10) BAJA TENSION Uso General,Cargo de  Energía:Cargo Variable,US$/kWh,EEO,0.200990,2013-10-15,2014-01-15,USD
83,El Salvador,https://www.siget.gob.sv/gerencias/electricidad/tarifas-de-electricidad/tarifas-de-electricidad-ano-2013/,I.   PEQUEÑAS DEMANDAS  (0 < kW < 10) BAJA TENSION Uso General,Cargo de Distribución:Cargo Variable,US$/kWh,EEO,0.058995,2013-10-15,2014-01-15,USD
84,El Salvador,https://www.siget.gob.sv/gerencias/electricidad/tarifas-de-electricidad/tarifas-de-electricidad-ano-2013/,I.   PEQUEÑAS DEMANDAS  (0 < kW < 10) BAJA TENSION Uso General,Cargo de Comercialización:Cargo Fijo,US$/Usuario-mes,DEUSEM,0.922216,2013-10-15,2014-01-15,USD
85,El Salvador,https://www.siget.gob.sv/gerencias/electricidad/tarifas-de-electricidad/tarifas-de-electricidad-ano-2013/,I.   PEQUEÑAS DEMANDAS  (0 < kW < 10) BAJA TENSION Uso General,Cargo de  Energía:Cargo Variable,US$/kWh,DEUSEM,0.203359,2013-10-15,2014-01-15,USD
86,El Salvador,https://www.siget.gob.sv/gerencias/electricidad/tarifas-de-electricidad/tarifas-de-electricidad-ano-2013/,I.   PEQUEÑAS DEMANDAS  (0 < kW < 10) BAJA TENSION Uso General,Cargo de Distribución:Cargo Variable,US$/kWh,DEUSEM,0.058523,2013-10-15,2014-01-15,USD
87,El Salvador,https://www.siget.gob.sv/gerencias/electricidad/tarifas-de-electricidad/tarifas-de-electricidad-ano-2013/,I.   PEQUEÑAS DEMANDAS  (0 < kW < 10) BAJA TENSION Uso General,Cargo de Comercialización:Cargo Fijo,US$/Usuario-mes,EDESAL,2.004897,2013-10-15,2014-01-15,USD
88,El Salvador,https://www.siget.gob.sv/gerencias/electricidad/tarifas-de-electricidad/tarifas-de-electricidad-ano-2013/,I.   PEQUEÑAS DEMANDAS  (0 < kW < 10) BAJA TENSION Uso General,Cargo de  Energía:Cargo Variable,US$/kWh,EDESAL,0.203136,2013-10-15,2014-01-15,USD
89,El Salvador,https://www.siget.gob.sv/gerencias/electricidad/tarifas-de-electricidad/tarifas-de-electricidad-ano-2013/,I.   PEQUEÑAS DEMANDAS  (0 < kW < 10) BAJA TENSION Uso General,Cargo de Distribución:Cargo Variable,US$/kWh,EDESAL,0.061945,2013-10-15,2014-01-15,USD
90,El Salvador,https://www.siget.gob.sv/gerencias/electricidad/tarifas-de-electricidad/tarifas-de-electricidad-ano-2013/,I.   PEQUEÑAS DEMANDAS  (0 < kW < 10) BAJA TENSION Uso General,Cargo de Comercialización:Cargo Fijo,US$/Usuario-mes,B&D,0.807379,2013-10-15,2014-01-15,USD
91,El Salvador,https://www.siget.gob.sv/gerencias/electricidad/tarifas-de-electricidad/tarifas-de-electricidad-ano-2013/,I.   PEQUEÑAS DEMANDAS  (0 < kW < 10) BAJA TENSION Uso General,Cargo de  Energía:Cargo Variable,US$/kWh,B&D,0.183401,2013-10-15,2014-01-15,USD
92,El Salvador,https://www.siget.gob.sv/gerencias/electricidad/tarifas-de-electricidad/tarifas-de-electricidad-ano-2013/,I.   PEQUEÑAS DEMANDAS  (0 < kW < 10) BAJA TENSION Uso General,Cargo de Distribución:Cargo Variable,US$/kWh,B&D,0.022001,2013-10-15,2014-01-15,USD
93,El Salvador,https://www.siget.gob.sv/gerencias/electricidad/tarifas-de-electricidad/tarifas-de-electricidad-ano-2013/,I.   PEQUEÑAS DEMANDAS  (0 < kW < 10) BAJA TENSION Uso General,Cargo de Comercialización:Cargo Fijo,US$/Usuario-mes,ABRUZZO,0.856368,2013-10-15,2014-01-15,USD
94,El Salvador,https://www.siget.gob.sv/gerencias/electricidad/tarifas-de-electricidad/tarifas-de-electricidad-ano-2013/,I.   PEQUEÑAS DEMANDAS  (0 < kW < 10) BAJA TENSION Uso General,Cargo de  Energía:Cargo Variable,US$/kWh,ABRUZZO,0.202194,2013-10-15,2014-01-15,USD
95,El Salvador,https://www.siget.gob.sv/gerencias/electricidad/tarifas-de-electricidad/tarifas-de-electricidad-ano-2013/,I.   PEQUEÑAS DEMANDAS  (0 < kW < 10) BAJA TENSION Uso General,Cargo de Distribución:Cargo Variable,US$/kWh,ABRUZZO,0.033112,2013-10-15,2014-01-15,USD
96,El Salvador,https://www.siget.gob.sv/gerencias/electricidad/tarifas-de-electricidad/tarifas-de-electricidad-ano-2013/,I.   PEQUEÑAS DEMANDAS  (0 < kW < 10) BAJA TENSION Alumbrado Público,Cargo de Comercialización:Cargo Fijo,US$/Usuario-mes,CAESS,0.858449,2013-10-15,2014-01-15,USD
97,El Salvador,https://www.siget.gob.sv/gerencias/electricidad/tarifas-de-electricidad/tarifas-de-electricidad-ano-2013/,I.   PEQUEÑAS DEMANDAS  (0 < kW < 10) BAJA TENSION Alumbrado Público,Cargo de  Energía:Cargo Variable,US$/kWh,CAESS,0.156209,2013-10-15,2014-01-15,USD
98,El Salvador,https://www.siget.gob.sv/gerencias/electricidad/tarifas-de-electricidad/tarifas-de-electricidad-ano-2013/,I.   PEQUEÑAS DEMANDAS  (0 < kW < 10) BAJA TENSION Alumbrado Público,Cargo de Distribución:Cargo Variable,US$/kWh,CAESS,0.034635,2013-10-15,2014-01-15,USD
99,El Salvador,https://www.siget.gob.sv/gerencias/electricidad/tarifas-de-electricidad/tarifas-de-electricidad-ano-2013/,I.   PEQUEÑAS DEMANDAS  (0 < kW < 10) BAJA TENSION Alumbrado Público,Cargo de Comercialización:Cargo Fijo,US$/Usuario-mes,DELSUR,0.963463,2013-10-15,2014-01-15,USD
100,El Salvador,https://www.siget.gob.sv/gerencias/electricidad/tarifas-de-electricidad/tarifas-de-electricidad-ano-2013/,I.   PEQUEÑAS DEMANDAS  (0 < kW < 10) BAJA TENSION Alumbrado Público,Cargo de  Energía:Cargo Variable,US$/kWh,DELSUR,0.157538,2013-10-15,2014-01-15,USD
101,El Salvador,https://www.siget.gob.sv/gerencias/electricidad/tarifas-de-electricidad/tarifas-de-electricidad-ano-2013/,I.   PEQUEÑAS DEMANDAS  (0 < kW < 10) BAJA TENSION Alumbrado Público,Cargo de Distribución:Cargo Variable,US$/kWh,DELSUR,0.050574,2013-10-15,2014-01-15,USD
102,El Salvador,https://www.siget.gob.sv/gerencias/electricidad/tarifas-de-electricidad/tarifas-de-electricidad-ano-2013/,I.   PEQUEÑAS DEMANDAS  (0 < kW < 10) BAJA TENSION Alumbrado Público,Cargo de Comercialización:Cargo Fijo,US$/Usuario-mes,CLESA,0.816545,2013-10-15,2014-01-15,USD
103,El Salvador,https://www.siget.gob.sv/gerencias/electricidad/tarifas-de-electricidad/tarifas-de-electricidad-ano-2013/,I.   PEQUEÑAS DEMANDAS  (0 < kW < 10) BAJA TENSION Alumbrado Público,Cargo de  Energía:Cargo Variable,US$/kWh,CLESA,0.150920,2013-10-15,2014-01-15,USD
104,El Salvador,https://www.siget.gob.sv/gerencias/electricidad/tarifas-de-electricidad/tarifas-de-electricidad-ano-2013/,I.   PEQUEÑAS DEMANDAS  (0 < kW < 10) BAJA TENSION Alumbrado Público,Cargo de Distribución:Cargo Variable,US$/kWh,CLESA,0.062451,2013-10-15,2014-01-15,USD
105,El Salvador,https://www.siget.gob.sv/gerencias/electricidad/tarifas-de-electricidad/tarifas-de-electricidad-ano-2013/,I.   PEQUEÑAS DEMANDAS  (0 < kW < 10) BAJA TENSION Alumbrado Público,Cargo de Comercialización:Cargo Fijo,US$/Usuario-mes,EEO,0.925607,2013-10-15,2014-01-15,USD
106,El Salvador,https://www.siget.gob.sv/gerencias/electricidad/tarifas-de-electricidad/tarifas-de-electricidad-ano-2013/,I.   PEQUEÑAS DEMANDAS  (0 < kW < 10) BAJA TENSION Alumbrado Público,Cargo de  Energía:Cargo Variable,US$/kWh,EEO,0.154085,2013-10-15,2014-01-15,USD
107,El Salvador,https://www.siget.gob.sv/gerencias/electricidad/tarifas-de-electricidad/tarifas-de-electricidad-ano-2013/,I.   PEQUEÑAS DEMANDAS  (0 < kW < 10) BAJA TENSION Alumbrado Público,Cargo de Distribución:Cargo Variable,US$/kWh,EEO,0.072613,2013-10-15,2014-01-15,USD
108,El Salvador,https://www.siget.gob.sv/gerencias/electricidad/tarifas-de-electricidad/tarifas-de-electricidad-ano-2013/,I.   PEQUEÑAS DEMANDAS  (0 < kW < 10) BAJA TENSION Alumbrado Público,Cargo de Comercialización:Cargo Fijo,US$/Usuario-mes,DEUSEM,0.922216,2013-10-15,2014-01-15,USD
109,El Salvador,https://www.siget.gob.sv/gerencias/electricidad/tarifas-de-electricidad/tarifas-de-electricidad-ano-2013/,I.   PEQUEÑAS DEMANDAS  (0 < kW < 10) BAJA TENSION Alumbrado Público,Cargo de  Energía:Cargo Variable,US$/kWh,DEUSEM,0.149120,2013-10-15,2014-01-15,USD
110,El Salvador,https://www.siget.gob.sv/gerencias/electricidad/tarifas-de-electricidad/tarifas-de-electricidad-ano-2013/,I.   PEQUEÑAS DEMANDAS  (0 < kW < 10) BAJA TENSION Alumbrado Público,Cargo de Distribución:Cargo Variable,US$/kWh,DEUSEM,0.071487,2013-10-15,2014-01-15,USD
111,El Salvador,https://www.siget.gob.sv/gerencias/electricidad/tarifas-de-electricidad/tarifas-de-electricidad-ano-2013/,I.   PEQUEÑAS DEMANDAS  (0 < kW < 10) BAJA TENSION Alumbrado Público,Cargo de Comercialización:Cargo Fijo,US$/Usuario-mes,EDESAL,2.004897,2013-10-15,2014-01-15,USD
112,El Salvador,https://www.siget.gob.sv/gerencias/electricidad/tarifas-de-electricidad/tarifas-de-electricidad-ano-2013/,I.   PEQUEÑAS DEMANDAS  (0 < kW < 10) BAJA TENSION Alumbrado Público,Cargo de  Energía:Cargo Variable,US$/kWh,EDESAL,0.199517,2013-10-15,2014-01-15,USD
113,El Salvador,https://www.siget.gob.sv/gerencias/electricidad/tarifas-de-electricidad/tarifas-de-electricidad-ano-2013/,I.   PEQUEÑAS DEMANDAS  (0 < kW < 10) BAJA TENSION Alumbrado Público,Cargo de Distribución:Cargo Variable,US$/kWh,EDESAL,0.060234,2013-10-15,2014-01-15,USD
114,El Salvador,https://www.siget.gob.sv/gerencias/electricidad/tarifas-de-electricidad/tarifas-de-electricidad-ano-2013/,I.   PEQUEÑAS DEMANDAS  (0 < kW < 10) BAJA TENSION Alumbrado Público,Cargo de Comercialización:Cargo Fijo,US$/Usuario-mes,B&D,0.807379,2013-10-15,2014-01-15,USD
115,El Salvador,https://www.siget.gob.sv/gerencias/electricidad/tarifas-de-electricidad/tarifas-de-electricidad-ano-2013/,I.   PEQUEÑAS DEMANDAS  (0 < kW < 10) BAJA TENSION Alumbrado Público,Cargo de  Energía:Cargo Variable,US$/kWh,B&D,0.180845,2013-10-15,2014-01-15,USD
116,El Salvador,https://www.siget.gob.sv/gerencias/electricidad/tarifas-de-electricidad/tarifas-de-electricidad-ano-2013/,I.   PEQUEÑAS DEMANDAS  (0 < kW < 10) BAJA TENSION Alumbrado Público,Cargo de Distribución:Cargo Variable,US$/kWh,B&D,0.025172,2013-10-15,2014-01-15,USD
117,El Salvador,https://www.siget.gob.sv/gerencias/electricidad/tarifas-de-electricidad/tarifas-de-electricidad-ano-2013/,I.   PEQUEÑAS DEMANDAS  (0 < kW < 10) BAJA TENSION Alumbrado Público,Cargo de Comercialización:Cargo Fijo,US$/Usuario-mes,ABRUZZO,0.856368,2013-10-15,2014-01-15,USD
118,El Salvador,https://www.siget.gob.sv/gerencias/electricidad/tarifas-de-electricidad/tarifas-de-electricidad-ano-2013/,I.   PEQUEÑAS DEMANDAS  (0 < kW < 10) BAJA TENSION Alumbrado Público,Cargo de  Energía:Cargo Variable,US$/kWh,ABRUZZO,0.191614,2013-10-15,2014-01-15,USD
119,El Salvador,https://www.siget.gob.sv/gerencias/electricidad/tarifas-de-electricidad/tarifas-de-electricidad-ano-2013/,I.   PEQUEÑAS DEMANDAS  (0 < kW < 10) BAJA TENSION Alumbrado Público,Cargo de Distribución:Cargo Variable,US$/kWh,ABRUZZO,0.033132,2013-10-15,2014-01-15,USD
120,El Salvador,https://www.siget.gob.sv/gerencias/electricidad/tarifas-de-electricidad/tarifas-de-electricidad-ano-2013/,II.   MEDIANA DEMANDA  (10 < kW < 50) BAJA TENSION CON MEDICIÓN DE POTENCIA,Cargo de Comercialización:Cargo Fijo,US$/Usuario-mes,CAESS,0.858449,2013-10-15,2014-01-15,USD
121,El Salvador,https://www.siget.gob.sv/gerencias/electricidad/tarifas-de-electricidad/tarifas-de-electricidad-ano-2013/,II.   MEDIANA DEMANDA  (10 < kW < 50) BAJA TENSION CON MEDICIÓN DE POTENCIA,Cargo de  Energía:Cargo Variable,US$/kWh,CAESS,0.190946,2013-10-15,2014-01-15,USD
122,El Salvador,https://www.siget.gob.sv/gerencias/electricidad/tarifas-de-electricidad/tarifas-de-electricidad-ano-2013/,II.   MEDIANA DEMANDA  (10 < kW < 50) BAJA TENSION CON MEDICIÓN DE POTENCIA,Cargo de Distribución:Potencia,US$/kW-mes,CAESS,13.154854,2013-10-15,2014-01-15,USD
123,El Salvador,https://www.siget.gob.sv/gerencias/electricidad/tarifas-de-electricidad/tarifas-de-electricidad-ano-2013/,II.   MEDIANA DEMANDA  (10 < kW < 50) BAJA TENSION CON MEDICIÓN DE POTENCIA,Cargo de Comercialización:Cargo Fijo,US$/Usuario-mes,DEL SUR,0.963463,2013-10-15,2014-01-15,USD
124,El Salvador,https://www.siget.gob.sv/gerencias/electricidad/tarifas-de-electricidad/tarifas-de-electricidad-ano-2013/,II.   MEDIANA DEMANDA  (10 < kW < 50) BAJA TENSION CON MEDICIÓN DE POTENCIA,Cargo de  Energía:Cargo Variable,US$/kWh,DEL SUR,0.198339,2013-10-15,2014-01-15,USD
125,El Salvador,https://www.siget.gob.sv/gerencias/electricidad/tarifas-de-electricidad/tarifas-de-electricidad-ano-2013/,II.   MEDIANA DEMANDA  (10 < kW < 50) BAJA TENSION CON MEDICIÓN DE POTENCIA,Cargo de Distribución:Potencia,US$/kW-mes,DEL SUR,21.395565,2013-10-15,2014-01-15,USD
126,El Salvador,https://www.siget.gob.sv/gerencias/electricidad/tarifas-de-electricidad/tarifas-de-electricidad-ano-2013/,II.   MEDIANA DEMANDA  (10 < kW < 50) BAJA TENSION CON MEDICIÓN DE POTENCIA,Cargo de Comercialización:Cargo Fijo,US$/Usuario-mes,CLESA,0.816545,2013-10-15,2014-01-15,USD
127,El Salvador,https://www.siget.gob.sv/gerencias/electricidad/tarifas-de-electricidad/tarifas-de-electricidad-ano-2013/,II.   MEDIANA DEMANDA  (10 < kW < 50) BAJA TENSION CON MEDICIÓN DE POTENCIA,Cargo de  Energía:Cargo Variable,US$/kWh,CLESA,0.197338,2013-10-15,2014-01-15,USD
128,El Salvador,https://www.siget.gob.sv/gerencias/electricidad/tarifas-de-electricidad/tarifas-de-electricidad-ano-2013/,II.   MEDIANA DEMANDA  (10 < kW < 50) BAJA TENSION CON MEDICIÓN DE POTENCIA,Cargo de Distribución:Potencia,US$/kW-mes,CLESA,21.606374,2013-10-15,2014-01-15,USD
129,El Salvador,https://www.siget.gob.sv/gerencias/electricidad/tarifas-de-electricidad/tarifas-de-electricidad-ano-2013/,II.   MEDIANA DEMANDA  (10 < kW < 50) BAJA TENSION CON MEDICIÓN DE POTENCIA,Cargo de Comercialización:Cargo Fijo,US$/Usuario-mes,EEO,0.925607,2013-10-15,2014-01-15,USD
130,El Salvador,https://www.siget.gob.sv/gerencias/electricidad/tarifas-de-electricidad/tarifas-de-electricidad-ano-2013/,II.   MEDIANA DEMANDA  (10 < kW < 50) BAJA TENSION CON MEDICIÓN DE POTENCIA,Cargo de  Energía:Cargo Variable,US$/kWh,EEO,0.201459,2013-10-15,2014-01-15,USD
131,El Salvador,https://www.siget.gob.sv/gerencias/electricidad/tarifas-de-electricidad/tarifas-de-electricidad-ano-2013/,II.   MEDIANA DEMANDA  (10 < kW < 50) BAJA TENSION CON MEDICIÓN DE POTENCIA,Cargo de Distribución:Potencia,US$/kW-mes,EEO,27.052718,2013-10-15,2014-01-15,USD
132,El Salvador,https://www.siget.gob.sv/gerencias/electricidad/tarifas-de-electricidad/tarifas-de-electricidad-ano-2013/,II.   MEDIANA DEMANDA  (10 < kW < 50) BAJA TENSION CON MEDICIÓN DE POTENCIA,Cargo de Comercialización:Cargo Fijo,US$/Usuario-mes,DEUSEM,0.922216,2013-10-15,2014-01-15,USD
133,El Salvador,https://www.siget.gob.sv/gerencias/electricidad/tarifas-de-electricidad/tarifas-de-electricidad-ano-2013/,II.   MEDIANA DEMANDA  (10 < kW < 50) BAJA TENSION CON MEDICIÓN DE POTENCIA,Cargo de  Energía:Cargo Variable,US$/kWh,DEUSEM,0.204652,2013-10-15,2014-01-15,USD
134,El Salvador,https://www.siget.gob.sv/gerencias/electricidad/tarifas-de-electricidad/tarifas-de-electricidad-ano-2013/,II.   MEDIANA DEMANDA  (10 < kW < 50) BAJA TENSION CON MEDICIÓN DE POTENCIA,Cargo de Distribución:Potencia,US$/kW-mes,DEUSEM,26.634291,2013-10-15,2014-01-15,USD
135,El Salvador,https://www.siget.gob.sv/gerencias/electricidad/tarifas-de-electricidad/tarifas-de-electricidad-ano-2013/,II.   MEDIANA DEMANDA  (10 < kW < 50) BAJA TENSION CON MEDICIÓN DE POTENCIA,Cargo de Comercialización:Cargo Fijo,US$/Usuario-mes,EDESAL,2.004897,2013-10-15,2014-01-15,USD
136,El Salvador,https://www.siget.gob.sv/gerencias/electricidad/tarifas-de-electricidad/tarifas-de-electricidad-ano-2013/,II.   MEDIANA DEMANDA  (10 < kW < 50) BAJA TENSION CON MEDICIÓN DE POTENCIA,Cargo de  Energía:Cargo Variable,US$/kWh,EDESAL,0.201985,2013-10-15,2014-01-15,USD
137,El Salvador,https://www.siget.gob.sv/gerencias/electricidad/tarifas-de-electricidad/tarifas-de-electricidad-ano-2013/,II.   MEDIANA DEMANDA  (10 < kW < 50) BAJA TENSION CON MEDICIÓN DE POTENCIA,Cargo de Distribución:Potencia,US$/kW-mes,EDESAL,35.917192,2013-10-15,2014-01-15,USD
138,El Salvador,https://www.siget.gob.sv/gerencias/electricidad/tarifas-de-electricidad/tarifas-de-electricidad-ano-2013/,II.   MEDIANA DEMANDA  (10 < kW < 50) BAJA TENSION CON MEDICIÓN DE POTENCIA,Cargo de Comercialización:Cargo Fijo,US$/Usuario-mes,B&D,0.807379,2013-10-15,2014-01-15,USD
139,El Salvador,https://www.siget.gob.sv/gerencias/electricidad/tarifas-de-electricidad/tarifas-de-electricidad-ano-2013/,II.   MEDIANA DEMANDA  (10 < kW < 50) BAJA TENSION CON MEDICIÓN DE POTENCIA,Cargo de  Energía:Cargo Variable,US$/kWh,B&D,0.179854,2013-10-15,2014-01-15,USD
140,El Salvador,https://www.siget.gob.sv/gerencias/electricidad/tarifas-de-electricidad/tarifas-de-electricidad-ano-2013/,II.   MEDIANA DEMANDA  (10 < kW < 50) BAJA TENSION CON MEDICIÓN DE POTENCIA,Cargo de Distribución:Potencia,US$/kW-mes,B&D,8.269907,2013-10-15,2014-01-15,USD
141,El Salvador,https://www.siget.gob.sv/gerencias/electricidad/tarifas-de-electricidad/tarifas-de-electricidad-ano-2013/,II.   MEDIANA DEMANDA  (10 < kW < 50) BAJA TENSION CON MEDICIÓN DE POTENCIA,Cargo de Comercialización:Cargo Fijo,US$/Usuario-mes,ABRUZZO,0.856368,2013-10-15,2014-01-15,USD
142,El Salvador,https://www.siget.gob.sv/gerencias/electricidad/tarifas-de-electricidad/tarifas-de-electricidad-ano-2013/,II.   MEDIANA DEMANDA  (10 < kW < 50) BAJA TENSION CON MEDICIÓN DE POTENCIA,Cargo de  Energía:Cargo Variable,US$/kWh,ABRUZZO,0.202734,2013-10-15,2014-01-15,USD
143,El Salvador,https://www.siget.gob.sv/gerencias/electricidad/tarifas-de-electricidad/tarifas-de-electricidad-ano-2013/,II.   MEDIANA DEMANDA  (10 < kW < 50) BAJA TENSION CON MEDICIÓN DE POTENCIA,Cargo de Distribución:Potencia,US$/kW-mes,ABRUZZO,19.585692,2013-10-15,2014-01-15,USD
144,El Salvador,https://www.siget.gob.sv/gerencias/electricidad/tarifas-de-electricidad/tarifas-de-electricidad-ano-2013/,II.   MEDIANA DEMANDA  (10 < kW < 50) MEDIA TENSION CON MEDICIÓN DE POTENCIA,Cargo de Comercialización:Cargo Fijo,US$/Usuario-mes,CAESS,0.858449,2013-10-15,2014-01-15,USD
145,El Salvador,https://www.siget.gob.sv/gerencias/electricidad/tarifas-de-electricidad/tarifas-de-electricidad-ano-2013/,II.   MEDIANA DEMANDA  (10 < kW < 50) MEDIA TENSION CON MEDICIÓN DE POTENCIA,Cargo de  Energía:Cargo Variable,US$/kWh,CAESS,0.177167,2013-10-15,2014-01-15,USD
146,El Salvador,https://www.siget.gob.sv/gerencias/electricidad/tarifas-de-electricidad/tarifas-de-electricidad-ano-2013/,II.   MEDIANA DEMANDA  (10 < kW < 50) MEDIA TENSION CON MEDICIÓN DE POTENCIA,Cargo de Distribución:Potencia,US$/kW-mes,CAESS,6.235631,2013-10-15,2014-01-15,USD
147,El Salvador,https://www.siget.gob.sv/gerencias/electricidad/tarifas-de-electricidad/tarifas-de-electricidad-ano-2013/,II.   MEDIANA DEMANDA  (10 < kW < 50) MEDIA TENSION CON MEDICIÓN DE POTENCIA,Cargo de Comercialización:Cargo Fijo,US$/Usuario-mes,DEL SUR,0.963463,2013-10-15,2014-01-15,USD
148,El Salvador,https://www.siget.gob.sv/gerencias/electricidad/tarifas-de-electricidad/tarifas-de-electricidad-ano-2013/,II.   MEDIANA DEMANDA  (10 < kW < 50) MEDIA TENSION CON MEDICIÓN DE POTENCIA,Cargo de  Energía:Cargo Variable,US$/kWh,DEL SUR,0.181548,2013-10-15,2014-01-15,USD
149,El Salvador,https://www.siget.gob.sv/gerencias/electricidad/tarifas-de-electricidad/tarifas-de-electricidad-ano-2013/,II.   MEDIANA DEMANDA  (10 < kW < 50) MEDIA TENSION CON MEDICIÓN DE POTENCIA,Cargo de Distribución:Potencia,US$/kW-mes,DEL SUR,6.836782,2013-10-15,2014-01-15,USD
150,El Salvador,https://www.siget.gob.sv/gerencias/electricidad/tarifas-de-electricidad/tarifas-de-electricidad-ano-2013/,II.   MEDIANA DEMANDA  (10 < kW < 50) MEDIA TENSION CON MEDICIÓN DE POTENCIA,Cargo de Comercialización:Cargo Fijo,US$/Usuario-mes,CLESA,0.816545,2013-10-15,2014-01-15,USD
151,El Salvador,https://www.siget.gob.sv/gerencias/electricidad/tarifas-de-electricidad/tarifas-de-electricidad-ano-2013/,II.   MEDIANA DEMANDA  (10 < kW < 50) MEDIA TENSION CON MEDICIÓN DE POTENCIA,Cargo de  Energía:Cargo Variable,US$/kWh,CLESA,0.179567,2013-10-15,2014-01-15,USD
152,El Salvador,https://www.siget.gob.sv/gerencias/electricidad/tarifas-de-electricidad/tarifas-de-electricidad-ano-2013/,II.   MEDIANA DEMANDA  (10 < kW < 50) MEDIA TENSION CON MEDICIÓN DE POTENCIA,Cargo de Distribución:Potencia,US$/kW-mes,CLESA,11.996774,2013-10-15,2014-01-15,USD
153,El Salvador,https://www.siget.gob.sv/gerencias/electricidad/tarifas-de-electricidad/tarifas-de-electricidad-ano-2013/,II.   MEDIANA DEMANDA  (10 < kW < 50) MEDIA TENSION CON MEDICIÓN DE POTENCIA,Cargo de Comercialización:Cargo Fijo,US$/Usuario-mes,EEO,0.925607,2013-10-15,2014-01-15,USD
154,El Salvador,https://www.siget.gob.sv/gerencias/electricidad/tarifas-de-electricidad/tarifas-de-electricidad-ano-2013/,II.   MEDIANA DEMANDA  (10 < kW < 50) MEDIA TENSION CON MEDICIÓN DE POTENCIA,Cargo de  Energía:Cargo Variable,US$/kWh,EEO,0.179472,2013-10-15,2014-01-15,USD
155,El Salvador,https://www.siget.gob.sv/gerencias/electricidad/tarifas-de-electricidad/tarifas-de-electricidad-ano-2013/,II.   MEDIANA DEMANDA  (10 < kW < 50) MEDIA TENSION CON MEDICIÓN DE POTENCIA,Cargo de Distribución:Potencia,US$/kW-mes,EEO,17.314987,2013-10-15,2014-01-15,USD
156,El Salvador,https://www.siget.gob.sv/gerencias/electricidad/tarifas-de-electricidad/tarifas-de-electricidad-ano-2013/,II.   MEDIANA DEMANDA  (10 < kW < 50) MEDIA TENSION CON MEDICIÓN DE POTENCIA,Cargo de Comercialización:Cargo Fijo,US$/Usuario-mes,DEUSEM,0.922216,2013-10-15,2014-01-15,USD
157,El Salvador,https://www.siget.gob.sv/gerencias/electricidad/tarifas-de-electricidad/tarifas-de-electricidad-ano-2013/,II.   MEDIANA DEMANDA  (10 < kW < 50) MEDIA TENSION CON MEDICIÓN DE POTENCIA,Cargo de  Energía:Cargo Variable,US$/kWh,DEUSEM,0.180668,2013-10-15,2014-01-15,USD
158,El Salvador,https://www.siget.gob.sv/gerencias/electricidad/tarifas-de-electricidad/tarifas-de-electricidad-ano-2013/,II.   MEDIANA DEMANDA  (10 < kW < 50) MEDIA TENSION CON MEDICIÓN DE POTENCIA,Cargo de Distribución:Potencia,US$/kW-mes,DEUSEM,16.540008,2013-10-15,2014-01-15,USD
159,El Salvador,https://www.siget.gob.sv/gerencias/electricidad/tarifas-de-electricidad/tarifas-de-electricidad-ano-2013/,II.   MEDIANA DEMANDA  (10 < kW < 50) MEDIA TENSION CON MEDICIÓN DE POTENCIA,Cargo de Comercialización:Cargo Fijo,US$/Usuario-mes,EDESAL,2.004897,2013-10-15,2014-01-15,USD
160,El Salvador,https://www.siget.gob.sv/gerencias/electricidad/tarifas-de-electricidad/tarifas-de-electricidad-ano-2013/,II.   MEDIANA DEMANDA  (10 < kW < 50) MEDIA TENSION CON MEDICIÓN DE POTENCIA,Cargo de  Energía:Cargo Variable,US$/kWh,EDESAL,0.187500,2013-10-15,2014-01-15,USD
161,El Salvador,https://www.siget.gob.sv/gerencias/electricidad/tarifas-de-electricidad/tarifas-de-electricidad-ano-2013/,II.   MEDIANA DEMANDA  (10 < kW < 50) MEDIA TENSION CON MEDICIÓN DE POTENCIA,Cargo de Distribución:Potencia,US$/kW-mes,EDESAL,16.396882,2013-10-15,2014-01-15,USD
162,El Salvador,https://www.siget.gob.sv/gerencias/electricidad/tarifas-de-electricidad/tarifas-de-electricidad-ano-2013/,II.   MEDIANA DEMANDA  (10 < kW < 50) MEDIA TENSION CON MEDICIÓN DE POTENCIA,Cargo de Comercialización:Cargo Fijo,US$/Usuario-mes,B&D,0.807379,2013-10-15,2014-01-15,USD
163,El Salvador,https://www.siget.gob.sv/gerencias/electricidad/tarifas-de-electricidad/tarifas-de-electricidad-ano-2013/,II.   MEDIANA DEMANDA  (10 < kW < 50) MEDIA TENSION CON MEDICIÓN DE POTENCIA,Cargo de  Energía:Cargo Variable,US$/kWh,B&D,0.168179,2013-10-15,2014-01-15,USD
164,El Salvador,https://www.siget.gob.sv/gerencias/electricidad/tarifas-de-electricidad/tarifas-de-electricidad-ano-2013/,II.   MEDIANA DEMANDA  (10 < kW < 50) MEDIA TENSION CON MEDICIÓN DE POTENCIA,Cargo de Distribución:Potencia,US$/kW-mes,B&D,2.455745,2013-10-15,2014-01-15,USD
165,El Salvador,https://www.siget.gob.sv/gerencias/electricidad/tarifas-de-electricidad/tarifas-de-electricidad-ano-2013/,II.   MEDIANA DEMANDA  (10 < kW < 50) MEDIA TENSION CON MEDICIÓN DE POTENCIA,Cargo de Comercialización:Cargo Fijo,US$/Usuario-mes,ABRUZZO,0.856368,2013-10-15,2014-01-15,USD
166,El Salvador,https://www.siget.gob.sv/gerencias/electricidad/tarifas-de-electricidad/tarifas-de-electricidad-ano-2013/,II.   MEDIANA DEMANDA  (10 < kW < 50) MEDIA TENSION CON MEDICIÓN DE POTENCIA,Cargo de  Energía:Cargo Variable,US$/kWh,ABRUZZO,0.189381,2013-10-15,2014-01-15,USD
167,El Salvador,https://www.siget.gob.sv/gerencias/electricidad/tarifas-de-electricidad/tarifas-de-electricidad-ano-2013/,II.   MEDIANA DEMANDA  (10 < kW < 50) MEDIA TENSION CON MEDICIÓN DE POTENCIA,Cargo de Distribución:Potencia,US$/kW-mes,ABRUZZO,5.046238,2013-10-15,2014-01-15,USD
168,El Salvador,https://www.siget.gob.sv/gerencias/electricidad/tarifas-de-electricidad/tarifas-de-electricidad-ano-2013/,II.   MEDIANA DEMANDA  (10 < kW < 50) BAJA TENSION CON MEDIDOR HORARIO,Cargo de Comercialización:Atención al Cliente,US$/Usuario-mes,CAESS,0.858449,2013-10-15,2014-01-15,USD
169,El Salvador,https://www.siget.gob.sv/gerencias/electricidad/tarifas-de-electricidad/tarifas-de-electricidad-ano-2013/,II.   MEDIANA DEMANDA  (10 < kW < 50) BAJA TENSION CON MEDIDOR HORARIO,Cargo de  Energía:Energía en Punta,US$/kWh,CAESS,0.191285,2013-10-15,2014-01-15,USD
170,El Salvador,https://www.siget.gob.sv/gerencias/electricidad/tarifas-de-electricidad/tarifas-de-electricidad-ano-2013/,II.   MEDIANA DEMANDA  (10 < kW < 50) BAJA TENSION CON MEDIDOR HORARIO,Cargo de  Energía:Energía en Resto,US$/kWh,CAESS,0.193309,2013-10-15,2014-01-15,USD
171,El Salvador,https://www.siget.gob.sv/gerencias/electricidad/tarifas-de-electricidad/tarifas-de-electricidad-ano-2013/,II.   MEDIANA DEMANDA  (10 < kW < 50) BAJA TENSION CON MEDIDOR HORARIO,Cargo de  Energía:Energía en Valle,US$/kWh,CAESS,0.179654,2013-10-15,2014-01-15,USD
172,El Salvador,https://www.siget.gob.sv/gerencias/electricidad/tarifas-de-electricidad/tarifas-de-electricidad-ano-2013/,II.   MEDIANA DEMANDA  (10 < kW < 50) BAJA TENSION CON MEDIDOR HORARIO,Cargo de Distribución:Potencia:,US$/kW-mes,CAESS,13.154854,2013-10-15,2014-01-15,USD
173,El Salvador,https://www.siget.gob.sv/gerencias/electricidad/tarifas-de-electricidad/tarifas-de-electricidad-ano-2013/,II.   MEDIANA DEMANDA  (10 < kW < 50) BAJA TENSION CON MEDIDOR HORARIO,Cargo de Comercialización:Atención al Cliente,US$/Usuario-mes,DEL SUR,0.963463,2013-10-15,2014-01-15,USD
174,El Salvador,https://www.siget.gob.sv/gerencias/electricidad/tarifas-de-electricidad/tarifas-de-electricidad-ano-2013/,II.   MEDIANA DEMANDA  (10 < kW < 50) BAJA TENSION CON MEDIDOR HORARIO,Cargo de  Energía:Energía en Punta,US$/kWh,DEL SUR,0.200214,2013-10-15,2014-01-15,USD
175,El Salvador,https://www.siget.gob.sv/gerencias/electricidad/tarifas-de-electricidad/tarifas-de-electricidad-ano-2013/,II.   MEDIANA DEMANDA  (10 < kW < 50) BAJA TENSION CON MEDIDOR HORARIO,Cargo de  Energía:Energía en Resto,US$/kWh,DEL SUR,0.199531,2013-10-15,2014-01-15,USD
176,El Salvador,https://www.siget.gob.sv/gerencias/electricidad/tarifas-de-electricidad/tarifas-de-electricidad-ano-2013/,II.   MEDIANA DEMANDA  (10 < kW < 50) BAJA TENSION CON MEDIDOR HORARIO,Cargo de  Energía:Energía en Valle,US$/kWh,DEL SUR,0.190265,2013-10-15,2014-01-15,USD
177,El Salvador,https://www.siget.gob.sv/gerencias/electricidad/tarifas-de-electricidad/tarifas-de-electricidad-ano-2013/,II.   MEDIANA DEMANDA  (10 < kW < 50) BAJA TENSION CON MEDIDOR HORARIO,Cargo de Distribución:Potencia:,US$/kW-mes,DEL SUR,21.395565,2013-10-15,2014-01-15,USD
178,El Salvador,https://www.siget.gob.sv/gerencias/electricidad/tarifas-de-electricidad/tarifas-de-electricidad-ano-2013/,II.   MEDIANA DEMANDA  (10 < kW < 50) BAJA TENSION CON MEDIDOR HORARIO,Cargo de Comercialización:Atención al Cliente,US$/Usuario-mes,CLESA,0.816545,2013-10-15,2014-01-15,USD
179,El Salvador,https://www.siget.gob.sv/gerencias/electricidad/tarifas-de-electricidad/tarifas-de-electricidad-ano-2013/,II.   MEDIANA DEMANDA  (10 < kW < 50) BAJA TENSION CON MEDIDOR HORARIO,Cargo de  Energía:Energía en Punta,US$/kWh,CLESA,0.195947,2013-10-15,2014-01-15,USD
180,El Salvador,https://www.siget.gob.sv/gerencias/electricidad/tarifas-de-electricidad/tarifas-de-electricidad-ano-2013/,II.   MEDIANA DEMANDA  (10 < kW < 50) BAJA TENSION CON MEDIDOR HORARIO,Cargo de  Energía:Energía en Resto,US$/kWh,CLESA,0.198806,2013-10-15,2014-01-15,USD
181,El Salvador,https://www.siget.gob.sv/gerencias/electricidad/tarifas-de-electricidad/tarifas-de-electricidad-ano-2013/,II.   MEDIANA DEMANDA  (10 < kW < 50) BAJA TENSION CON MEDIDOR HORARIO,Cargo de  Energía:Energía en Valle,US$/kWh,CLESA,0.190043,2013-10-15,2014-01-15,USD
182,El Salvador,https://www.siget.gob.sv/gerencias/electricidad/tarifas-de-electricidad/tarifas-de-electricidad-ano-2013/,II.   MEDIANA DEMANDA  (10 < kW < 50) BAJA TENSION CON MEDIDOR HORARIO,Cargo de Distribución:Potencia:,US$/kW-mes,CLESA,21.606374,2013-10-15,2014-01-15,USD
183,El Salvador,https://www.siget.gob.sv/gerencias/electricidad/tarifas-de-electricidad/tarifas-de-electricidad-ano-2013/,II.   MEDIANA DEMANDA  (10 < kW < 50) BAJA TENSION CON MEDIDOR HORARIO,Cargo de Comercialización:Atención al Cliente,US$/Usuario-mes,EEO,0.925607,2013-10-15,2014-01-15,USD
184,El Salvador,https://www.siget.gob.sv/gerencias/electricidad/tarifas-de-electricidad/tarifas-de-electricidad-ano-2013/,II.   MEDIANA DEMANDA  (10 < kW < 50) BAJA TENSION CON MEDIDOR HORARIO,Cargo de  Energía:Energía en Punta,US$/kWh,EEO,0.201635,2013-10-15,2014-01-15,USD
185,El Salvador,https://www.siget.gob.sv/gerencias/electricidad/tarifas-de-electricidad/tarifas-de-electricidad-ano-2013/,II.   MEDIANA DEMANDA  (10 < kW < 50) BAJA TENSION CON MEDIDOR HORARIO,Cargo de  Energía:Energía en Resto,US$/kWh,EEO,0.202448,2013-10-15,2014-01-15,USD
186,El Salvador,https://www.siget.gob.sv/gerencias/electricidad/tarifas-de-electricidad/tarifas-de-electricidad-ano-2013/,II.   MEDIANA DEMANDA  (10 < kW < 50) BAJA TENSION CON MEDIDOR HORARIO,Cargo de  Energía:Energía en Valle,US$/kWh,EEO,0.194819,2013-10-15,2014-01-15,USD
187,El Salvador,https://www.siget.gob.sv/gerencias/electricidad/tarifas-de-electricidad/tarifas-de-electricidad-ano-2013/,II.   MEDIANA DEMANDA  (10 < kW < 50) BAJA TENSION CON MEDIDOR HORARIO,Cargo de Distribución:Potencia:,US$/kW-mes,EEO,27.052718,2013-10-15,2014-01-15,USD
188,El Salvador,https://www.siget.gob.sv/gerencias/electricidad/tarifas-de-electricidad/tarifas-de-electricidad-ano-2013/,II.   MEDIANA DEMANDA  (10 < kW < 50) BAJA TENSION CON MEDIDOR HORARIO,Cargo de Comercialización:Atención al Cliente,US$/Usuario-mes,DEUSEM,0.922216,2013-10-15,2014-01-15,USD
189,El Salvador,https://www.siget.gob.sv/gerencias/electricidad/tarifas-de-electricidad/tarifas-de-electricidad-ano-2013/,II.   MEDIANA DEMANDA  (10 < kW < 50) BAJA TENSION CON MEDIDOR HORARIO,Cargo de  Energía:Energía en Punta,US$/kWh,DEUSEM,0.201285,2013-10-15,2014-01-15,USD
190,El Salvador,https://www.siget.gob.sv/gerencias/electricidad/tarifas-de-electricidad/tarifas-de-electricidad-ano-2013/,II.   MEDIANA DEMANDA  (10 < kW < 50) BAJA TENSION CON MEDIDOR HORARIO,Cargo de  Energía:Energía en Resto,US$/kWh,DEUSEM,0.205824,2013-10-15,2014-01-15,USD
191,El Salvador,https://www.siget.gob.sv/gerencias/electricidad/tarifas-de-electricidad/tarifas-de-electricidad-ano-2013/,II.   MEDIANA DEMANDA  (10 < kW < 50) BAJA TENSION CON MEDIDOR HORARIO,Cargo de  Energía:Energía en Valle,US$/kWh,DEUSEM,0.195355,2013-10-15,2014-01-15,USD
192,El Salvador,https://www.siget.gob.sv/gerencias/electricidad/tarifas-de-electricidad/tarifas-de-electricidad-ano-2013/,II.   MEDIANA DEMANDA  (10 < kW < 50) BAJA TENSION CON MEDIDOR HORARIO,Cargo de Distribución:Potencia:,US$/kW-mes,DEUSEM,26.634291,2013-10-15,2014-01-15,USD
193,El Salvador,https://www.siget.gob.sv/gerencias/electricidad/tarifas-de-electricidad/tarifas-de-electricidad-ano-2013/,II.   MEDIANA DEMANDA  (10 < kW < 50) BAJA TENSION CON MEDIDOR HORARIO,Cargo de Comercialización:Atención al Cliente,US$/Usuario-mes,EDESAL,2.004897,2013-10-15,2014-01-15,USD
194,El Salvador,https://www.siget.gob.sv/gerencias/electricidad/tarifas-de-electricidad/tarifas-de-electricidad-ano-2013/,II.   MEDIANA DEMANDA  (10 < kW < 50) BAJA TENSION CON MEDIDOR HORARIO,Cargo de  Energía:Energía en Punta,US$/kWh,EDESAL,0.205829,2013-10-15,2014-01-15,USD
195,El Salvador,https://www.siget.gob.sv/gerencias/electricidad/tarifas-de-electricidad/tarifas-de-electricidad-ano-2013/,II.   MEDIANA DEMANDA  (10 < kW < 50) BAJA TENSION CON MEDIDOR HORARIO,Cargo de  Energía:Energía en Resto,US$/kWh,EDESAL,0.204265,2013-10-15,2014-01-15,USD
196,El Salvador,https://www.siget.gob.sv/gerencias/electricidad/tarifas-de-electricidad/tarifas-de-electricidad-ano-2013/,II.   MEDIANA DEMANDA  (10 < kW < 50) BAJA TENSION CON MEDIDOR HORARIO,Cargo de  Energía:Energía en Valle,US$/kWh,EDESAL,0.193466,2013-10-15,2014-01-15,USD
197,El Salvador,https://www.siget.gob.sv/gerencias/electricidad/tarifas-de-electricidad/tarifas-de-electricidad-ano-2013/,II.   MEDIANA DEMANDA  (10 < kW < 50) BAJA TENSION CON MEDIDOR HORARIO,Cargo de Distribución:Potencia:,US$/kW-mes,EDESAL,35.917192,2013-10-15,2014-01-15,USD
198,El Salvador,https://www.siget.gob.sv/gerencias/electricidad/tarifas-de-electricidad/tarifas-de-electricidad-ano-2013/,II.   MEDIANA DEMANDA  (10 < kW < 50) BAJA TENSION CON MEDIDOR HORARIO,Cargo de Comercialización:Atención al Cliente,US$/Usuario-mes,B&D,0.807379,2013-10-15,2014-01-15,USD
199,El Salvador,https://www.siget.gob.sv/gerencias/electricidad/tarifas-de-electricidad/tarifas-de-electricidad-ano-2013/,II.   MEDIANA DEMANDA  (10 < kW < 50) BAJA TENSION CON MEDIDOR HORARIO,Cargo de  Energía:Energía en Punta,US$/kWh,B&D,0.186220,2013-10-15,2014-01-15,USD
200,El Salvador,https://www.siget.gob.sv/gerencias/electricidad/tarifas-de-electricidad/tarifas-de-electricidad-ano-2013/,II.   MEDIANA DEMANDA  (10 < kW < 50) BAJA TENSION CON MEDIDOR HORARIO,Cargo de  Energía:Energía en Resto,US$/kWh,B&D,0.181090,2013-10-15,2014-01-15,USD
201,El Salvador,https://www.siget.gob.sv/gerencias/electricidad/tarifas-de-electricidad/tarifas-de-electricidad-ano-2013/,II.   MEDIANA DEMANDA  (10 < kW < 50) BAJA TENSION CON MEDIDOR HORARIO,Cargo de  Energía:Energía en Valle,US$/kWh,B&D,0.178740,2013-10-15,2014-01-15,USD
202,El Salvador,https://www.siget.gob.sv/gerencias/electricidad/tarifas-de-electricidad/tarifas-de-electricidad-ano-2013/,II.   MEDIANA DEMANDA  (10 < kW < 50) BAJA TENSION CON MEDIDOR HORARIO,Cargo de Distribución:Potencia:,US$/kW-mes,B&D,8.269907,2013-10-15,2014-01-15,USD
203,El Salvador,https://www.siget.gob.sv/gerencias/electricidad/tarifas-de-electricidad/tarifas-de-electricidad-ano-2013/,II.   MEDIANA DEMANDA  (10 < kW < 50) BAJA TENSION CON MEDIDOR HORARIO,Cargo de Comercialización:Atención al Cliente,US$/Usuario-mes,ABRUZZO,0.856368,2013-10-15,2014-01-15,USD
204,El Salvador,https://www.siget.gob.sv/gerencias/electricidad/tarifas-de-electricidad/tarifas-de-electricidad-ano-2013/,II.   MEDIANA DEMANDA  (10 < kW < 50) BAJA TENSION CON MEDIDOR HORARIO,Cargo de  Energía:Energía en Punta,US$/kWh,ABRUZZO,0.197450,2013-10-15,2014-01-15,USD
205,El Salvador,https://www.siget.gob.sv/gerencias/electricidad/tarifas-de-electricidad/tarifas-de-electricidad-ano-2013/,II.   MEDIANA DEMANDA  (10 < kW < 50) BAJA TENSION CON MEDIDOR HORARIO,Cargo de  Energía:Energía en Resto,US$/kWh,ABRUZZO,0.196787,2013-10-15,2014-01-15,USD
206,El Salvador,https://www.siget.gob.sv/gerencias/electricidad/tarifas-de-electricidad/tarifas-de-electricidad-ano-2013/,II.   MEDIANA DEMANDA  (10 < kW < 50) BAJA TENSION CON MEDIDOR HORARIO,Cargo de  Energía:Energía en Valle,US$/kWh,ABRUZZO,0.169612,2013-10-15,2014-01-15,USD
207,El Salvador,https://www.siget.gob.sv/gerencias/electricidad/tarifas-de-electricidad/tarifas-de-electricidad-ano-2013/,II.   MEDIANA DEMANDA  (10 < kW < 50) BAJA TENSION CON MEDIDOR HORARIO,Cargo de Distribución:Potencia:,US$/kW-mes,ABRUZZO,19.585692,2013-10-15,2014-01-15,USD
208,El Salvador,https://www.siget.gob.sv/gerencias/electricidad/tarifas-de-electricidad/tarifas-de-electricidad-ano-2013/,II.   MEDIANA DEMANDA  (10 < kW < 50) MEDIA TENSION CON MEDIDOR HORARIO,Cargo de Comercialización:Cargo Fijo,US$/Usuario-mes,CAESS,0.858449,2013-10-15,2014-01-15,USD
209,El Salvador,https://www.siget.gob.sv/gerencias/electricidad/tarifas-de-electricidad/tarifas-de-electricidad-ano-2013/,II.   MEDIANA DEMANDA  (10 < kW < 50) MEDIA TENSION CON MEDIDOR HORARIO,Cargo de  Energía:Energía en Punta,US$/kWh,CAESS,0.177206,2013-10-15,2014-01-15,USD
210,El Salvador,https://www.siget.gob.sv/gerencias/electricidad/tarifas-de-electricidad/tarifas-de-electricidad-ano-2013/,II.   MEDIANA DEMANDA  (10 < kW < 50) MEDIA TENSION CON MEDIDOR HORARIO,Cargo de  Energía:Energía en Resto,US$/kWh,CAESS,0.179082,2013-10-15,2014-01-15,USD
211,El Salvador,https://www.siget.gob.sv/gerencias/electricidad/tarifas-de-electricidad/tarifas-de-electricidad-ano-2013/,II.   MEDIANA DEMANDA  (10 < kW < 50) MEDIA TENSION CON MEDIDOR HORARIO,Cargo de  Energía:Energía en Valle,US$/kWh,CAESS,0.166432,2013-10-15,2014-01-15,USD
212,El Salvador,https://www.siget.gob.sv/gerencias/electricidad/tarifas-de-electricidad/tarifas-de-electricidad-ano-2013/,II.   MEDIANA DEMANDA  (10 < kW < 50) MEDIA TENSION CON MEDIDOR HORARIO,Cargo de Distribución:Potencia:,US$/kW-mes,CAESS,6.235631,2013-10-15,2014-01-15,USD
213,El Salvador,https://www.siget.gob.sv/gerencias/electricidad/tarifas-de-electricidad/tarifas-de-electricidad-ano-2013/,II.   MEDIANA DEMANDA  (10 < kW < 50) MEDIA TENSION CON MEDIDOR HORARIO,Cargo de Comercialización:Cargo Fijo,US$/Usuario-mes,DEL SUR,0.963463,2013-10-15,2014-01-15,USD
214,El Salvador,https://www.siget.gob.sv/gerencias/electricidad/tarifas-de-electricidad/tarifas-de-electricidad-ano-2013/,II.   MEDIANA DEMANDA  (10 < kW < 50) MEDIA TENSION CON MEDIDOR HORARIO,Cargo de  Energía:Energía en Punta,US$/kWh,DEL SUR,0.183276,2013-10-15,2014-01-15,USD
215,El Salvador,https://www.siget.gob.sv/gerencias/electricidad/tarifas-de-electricidad/tarifas-de-electricidad-ano-2013/,II.   MEDIANA DEMANDA  (10 < kW < 50) MEDIA TENSION CON MEDIDOR HORARIO,Cargo de  Energía:Energía en Resto,US$/kWh,DEL SUR,0.182650,2013-10-15,2014-01-15,USD
216,El Salvador,https://www.siget.gob.sv/gerencias/electricidad/tarifas-de-electricidad/tarifas-de-electricidad-ano-2013/,II.   MEDIANA DEMANDA  (10 < kW < 50) MEDIA TENSION CON MEDIDOR HORARIO,Cargo de  Energía:Energía en Valle,US$/kWh,DEL SUR,0.174169,2013-10-15,2014-01-15,USD
217,El Salvador,https://www.siget.gob.sv/gerencias/electricidad/tarifas-de-electricidad/tarifas-de-electricidad-ano-2013/,II.   MEDIANA DEMANDA  (10 < kW < 50) MEDIA TENSION CON MEDIDOR HORARIO,Cargo de Distribución:Potencia:,US$/kW-mes,DEL SUR,6.836782,2013-10-15,2014-01-15,USD
218,El Salvador,https://www.siget.gob.sv/gerencias/electricidad/tarifas-de-electricidad/tarifas-de-electricidad-ano-2013/,II.   MEDIANA DEMANDA  (10 < kW < 50) MEDIA TENSION CON MEDIDOR HORARIO,Cargo de Comercialización:Cargo Fijo,US$/Usuario-mes,CLESA,0.816545,2013-10-15,2014-01-15,USD
219,El Salvador,https://www.siget.gob.sv/gerencias/electricidad/tarifas-de-electricidad/tarifas-de-electricidad-ano-2013/,II.   MEDIANA DEMANDA  (10 < kW < 50) MEDIA TENSION CON MEDIDOR HORARIO,Cargo de  Energía:Energía en Punta,US$/kWh,CLESA,0.178704,2013-10-15,2014-01-15,USD
220,El Salvador,https://www.siget.gob.sv/gerencias/electricidad/tarifas-de-electricidad/tarifas-de-electricidad-ano-2013/,II.   MEDIANA DEMANDA  (10 < kW < 50) MEDIA TENSION CON MEDIDOR HORARIO,Cargo de  Energía:Energía en Resto,US$/kWh,CLESA,0.181311,2013-10-15,2014-01-15,USD
221,El Salvador,https://www.siget.gob.sv/gerencias/electricidad/tarifas-de-electricidad/tarifas-de-electricidad-ano-2013/,II.   MEDIANA DEMANDA  (10 < kW < 50) MEDIA TENSION CON MEDIDOR HORARIO,Cargo de  Energía:Energía en Valle,US$/kWh,CLESA,0.173319,2013-10-15,2014-01-15,USD
222,El Salvador,https://www.siget.gob.sv/gerencias/electricidad/tarifas-de-electricidad/tarifas-de-electricidad-ano-2013/,II.   MEDIANA DEMANDA  (10 < kW < 50) MEDIA TENSION CON MEDIDOR HORARIO,Cargo de Distribución:Potencia:,US$/kW-mes,CLESA,11.996774,2013-10-15,2014-01-15,USD
223,El Salvador,https://www.siget.gob.sv/gerencias/electricidad/tarifas-de-electricidad/tarifas-de-electricidad-ano-2013/,II.   MEDIANA DEMANDA  (10 < kW < 50) MEDIA TENSION CON MEDIDOR HORARIO,Cargo de Comercialización:Cargo Fijo,US$/Usuario-mes,EEO,0.925607,2013-10-15,2014-01-15,USD
224,El Salvador,https://www.siget.gob.sv/gerencias/electricidad/tarifas-de-electricidad/tarifas-de-electricidad-ano-2013/,II.   MEDIANA DEMANDA  (10 < kW < 50) MEDIA TENSION CON MEDIDOR HORARIO,Cargo de  Energía:Energía en Punta,US$/kWh,EEO,0.179798,2013-10-15,2014-01-15,USD
225,El Salvador,https://www.siget.gob.sv/gerencias/electricidad/tarifas-de-electricidad/tarifas-de-electricidad-ano-2013/,II.   MEDIANA DEMANDA  (10 < kW < 50) MEDIA TENSION CON MEDIDOR HORARIO,Cargo de  Energía:Energía en Resto,US$/kWh,EEO,0.180523,2013-10-15,2014-01-15,USD
226,El Salvador,https://www.siget.gob.sv/gerencias/electricidad/tarifas-de-electricidad/tarifas-de-electricidad-ano-2013/,II.   MEDIANA DEMANDA  (10 < kW < 50) MEDIA TENSION CON MEDIDOR HORARIO,Cargo de  Energía:Energía en Valle,US$/kWh,EEO,0.173721,2013-10-15,2014-01-15,USD
227,El Salvador,https://www.siget.gob.sv/gerencias/electricidad/tarifas-de-electricidad/tarifas-de-electricidad-ano-2013/,II.   MEDIANA DEMANDA  (10 < kW < 50) MEDIA TENSION CON MEDIDOR HORARIO,Cargo de Distribución:Potencia:,US$/kW-mes,EEO,17.314987,2013-10-15,2014-01-15,USD
228,El Salvador,https://www.siget.gob.sv/gerencias/electricidad/tarifas-de-electricidad/tarifas-de-electricidad-ano-2013/,II.   MEDIANA DEMANDA  (10 < kW < 50) MEDIA TENSION CON MEDIDOR HORARIO,Cargo de Comercialización:Cargo Fijo,US$/Usuario-mes,DEUSEM,0.922216,2013-10-15,2014-01-15,USD
229,El Salvador,https://www.siget.gob.sv/gerencias/electricidad/tarifas-de-electricidad/tarifas-de-electricidad-ano-2013/,II.   MEDIANA DEMANDA  (10 < kW < 50) MEDIA TENSION CON MEDIDOR HORARIO,Cargo de  Energía:Energía en Punta,US$/kWh,DEUSEM,0.178399,2013-10-15,2014-01-15,USD
230,El Salvador,https://www.siget.gob.sv/gerencias/electricidad/tarifas-de-electricidad/tarifas-de-electricidad-ano-2013/,II.   MEDIANA DEMANDA  (10 < kW < 50) MEDIA TENSION CON MEDIDOR HORARIO,Cargo de  Energía:Energía en Resto,US$/kWh,DEUSEM,0.182422,2013-10-15,2014-01-15,USD
231,El Salvador,https://www.siget.gob.sv/gerencias/electricidad/tarifas-de-electricidad/tarifas-de-electricidad-ano-2013/,II.   MEDIANA DEMANDA  (10 < kW < 50) MEDIA TENSION CON MEDIDOR HORARIO,Cargo de  Energía:Energía en Valle,US$/kWh,DEUSEM,0.173143,2013-10-15,2014-01-15,USD
232,El Salvador,https://www.siget.gob.sv/gerencias/electricidad/tarifas-de-electricidad/tarifas-de-electricidad-ano-2013/,II.   MEDIANA DEMANDA  (10 < kW < 50) MEDIA TENSION CON MEDIDOR HORARIO,Cargo de Distribución:Potencia:,US$/kW-mes,DEUSEM,16.540008,2013-10-15,2014-01-15,USD
233,El Salvador,https://www.siget.gob.sv/gerencias/electricidad/tarifas-de-electricidad/tarifas-de-electricidad-ano-2013/,II.   MEDIANA DEMANDA  (10 < kW < 50) MEDIA TENSION CON MEDIDOR HORARIO,Cargo de Comercialización:Cargo Fijo,US$/Usuario-mes,EDESAL,2.004897,2013-10-15,2014-01-15,USD
234,El Salvador,https://www.siget.gob.sv/gerencias/electricidad/tarifas-de-electricidad/tarifas-de-electricidad-ano-2013/,II.   MEDIANA DEMANDA  (10 < kW < 50) MEDIA TENSION CON MEDIDOR HORARIO,Cargo de  Energía:Energía en Punta,US$/kWh,EDESAL,0.191028,2013-10-15,2014-01-15,USD
235,El Salvador,https://www.siget.gob.sv/gerencias/electricidad/tarifas-de-electricidad/tarifas-de-electricidad-ano-2013/,II.   MEDIANA DEMANDA  (10 < kW < 50) MEDIA TENSION CON MEDIDOR HORARIO,Cargo de  Energía:Energía en Resto,US$/kWh,EDESAL,0.189577,2013-10-15,2014-01-15,USD
236,El Salvador,https://www.siget.gob.sv/gerencias/electricidad/tarifas-de-electricidad/tarifas-de-electricidad-ano-2013/,II.   MEDIANA DEMANDA  (10 < kW < 50) MEDIA TENSION CON MEDIDOR HORARIO,Cargo de  Energía:Energía en Valle,US$/kWh,EDESAL,0.179554,2013-10-15,2014-01-15,USD
237,El Salvador,https://www.siget.gob.sv/gerencias/electricidad/tarifas-de-electricidad/tarifas-de-electricidad-ano-2013/,II.   MEDIANA DEMANDA  (10 < kW < 50) MEDIA TENSION CON MEDIDOR HORARIO,Cargo de Distribución:Potencia:,US$/kW-mes,EDESAL,16.396882,2013-10-15,2014-01-15,USD
238,El Salvador,https://www.siget.gob.sv/gerencias/electricidad/tarifas-de-electricidad/tarifas-de-electricidad-ano-2013/,II.   MEDIANA DEMANDA  (10 < kW < 50) MEDIA TENSION CON MEDIDOR HORARIO,Cargo de Comercialización:Cargo Fijo,US$/Usuario-mes,B&D,0.807379,2013-10-15,2014-01-15,USD
239,El Salvador,https://www.siget.gob.sv/gerencias/electricidad/tarifas-de-electricidad/tarifas-de-electricidad-ano-2013/,II.   MEDIANA DEMANDA  (10 < kW < 50) MEDIA TENSION CON MEDIDOR HORARIO,Cargo de  Energía:Energía en Punta,US$/kWh,B&D,0.173185,2013-10-15,2014-01-15,USD
240,El Salvador,https://www.siget.gob.sv/gerencias/electricidad/tarifas-de-electricidad/tarifas-de-electricidad-ano-2013/,II.   MEDIANA DEMANDA  (10 < kW < 50) MEDIA TENSION CON MEDIDOR HORARIO,Cargo de  Energía:Energía en Resto,US$/kWh,B&D,0.168414,2013-10-15,2014-01-15,USD
241,El Salvador,https://www.siget.gob.sv/gerencias/electricidad/tarifas-de-electricidad/tarifas-de-electricidad-ano-2013/,II.   MEDIANA DEMANDA  (10 < kW < 50) MEDIA TENSION CON MEDIDOR HORARIO,Cargo de  Energía:Energía en Valle,US$/kWh,B&D,0.166229,2013-10-15,2014-01-15,USD
242,El Salvador,https://www.siget.gob.sv/gerencias/electricidad/tarifas-de-electricidad/tarifas-de-electricidad-ano-2013/,II.   MEDIANA DEMANDA  (10 < kW < 50) MEDIA TENSION CON MEDIDOR HORARIO,Cargo de Distribución:Potencia:,US$/kW-mes,B&D,2.455745,2013-10-15,2014-01-15,USD
243,El Salvador,https://www.siget.gob.sv/gerencias/electricidad/tarifas-de-electricidad/tarifas-de-electricidad-ano-2013/,II.   MEDIANA DEMANDA  (10 < kW < 50) MEDIA TENSION CON MEDIDOR HORARIO,Cargo de Comercialización:Cargo Fijo,US$/Usuario-mes,ABRUZZO,0.856368,2013-10-15,2014-01-15,USD
244,El Salvador,https://www.siget.gob.sv/gerencias/electricidad/tarifas-de-electricidad/tarifas-de-electricidad-ano-2013/,II.   MEDIANA DEMANDA  (10 < kW < 50) MEDIA TENSION CON MEDIDOR HORARIO,Cargo de  Energía:Energía en Punta,US$/kWh,ABRUZZO,0.174509,2013-10-15,2014-01-15,USD
245,El Salvador,https://www.siget.gob.sv/gerencias/electricidad/tarifas-de-electricidad/tarifas-de-electricidad-ano-2013/,II.   MEDIANA DEMANDA  (10 < kW < 50) MEDIA TENSION CON MEDIDOR HORARIO,Cargo de  Energía:Energía en Resto,US$/kWh,ABRUZZO,0.173923,2013-10-15,2014-01-15,USD
246,El Salvador,https://www.siget.gob.sv/gerencias/electricidad/tarifas-de-electricidad/tarifas-de-electricidad-ano-2013/,II.   MEDIANA DEMANDA  (10 < kW < 50) MEDIA TENSION CON MEDIDOR HORARIO,Cargo de  Energía:Energía en Valle,US$/kWh,ABRUZZO,0.149905,2013-10-15,2014-01-15,USD
247,El Salvador,https://www.siget.gob.sv/gerencias/electricidad/tarifas-de-electricidad/tarifas-de-electricidad-ano-2013/,II.   MEDIANA DEMANDA  (10 < kW < 50) MEDIA TENSION CON MEDIDOR HORARIO,Cargo de Distribución:Potencia:,US$/kW-mes,ABRUZZO,5.046238,2013-10-15,2014-01-15,USD
248,El Salvador,https://www.siget.gob.sv/gerencias/electricidad/tarifas-de-electricidad/tarifas-de-electricidad-ano-2013/,III.   GRANDES DEMANDAS  ( >50 kW ) BAJA TENSION CON MEDIDOR HORARIO,Cargo de Comercialización:Atención al Cliente,US$/Usuario-mes,CAESS,12.876732,2013-10-15,2014-01-15,USD
249,El Salvador,https://www.siget.gob.sv/gerencias/electricidad/tarifas-de-electricidad/tarifas-de-electricidad-ano-2013/,III.   GRANDES DEMANDAS  ( >50 kW ) BAJA TENSION CON MEDIDOR HORARIO,Cargo de  Energía:Energía en Punta,US$/kWh,CAESS,0.191285,2013-10-15,2014-01-15,USD
250,El Salvador,https://www.siget.gob.sv/gerencias/electricidad/tarifas-de-electricidad/tarifas-de-electricidad-ano-2013/,III.   GRANDES DEMANDAS  ( >50 kW ) BAJA TENSION CON MEDIDOR HORARIO,Cargo de  Energía:Energía en Resto,US$/kWh,CAESS,0.193309,2013-10-15,2014-01-15,USD
251,El Salvador,https://www.siget.gob.sv/gerencias/electricidad/tarifas-de-electricidad/tarifas-de-electricidad-ano-2013/,III.   GRANDES DEMANDAS  ( >50 kW ) BAJA TENSION CON MEDIDOR HORARIO,Cargo de  Energía:Energía en Valle,US$/kWh,CAESS,0.179654,2013-10-15,2014-01-15,USD
252,El Salvador,https://www.siget.gob.sv/gerencias/electricidad/tarifas-de-electricidad/tarifas-de-electricidad-ano-2013/,III.   GRANDES DEMANDAS  ( >50 kW ) BAJA TENSION CON MEDIDOR HORARIO,Cargo de Distribución:Potencia:,US$/kW-mes,CAESS,13.154854,2013-10-15,2014-01-15,USD
253,El Salvador,https://www.siget.gob.sv/gerencias/electricidad/tarifas-de-electricidad/tarifas-de-electricidad-ano-2013/,III.   GRANDES DEMANDAS  ( >50 kW ) BAJA TENSION CON MEDIDOR HORARIO,Cargo de Comercialización:Atención al Cliente,US$/Usuario-mes,DEL SUR,14.451952,2013-10-15,2014-01-15,USD
254,El Salvador,https://www.siget.gob.sv/gerencias/electricidad/tarifas-de-electricidad/tarifas-de-electricidad-ano-2013/,III.   GRANDES DEMANDAS  ( >50 kW ) BAJA TENSION CON MEDIDOR HORARIO,Cargo de  Energía:Energía en Punta,US$/kWh,DEL SUR,0.200214,2013-10-15,2014-01-15,USD
255,El Salvador,https://www.siget.gob.sv/gerencias/electricidad/tarifas-de-electricidad/tarifas-de-electricidad-ano-2013/,III.   GRANDES DEMANDAS  ( >50 kW ) BAJA TENSION CON MEDIDOR HORARIO,Cargo de  Energía:Energía en Resto,US$/kWh,DEL SUR,0.199531,2013-10-15,2014-01-15,USD
256,El Salvador,https://www.siget.gob.sv/gerencias/electricidad/tarifas-de-electricidad/tarifas-de-electricidad-ano-2013/,III.   GRANDES DEMANDAS  ( >50 kW ) BAJA TENSION CON MEDIDOR HORARIO,Cargo de  Energía:Energía en Valle,US$/kWh,DEL SUR,0.190265,2013-10-15,2014-01-15,USD
257,El Salvador,https://www.siget.gob.sv/gerencias/electricidad/tarifas-de-electricidad/tarifas-de-electricidad-ano-2013/,III.   GRANDES DEMANDAS  ( >50 kW ) BAJA TENSION CON MEDIDOR HORARIO,Cargo de Distribución:Potencia:,US$/kW-mes,DEL SUR,21.395565,2013-10-15,2014-01-15,USD
258,El Salvador,https://www.siget.gob.sv/gerencias/electricidad/tarifas-de-electricidad/tarifas-de-electricidad-ano-2013/,III.   GRANDES DEMANDAS  ( >50 kW ) BAJA TENSION CON MEDIDOR HORARIO,Cargo de Comercialización:Atención al Cliente,US$/Usuario-mes,CLESA,12.248176,2013-10-15,2014-01-15,USD
259,El Salvador,https://www.siget.gob.sv/gerencias/electricidad/tarifas-de-electricidad/tarifas-de-electricidad-ano-2013/,III.   GRANDES DEMANDAS  ( >50 kW ) BAJA TENSION CON MEDIDOR HORARIO,Cargo de  Energía:Energía en Punta,US$/kWh,CLESA,0.195947,2013-10-15,2014-01-15,USD
260,El Salvador,https://www.siget.gob.sv/gerencias/electricidad/tarifas-de-electricidad/tarifas-de-electricidad-ano-2013/,III.   GRANDES DEMANDAS  ( >50 kW ) BAJA TENSION CON MEDIDOR HORARIO,Cargo de  Energía:Energía en Resto,US$/kWh,CLESA,0.198806,2013-10-15,2014-01-15,USD
261,El Salvador,https://www.siget.gob.sv/gerencias/electricidad/tarifas-de-electricidad/tarifas-de-electricidad-ano-2013/,III.   GRANDES DEMANDAS  ( >50 kW ) BAJA TENSION CON MEDIDOR HORARIO,Cargo de  Energía:Energía en Valle,US$/kWh,CLESA,0.190043,2013-10-15,2014-01-15,USD
262,El Salvador,https://www.siget.gob.sv/gerencias/electricidad/tarifas-de-electricidad/tarifas-de-electricidad-ano-2013/,III.   GRANDES DEMANDAS  ( >50 kW ) BAJA TENSION CON MEDIDOR HORARIO,Cargo de Distribución:Potencia:,US$/kW-mes,CLESA,21.606374,2013-10-15,2014-01-15,USD
263,El Salvador,https://www.siget.gob.sv/gerencias/electricidad/tarifas-de-electricidad/tarifas-de-electricidad-ano-2013/,III.   GRANDES DEMANDAS  ( >50 kW ) BAJA TENSION CON MEDIDOR HORARIO,Cargo de Comercialización:Atención al Cliente,US$/Usuario-mes,EEO,13.884105,2013-10-15,2014-01-15,USD
264,El Salvador,https://www.siget.gob.sv/gerencias/electricidad/tarifas-de-electricidad/tarifas-de-electricidad-ano-2013/,III.   GRANDES DEMANDAS  ( >50 kW ) BAJA TENSION CON MEDIDOR HORARIO,Cargo de  Energía:Energía en Punta,US$/kWh,EEO,0.201635,2013-10-15,2014-01-15,USD
265,El Salvador,https://www.siget.gob.sv/gerencias/electricidad/tarifas-de-electricidad/tarifas-de-electricidad-ano-2013/,III.   GRANDES DEMANDAS  ( >50 kW ) BAJA TENSION CON MEDIDOR HORARIO,Cargo de  Energía:Energía en Resto,US$/kWh,EEO,0.202448,2013-10-15,2014-01-15,USD
266,El Salvador,https://www.siget.gob.sv/gerencias/electricidad/tarifas-de-electricidad/tarifas-de-electricidad-ano-2013/,III.   GRANDES DEMANDAS  ( >50 kW ) BAJA TENSION CON MEDIDOR HORARIO,Cargo de  Energía:Energía en Valle,US$/kWh,EEO,0.194819,2013-10-15,2014-01-15,USD
267,El Salvador,https://www.siget.gob.sv/gerencias/electricidad/tarifas-de-electricidad/tarifas-de-electricidad-ano-2013/,III.   GRANDES DEMANDAS  ( >50 kW ) BAJA TENSION CON MEDIDOR HORARIO,Cargo de Distribución:Potencia:,US$/kW-mes,EEO,27.052718,2013-10-15,2014-01-15,USD
268,El Salvador,https://www.siget.gob.sv/gerencias/electricidad/tarifas-de-electricidad/tarifas-de-electricidad-ano-2013/,III.   GRANDES DEMANDAS  ( >50 kW ) BAJA TENSION CON MEDIDOR HORARIO,Cargo de Comercialización:Atención al Cliente,US$/Usuario-mes,DEUSEM,13.833238,2013-10-15,2014-01-15,USD
269,El Salvador,https://www.siget.gob.sv/gerencias/electricidad/tarifas-de-electricidad/tarifas-de-electricidad-ano-2013/,III.   GRANDES DEMANDAS  ( >50 kW ) BAJA TENSION CON MEDIDOR HORARIO,Cargo de  Energía:Energía en Punta,US$/kWh,DEUSEM,0.201285,2013-10-15,2014-01-15,USD
270,El Salvador,https://www.siget.gob.sv/gerencias/electricidad/tarifas-de-electricidad/tarifas-de-electricidad-ano-2013/,III.   GRANDES DEMANDAS  ( >50 kW ) BAJA TENSION CON MEDIDOR HORARIO,Cargo de  Energía:Energía en Resto,US$/kWh,DEUSEM,0.205824,2013-10-15,2014-01-15,USD
271,El Salvador,https://www.siget.gob.sv/gerencias/electricidad/tarifas-de-electricidad/tarifas-de-electricidad-ano-2013/,III.   GRANDES DEMANDAS  ( >50 kW ) BAJA TENSION CON MEDIDOR HORARIO,Cargo de  Energía:Energía en Valle,US$/kWh,DEUSEM,0.195355,2013-10-15,2014-01-15,USD
272,El Salvador,https://www.siget.gob.sv/gerencias/electricidad/tarifas-de-electricidad/tarifas-de-electricidad-ano-2013/,III.   GRANDES DEMANDAS  ( >50 kW ) BAJA TENSION CON MEDIDOR HORARIO,Cargo de Distribución:Potencia:,US$/kW-mes,DEUSEM,26.634291,2013-10-15,2014-01-15,USD
273,El Salvador,https://www.siget.gob.sv/gerencias/electricidad/tarifas-de-electricidad/tarifas-de-electricidad-ano-2013/,III.   GRANDES DEMANDAS  ( >50 kW ) BAJA TENSION CON MEDIDOR HORARIO,Cargo de Comercialización:Atención al Cliente,US$/Usuario-mes,EDESAL,17.533254,2013-10-15,2014-01-15,USD
274,El Salvador,https://www.siget.gob.sv/gerencias/electricidad/tarifas-de-electricidad/tarifas-de-electricidad-ano-2013/,III.   GRANDES DEMANDAS  ( >50 kW ) BAJA TENSION CON MEDIDOR HORARIO,Cargo de  Energía:Energía en Punta,US$/kWh,EDESAL,0.205829,2013-10-15,2014-01-15,USD
275,El Salvador,https://www.siget.gob.sv/gerencias/electricidad/tarifas-de-electricidad/tarifas-de-electricidad-ano-2013/,III.   GRANDES DEMANDAS  ( >50 kW ) BAJA TENSION CON MEDIDOR HORARIO,Cargo de  Energía:Energía en Resto,US$/kWh,EDESAL,0.204265,2013-10-15,2014-01-15,USD
276,El Salvador,https://www.siget.gob.sv/gerencias/electricidad/tarifas-de-electricidad/tarifas-de-electricidad-ano-2013/,III.   GRANDES DEMANDAS  ( >50 kW ) BAJA TENSION CON MEDIDOR HORARIO,Cargo de  Energía:Energía en Valle,US$/kWh,EDESAL,0.193466,2013-10-15,2014-01-15,USD
277,El Salvador,https://www.siget.gob.sv/gerencias/electricidad/tarifas-de-electricidad/tarifas-de-electricidad-ano-2013/,III.   GRANDES DEMANDAS  ( >50 kW ) BAJA TENSION CON MEDIDOR HORARIO,Cargo de Distribución:Potencia:,US$/kW-mes,EDESAL,35.917192,2013-10-15,2014-01-15,USD
278,El Salvador,https://www.siget.gob.sv/gerencias/electricidad/tarifas-de-electricidad/tarifas-de-electricidad-ano-2013/,III.   GRANDES DEMANDAS  ( >50 kW ) BAJA TENSION CON MEDIDOR HORARIO,Cargo de Comercialización:Atención al Cliente,US$/Usuario-mes,B&D,3.274463,2013-10-15,2014-01-15,USD
279,El Salvador,https://www.siget.gob.sv/gerencias/electricidad/tarifas-de-electricidad/tarifas-de-electricidad-ano-2013/,III.   GRANDES DEMANDAS  ( >50 kW ) BAJA TENSION CON MEDIDOR HORARIO,Cargo de  Energía:Energía en Punta,US$/kWh,B&D,0.186220,2013-10-15,2014-01-15,USD
280,El Salvador,https://www.siget.gob.sv/gerencias/electricidad/tarifas-de-electricidad/tarifas-de-electricidad-ano-2013/,III.   GRANDES DEMANDAS  ( >50 kW ) BAJA TENSION CON MEDIDOR HORARIO,Cargo de  Energía:Energía en Resto,US$/kWh,B&D,0.181090,2013-10-15,2014-01-15,USD
281,El Salvador,https://www.siget.gob.sv/gerencias/electricidad/tarifas-de-electricidad/tarifas-de-electricidad-ano-2013/,III.   GRANDES DEMANDAS  ( >50 kW ) BAJA TENSION CON MEDIDOR HORARIO,Cargo de  Energía:Energía en Valle,US$/kWh,B&D,0.178740,2013-10-15,2014-01-15,USD
282,El Salvador,https://www.siget.gob.sv/gerencias/electricidad/tarifas-de-electricidad/tarifas-de-electricidad-ano-2013/,III.   GRANDES DEMANDAS  ( >50 kW ) BAJA TENSION CON MEDIDOR HORARIO,Cargo de Distribución:Potencia:,US$/kW-mes,B&D,8.269907,2013-10-15,2014-01-15,USD
283,El Salvador,https://www.siget.gob.sv/gerencias/electricidad/tarifas-de-electricidad/tarifas-de-electricidad-ano-2013/,III.   GRANDES DEMANDAS  ( >50 kW ) BAJA TENSION CON MEDIDOR HORARIO,Cargo de Comercialización:Atención al Cliente,US$/Usuario-mes,ABRUZZO,6.580180,2013-10-15,2014-01-15,USD
284,El Salvador,https://www.siget.gob.sv/gerencias/electricidad/tarifas-de-electricidad/tarifas-de-electricidad-ano-2013/,III.   GRANDES DEMANDAS  ( >50 kW ) BAJA TENSION CON MEDIDOR HORARIO,Cargo de  Energía:Energía en Punta,US$/kWh,ABRUZZO,0.197450,2013-10-15,2014-01-15,USD
285,El Salvador,https://www.siget.gob.sv/gerencias/electricidad/tarifas-de-electricidad/tarifas-de-electricidad-ano-2013/,III.   GRANDES DEMANDAS  ( >50 kW ) BAJA TENSION CON MEDIDOR HORARIO,Cargo de  Energía:Energía en Resto,US$/kWh,ABRUZZO,0.196787,2013-10-15,2014-01-15,USD
286,El Salvador,https://www.siget.gob.sv/gerencias/electricidad/tarifas-de-electricidad/tarifas-de-electricidad-ano-2013/,III.   GRANDES DEMANDAS  ( >50 kW ) BAJA TENSION CON MEDIDOR HORARIO,Cargo de  Energía:Energía en Valle,US$/kWh,ABRUZZO,0.169612,2013-10-15,2014-01-15,USD
287,El Salvador,https://www.siget.gob.sv/gerencias/electricidad/tarifas-de-electricidad/tarifas-de-electricidad-ano-2013/,III.   GRANDES DEMANDAS  ( >50 kW ) BAJA TENSION CON MEDIDOR HORARIO,Cargo de Distribución:Potencia:,US$/kW-mes,ABRUZZO,19.585692,2013-10-15,2014-01-15,USD
288,El Salvador,https://www.siget.gob.sv/gerencias/electricidad/tarifas-de-electricidad/tarifas-de-electricidad-ano-2013/,III.   GRANDES DEMANDAS  ( >50 kW ) MEDIA TENSION CON MEDIDOR HORARIO,Cargo de Comercialización:Cargo Fijo,US$/Usuario-mes,CAESS,12.876732,2013-10-15,2014-01-15,USD
289,El Salvador,https://www.siget.gob.sv/gerencias/electricidad/tarifas-de-electricidad/tarifas-de-electricidad-ano-2013/,III.   GRANDES DEMANDAS  ( >50 kW ) MEDIA TENSION CON MEDIDOR HORARIO,Cargo de  Energía:Energía en Punta,US$/kWh,CAESS,0.177206,2013-10-15,2014-01-15,USD
290,El Salvador,https://www.siget.gob.sv/gerencias/electricidad/tarifas-de-electricidad/tarifas-de-electricidad-ano-2013/,III.   GRANDES DEMANDAS  ( >50 kW ) MEDIA TENSION CON MEDIDOR HORARIO,Cargo de  Energía:Energía en Resto,US$/kWh,CAESS,0.179082,2013-10-15,2014-01-15,USD
291,El Salvador,https://www.siget.gob.sv/gerencias/electricidad/tarifas-de-electricidad/tarifas-de-electricidad-ano-2013/,III.   GRANDES DEMANDAS  ( >50 kW ) MEDIA TENSION CON MEDIDOR HORARIO,Cargo de  Energía:Energía en Valle,US$/kWh,CAESS,0.166432,2013-10-15,2014-01-15,USD
292,El Salvador,https://www.siget.gob.sv/gerencias/electricidad/tarifas-de-electricidad/tarifas-de-electricidad-ano-2013/,III.   GRANDES DEMANDAS  ( >50 kW ) MEDIA TENSION CON MEDIDOR HORARIO,Cargo de Distribución:Potencia:,US$/kW-mes,CAESS,6.235631,2013-10-15,2014-01-15,USD
293,El Salvador,https://www.siget.gob.sv/gerencias/electricidad/tarifas-de-electricidad/tarifas-de-electricidad-ano-2013/,III.   GRANDES DEMANDAS  ( >50 kW ) MEDIA TENSION CON MEDIDOR HORARIO,Cargo de Comercialización:Cargo Fijo,US$/Usuario-mes,DEL SUR,14.451952,2013-10-15,2014-01-15,USD
294,El Salvador,https://www.siget.gob.sv/gerencias/electricidad/tarifas-de-electricidad/tarifas-de-electricidad-ano-2013/,III.   GRANDES DEMANDAS  ( >50 kW ) MEDIA TENSION CON MEDIDOR HORARIO,Cargo de  Energía:Energía en Punta,US$/kWh,DEL SUR,0.183276,2013-10-15,2014-01-15,USD
295,El Salvador,https://www.siget.gob.sv/gerencias/electricidad/tarifas-de-electricidad/tarifas-de-electricidad-ano-2013/,III.   GRANDES DEMANDAS  ( >50 kW ) MEDIA TENSION CON MEDIDOR HORARIO,Cargo de  Energía:Energía en Resto,US$/kWh,DEL SUR,0.182650,2013-10-15,2014-01-15,USD
296,El Salvador,https://www.siget.gob.sv/gerencias/electricidad/tarifas-de-electricidad/tarifas-de-electricidad-ano-2013/,III.   GRANDES DEMANDAS  ( >50 kW ) MEDIA TENSION CON MEDIDOR HORARIO,Cargo de  Energía:Energía en Valle,US$/kWh,DEL SUR,0.174169,2013-10-15,2014-01-15,USD
297,El Salvador,https://www.siget.gob.sv/gerencias/electricidad/tarifas-de-electricidad/tarifas-de-electricidad-ano-2013/,III.   GRANDES DEMANDAS  ( >50 kW ) MEDIA TENSION CON MEDIDOR HORARIO,Cargo de Distribución:Potencia:,US$/kW-mes,DEL SUR,6.836782,2013-10-15,2014-01-15,USD
298,El Salvador,https://www.siget.gob.sv/gerencias/electricidad/tarifas-de-electricidad/tarifas-de-electricidad-ano-2013/,III.   GRANDES DEMANDAS  ( >50 kW ) MEDIA TENSION CON MEDIDOR HORARIO,Cargo de Comercialización:Cargo Fijo,US$/Usuario-mes,CLESA,12.248176,2013-10-15,2014-01-15,USD
299,El Salvador,https://www.siget.gob.sv/gerencias/electricidad/tarifas-de-electricidad/tarifas-de-electricidad-ano-2013/,III.   GRANDES DEMANDAS  ( >50 kW ) MEDIA TENSION CON MEDIDOR HORARIO,Cargo de  Energía:Energía en Punta,US$/kWh,CLESA,0.178704,2013-10-15,2014-01-15,USD
300,El Salvador,https://www.siget.gob.sv/gerencias/electricidad/tarifas-de-electricidad/tarifas-de-electricidad-ano-2013/,III.   GRANDES DEMANDAS  ( >50 kW ) MEDIA TENSION CON MEDIDOR HORARIO,Cargo de  Energía:Energía en Resto,US$/kWh,CLESA,0.181311,2013-10-15,2014-01-15,USD
301,El Salvador,https://www.siget.gob.sv/gerencias/electricidad/tarifas-de-electricidad/tarifas-de-electricidad-ano-2013/,III.   GRANDES DEMANDAS  ( >50 kW ) MEDIA TENSION CON MEDIDOR HORARIO,Cargo de  Energía:Energía en Valle,US$/kWh,CLESA,0.173319,2013-10-15,2014-01-15,USD
302,El Salvador,https://www.siget.gob.sv/gerencias/electricidad/tarifas-de-electricidad/tarifas-de-electricidad-ano-2013/,III.   GRANDES DEMANDAS  ( >50 kW ) MEDIA TENSION CON MEDIDOR HORARIO,Cargo de Distribución:Potencia:,US$/kW-mes,CLESA,11.996774,2013-10-15,2014-01-15,USD
303,El Salvador,https://www.siget.gob.sv/gerencias/electricidad/tarifas-de-electricidad/tarifas-de-electricidad-ano-2013/,III.   GRANDES DEMANDAS  ( >50 kW ) MEDIA TENSION CON MEDIDOR HORARIO,Cargo de Comercialización:Cargo Fijo,US$/Usuario-mes,EEO,13.884105,2013-10-15,2014-01-15,USD
304,El Salvador,https://www.siget.gob.sv/gerencias/electricidad/tarifas-de-electricidad/tarifas-de-electricidad-ano-2013/,III.   GRANDES DEMANDAS  ( >50 kW ) MEDIA TENSION CON MEDIDOR HORARIO,Cargo de  Energía:Energía en Punta,US$/kWh,EEO,0.179798,2013-10-15,2014-01-15,USD
305,El Salvador,https://www.siget.gob.sv/gerencias/electricidad/tarifas-de-electricidad/tarifas-de-electricidad-ano-2013/,III.   GRANDES DEMANDAS  ( >50 kW ) MEDIA TENSION CON MEDIDOR HORARIO,Cargo de  Energía:Energía en Resto,US$/kWh,EEO,0.180523,2013-10-15,2014-01-15,USD
306,El Salvador,https://www.siget.gob.sv/gerencias/electricidad/tarifas-de-electricidad/tarifas-de-electricidad-ano-2013/,III.   GRANDES DEMANDAS  ( >50 kW ) MEDIA TENSION CON MEDIDOR HORARIO,Cargo de  Energía:Energía en Valle,US$/kWh,EEO,0.173721,2013-10-15,2014-01-15,USD
307,El Salvador,https://www.siget.gob.sv/gerencias/electricidad/tarifas-de-electricidad/tarifas-de-electricidad-ano-2013/,III.   GRANDES DEMANDAS  ( >50 kW ) MEDIA TENSION CON MEDIDOR HORARIO,Cargo de Distribución:Potencia:,US$/kW-mes,EEO,17.314987,2013-10-15,2014-01-15,USD
308,El Salvador,https://www.siget.gob.sv/gerencias/electricidad/tarifas-de-electricidad/tarifas-de-electricidad-ano-2013/,III.   GRANDES DEMANDAS  ( >50 kW ) MEDIA TENSION CON MEDIDOR HORARIO,Cargo de Comercialización:Cargo Fijo,US$/Usuario-mes,DEUSEM,13.833238,2013-10-15,2014-01-15,USD
309,El Salvador,https://www.siget.gob.sv/gerencias/electricidad/tarifas-de-electricidad/tarifas-de-electricidad-ano-2013/,III.   GRANDES DEMANDAS  ( >50 kW ) MEDIA TENSION CON MEDIDOR HORARIO,Cargo de  Energía:Energía en Punta,US$/kWh,DEUSEM,0.178399,2013-10-15,2014-01-15,USD
310,El Salvador,https://www.siget.gob.sv/gerencias/electricidad/tarifas-de-electricidad/tarifas-de-electricidad-ano-2013/,III.   GRANDES DEMANDAS  ( >50 kW ) MEDIA TENSION CON MEDIDOR HORARIO,Cargo de  Energía:Energía en Resto,US$/kWh,DEUSEM,0.182422,2013-10-15,2014-01-15,USD
311,El Salvador,https://www.siget.gob.sv/gerencias/electricidad/tarifas-de-electricidad/tarifas-de-electricidad-ano-2013/,III.   GRANDES DEMANDAS  ( >50 kW ) MEDIA TENSION CON MEDIDOR HORARIO,Cargo de  Energía:Energía en Valle,US$/kWh,DEUSEM,0.173143,2013-10-15,2014-01-15,USD
312,El Salvador,https://www.siget.gob.sv/gerencias/electricidad/tarifas-de-electricidad/tarifas-de-electricidad-ano-2013/,III.   GRANDES DEMANDAS  ( >50 kW ) MEDIA TENSION CON MEDIDOR HORARIO,Cargo de Distribución:Potencia:,US$/kW-mes,DEUSEM,16.540008,2013-10-15,2014-01-15,USD
313,El Salvador,https://www.siget.gob.sv/gerencias/electricidad/tarifas-de-electricidad/tarifas-de-electricidad-ano-2013/,III.   GRANDES DEMANDAS  ( >50 kW ) MEDIA TENSION CON MEDIDOR HORARIO,Cargo de Comercialización:Cargo Fijo,US$/Usuario-mes,EDESAL,17.533254,2013-10-15,2014-01-15,USD
314,El Salvador,https://www.siget.gob.sv/gerencias/electricidad/tarifas-de-electricidad/tarifas-de-electricidad-ano-2013/,III.   GRANDES DEMANDAS  ( >50 kW ) MEDIA TENSION CON MEDIDOR HORARIO,Cargo de  Energía:Energía en Punta,US$/kWh,EDESAL,0.191028,2013-10-15,2014-01-15,USD
315,El Salvador,https://www.siget.gob.sv/gerencias/electricidad/tarifas-de-electricidad/tarifas-de-electricidad-ano-2013/,III.   GRANDES DEMANDAS  ( >50 kW ) MEDIA TENSION CON MEDIDOR HORARIO,Cargo de  Energía:Energía en Resto,US$/kWh,EDESAL,0.189577,2013-10-15,2014-01-15,USD
316,El Salvador,https://www.siget.gob.sv/gerencias/electricidad/tarifas-de-electricidad/tarifas-de-electricidad-ano-2013/,III.   GRANDES DEMANDAS  ( >50 kW ) MEDIA TENSION CON MEDIDOR HORARIO,Cargo de  Energía:Energía en Valle,US$/kWh,EDESAL,0.179554,2013-10-15,2014-01-15,USD
317,El Salvador,https://www.siget.gob.sv/gerencias/electricidad/tarifas-de-electricidad/tarifas-de-electricidad-ano-2013/,III.   GRANDES DEMANDAS  ( >50 kW ) MEDIA TENSION CON MEDIDOR HORARIO,Cargo de Distribución:Potencia:,US$/kW-mes,EDESAL,16.396882,2013-10-15,2014-01-15,USD
318,El Salvador,https://www.siget.gob.sv/gerencias/electricidad/tarifas-de-electricidad/tarifas-de-electricidad-ano-2013/,III.   GRANDES DEMANDAS  ( >50 kW ) MEDIA TENSION CON MEDIDOR HORARIO,Cargo de Comercialización:Cargo Fijo,US$/Usuario-mes,B&D,3.274463,2013-10-15,2014-01-15,USD
319,El Salvador,https://www.siget.gob.sv/gerencias/electricidad/tarifas-de-electricidad/tarifas-de-electricidad-ano-2013/,III.   GRANDES DEMANDAS  ( >50 kW ) MEDIA TENSION CON MEDIDOR HORARIO,Cargo de  Energía:Energía en Punta,US$/kWh,B&D,0.173185,2013-10-15,2014-01-15,USD
320,El Salvador,https://www.siget.gob.sv/gerencias/electricidad/tarifas-de-electricidad/tarifas-de-electricidad-ano-2013/,III.   GRANDES DEMANDAS  ( >50 kW ) MEDIA TENSION CON MEDIDOR HORARIO,Cargo de  Energía:Energía en Resto,US$/kWh,B&D,0.168414,2013-10-15,2014-01-15,USD
321,El Salvador,https://www.siget.gob.sv/gerencias/electricidad/tarifas-de-electricidad/tarifas-de-electricidad-ano-2013/,III.   GRANDES DEMANDAS  ( >50 kW ) MEDIA TENSION CON MEDIDOR HORARIO,Cargo de  Energía:Energía en Valle,US$/kWh,B&D,0.166229,2013-10-15,2014-01-15,USD
322,El Salvador,https://www.siget.gob.sv/gerencias/electricidad/tarifas-de-electricidad/tarifas-de-electricidad-ano-2013/,III.   GRANDES DEMANDAS  ( >50 kW ) MEDIA TENSION CON MEDIDOR HORARIO,Cargo de Distribución:Potencia:,US$/kW-mes,B&D,2.455745,2013-10-15,2014-01-15,USD
323,El Salvador,https://www.siget.gob.sv/gerencias/electricidad/tarifas-de-electricidad/tarifas-de-electricidad-ano-2013/,III.   GRANDES DEMANDAS  ( >50 kW ) MEDIA TENSION CON MEDIDOR HORARIO,Cargo de Comercialización:Cargo Fijo,US$/Usuario-mes,ABRUZZO,6.580180,2013-10-15,2014-01-15,USD
324,El Salvador,https://www.siget.gob.sv/gerencias/electricidad/tarifas-de-electricidad/tarifas-de-electricidad-ano-2013/,III.   GRANDES DEMANDAS  ( >50 kW ) MEDIA TENSION CON MEDIDOR HORARIO,Cargo de  Energía:Energía en Punta,US$/kWh,ABRUZZO,0.174509,2013-10-15,2014-01-15,USD
325,El Salvador,https://www.siget.gob.sv/gerencias/electricidad/tarifas-de-electricidad/tarifas-de-electricidad-ano-2013/,III.   GRANDES DEMANDAS  ( >50 kW ) MEDIA TENSION CON MEDIDOR HORARIO,Cargo de  Energía:Energía en Resto,US$/kWh,ABRUZZO,0.173923,2013-10-15,2014-01-15,USD
326,El Salvador,https://www.siget.gob.sv/gerencias/electricidad/tarifas-de-electricidad/tarifas-de-electricidad-ano-2013/,III.   GRANDES DEMANDAS  ( >50 kW ) MEDIA TENSION CON MEDIDOR HORARIO,Cargo de  Energía:Energía en Valle,US$/kWh,ABRUZZO,0.149905,2013-10-15,2014-01-15,USD
327,El Salvador,https://www.siget.gob.sv/gerencias/electricidad/tarifas-de-electricidad/tarifas-de-electricidad-ano-2013/,III.   GRANDES DEMANDAS  ( >50 kW ) MEDIA TENSION CON MEDIDOR HORARIO,Cargo de Distribución:Potencia:,US$/kW-mes,ABRUZZO,5.046238,2013-10-15,2014-01-15,USD
