,Country,Document_link,Tariff_code,Component,Unit,Utility,Charge,Date_start,Date_end,$local
0,El Salvador,https://www.siget.gob.sv/gerencias/electricidad/tarifas-de-electricidad/tarifas-de-electricidad-ano-2022/,I.   PEQUEÑAS DEMANDAS  (0 < kW ≤ 10) BAJA TENSION Bloque 1: Primeros 99 kWh/mes,Cargo de Comercialización:Cargo Fijo,US$/Usuario-mes,CAESS,0.857491,2022-07-15,2022-10-31,USD
1,El Salvador,https://www.siget.gob.sv/gerencias/electricidad/tarifas-de-electricidad/tarifas-de-electricidad-ano-2022/,I.   PEQUEÑAS DEMANDAS  (0 < kW ≤ 10) BAJA TENSION Bloque 1: Primeros 99 kWh/mes,Cargo de  Energía:Cargo Variable,US$/kWh,CAESS,0.164264,2022-07-15,2022-10-31,USD
2,El Salvador,https://www.siget.gob.sv/gerencias/electricidad/tarifas-de-electricidad/tarifas-de-electricidad-ano-2022/,I.   PEQUEÑAS DEMANDAS  (0 < kW ≤ 10) BAJA TENSION Bloque 1: Primeros 99 kWh/mes,Cargo de Distribución:Cargo Variable,US$/kWh,CAESS,0.031644,2022-07-15,2022-10-31,USD
3,El Salvador,https://www.siget.gob.sv/gerencias/electricidad/tarifas-de-electricidad/tarifas-de-electricidad-ano-2022/,I.   PEQUEÑAS DEMANDAS  (0 < kW ≤ 10) BAJA TENSION Bloque 1: Primeros 99 kWh/mes,Cargo de Comercialización:Cargo Fijo,US$/Usuario-mes,DEL SUR,1.002297,2022-07-15,2022-10-31,USD
4,El Salvador,https://www.siget.gob.sv/gerencias/electricidad/tarifas-de-electricidad/tarifas-de-electricidad-ano-2022/,I.   PEQUEÑAS DEMANDAS  (0 < kW ≤ 10) BAJA TENSION Bloque 1: Primeros 99 kWh/mes,Cargo de  Energía:Cargo Variable,US$/kWh,DEL SUR,0.165260,2022-07-15,2022-10-31,USD
5,El Salvador,https://www.siget.gob.sv/gerencias/electricidad/tarifas-de-electricidad/tarifas-de-electricidad-ano-2022/,I.   PEQUEÑAS DEMANDAS  (0 < kW ≤ 10) BAJA TENSION Bloque 1: Primeros 99 kWh/mes,Cargo de Distribución:Cargo Variable,US$/kWh,DEL SUR,0.051952,2022-07-15,2022-10-31,USD
6,El Salvador,https://www.siget.gob.sv/gerencias/electricidad/tarifas-de-electricidad/tarifas-de-electricidad-ano-2022/,I.   PEQUEÑAS DEMANDAS  (0 < kW ≤ 10) BAJA TENSION Bloque 1: Primeros 99 kWh/mes,Cargo de Comercialización:Cargo Fijo,US$/Usuario-mes,CLESA,0.785781,2022-07-15,2022-10-31,USD
7,El Salvador,https://www.siget.gob.sv/gerencias/electricidad/tarifas-de-electricidad/tarifas-de-electricidad-ano-2022/,I.   PEQUEÑAS DEMANDAS  (0 < kW ≤ 10) BAJA TENSION Bloque 1: Primeros 99 kWh/mes,Cargo de  Energía:Cargo Variable,US$/kWh,CLESA,0.167985,2022-07-15,2022-10-31,USD
8,El Salvador,https://www.siget.gob.sv/gerencias/electricidad/tarifas-de-electricidad/tarifas-de-electricidad-ano-2022/,I.   PEQUEÑAS DEMANDAS  (0 < kW ≤ 10) BAJA TENSION Bloque 1: Primeros 99 kWh/mes,Cargo de Distribución:Cargo Variable,US$/kWh,CLESA,0.065069,2022-07-15,2022-10-31,USD
9,El Salvador,https://www.siget.gob.sv/gerencias/electricidad/tarifas-de-electricidad/tarifas-de-electricidad-ano-2022/,I.   PEQUEÑAS DEMANDAS  (0 < kW ≤ 10) BAJA TENSION Bloque 1: Primeros 99 kWh/mes,Cargo de Comercialización:Cargo Fijo,US$/Usuario-mes,EEO,0.913697,2022-07-15,2022-10-31,USD
10,El Salvador,https://www.siget.gob.sv/gerencias/electricidad/tarifas-de-electricidad/tarifas-de-electricidad-ano-2022/,I.   PEQUEÑAS DEMANDAS  (0 < kW ≤ 10) BAJA TENSION Bloque 1: Primeros 99 kWh/mes,Cargo de  Energía:Cargo Variable,US$/kWh,EEO,0.169341,2022-07-15,2022-10-31,USD
11,El Salvador,https://www.siget.gob.sv/gerencias/electricidad/tarifas-de-electricidad/tarifas-de-electricidad-ano-2022/,I.   PEQUEÑAS DEMANDAS  (0 < kW ≤ 10) BAJA TENSION Bloque 1: Primeros 99 kWh/mes,Cargo de Distribución:Cargo Variable,US$/kWh,EEO,0.069537,2022-07-15,2022-10-31,USD
12,El Salvador,https://www.siget.gob.sv/gerencias/electricidad/tarifas-de-electricidad/tarifas-de-electricidad-ano-2022/,I.   PEQUEÑAS DEMANDAS  (0 < kW ≤ 10) BAJA TENSION Bloque 1: Primeros 99 kWh/mes,Cargo de Comercialización:Cargo Fijo,US$/Usuario-mes,DEUSEM,0.831726,2022-07-15,2022-10-31,USD
13,El Salvador,https://www.siget.gob.sv/gerencias/electricidad/tarifas-de-electricidad/tarifas-de-electricidad-ano-2022/,I.   PEQUEÑAS DEMANDAS  (0 < kW ≤ 10) BAJA TENSION Bloque 1: Primeros 99 kWh/mes,Cargo de  Energía:Cargo Variable,US$/kWh,DEUSEM,0.178629,2022-07-15,2022-10-31,USD
14,El Salvador,https://www.siget.gob.sv/gerencias/electricidad/tarifas-de-electricidad/tarifas-de-electricidad-ano-2022/,I.   PEQUEÑAS DEMANDAS  (0 < kW ≤ 10) BAJA TENSION Bloque 1: Primeros 99 kWh/mes,Cargo de Distribución:Cargo Variable,US$/kWh,DEUSEM,0.081508,2022-07-15,2022-10-31,USD
15,El Salvador,https://www.siget.gob.sv/gerencias/electricidad/tarifas-de-electricidad/tarifas-de-electricidad-ano-2022/,I.   PEQUEÑAS DEMANDAS  (0 < kW ≤ 10) BAJA TENSION Bloque 1: Primeros 99 kWh/mes,Cargo de Comercialización:Cargo Fijo,US$/Usuario-mes,EDESAL,2.385494,2022-07-15,2022-10-31,USD
16,El Salvador,https://www.siget.gob.sv/gerencias/electricidad/tarifas-de-electricidad/tarifas-de-electricidad-ano-2022/,I.   PEQUEÑAS DEMANDAS  (0 < kW ≤ 10) BAJA TENSION Bloque 1: Primeros 99 kWh/mes,Cargo de  Energía:Cargo Variable,US$/kWh,EDESAL,0.166613,2022-07-15,2022-10-31,USD
17,El Salvador,https://www.siget.gob.sv/gerencias/electricidad/tarifas-de-electricidad/tarifas-de-electricidad-ano-2022/,I.   PEQUEÑAS DEMANDAS  (0 < kW ≤ 10) BAJA TENSION Bloque 1: Primeros 99 kWh/mes,Cargo de Distribución:Cargo Variable,US$/kWh,EDESAL,0.067148,2022-07-15,2022-10-31,USD
18,El Salvador,https://www.siget.gob.sv/gerencias/electricidad/tarifas-de-electricidad/tarifas-de-electricidad-ano-2022/,I.   PEQUEÑAS DEMANDAS  (0 < kW ≤ 10) BAJA TENSION Bloque 1: Primeros 99 kWh/mes,Cargo de Comercialización:Cargo Fijo,US$/Usuario-mes,B&D,0.867936,2022-07-15,2022-10-31,USD
19,El Salvador,https://www.siget.gob.sv/gerencias/electricidad/tarifas-de-electricidad/tarifas-de-electricidad-ano-2022/,I.   PEQUEÑAS DEMANDAS  (0 < kW ≤ 10) BAJA TENSION Bloque 1: Primeros 99 kWh/mes,Cargo de  Energía:Cargo Variable,US$/kWh,B&D,0.146011,2022-07-15,2022-10-31,USD
20,El Salvador,https://www.siget.gob.sv/gerencias/electricidad/tarifas-de-electricidad/tarifas-de-electricidad-ano-2022/,I.   PEQUEÑAS DEMANDAS  (0 < kW ≤ 10) BAJA TENSION Bloque 1: Primeros 99 kWh/mes,Cargo de Distribución:Cargo Variable,US$/kWh,B&D,0.040568,2022-07-15,2022-10-31,USD
21,El Salvador,https://www.siget.gob.sv/gerencias/electricidad/tarifas-de-electricidad/tarifas-de-electricidad-ano-2022/,I.   PEQUEÑAS DEMANDAS  (0 < kW ≤ 10) BAJA TENSION Bloque 1: Primeros 99 kWh/mes,Cargo de Comercialización:Cargo Fijo,US$/Usuario-mes,ABRUZZO,0.926466,2022-07-15,2022-10-31,USD
22,El Salvador,https://www.siget.gob.sv/gerencias/electricidad/tarifas-de-electricidad/tarifas-de-electricidad-ano-2022/,I.   PEQUEÑAS DEMANDAS  (0 < kW ≤ 10) BAJA TENSION Bloque 1: Primeros 99 kWh/mes,Cargo de  Energía:Cargo Variable,US$/kWh,ABRUZZO,0.150648,2022-07-15,2022-10-31,USD
23,El Salvador,https://www.siget.gob.sv/gerencias/electricidad/tarifas-de-electricidad/tarifas-de-electricidad-ano-2022/,I.   PEQUEÑAS DEMANDAS  (0 < kW ≤ 10) BAJA TENSION Bloque 1: Primeros 99 kWh/mes,Cargo de Distribución:Cargo Variable,US$/kWh,ABRUZZO,0.038224,2022-07-15,2022-10-31,USD
24,El Salvador,https://www.siget.gob.sv/gerencias/electricidad/tarifas-de-electricidad/tarifas-de-electricidad-ano-2022/,I.   PEQUEÑAS DEMANDAS  (0 < kW ≤ 10) BAJA TENSION Bloque 2: Consumos entre 100 kWh/mes y 199 kWh/mes,Cargo de Comercialización:Cargo Fijo,US$/Usuario-mes,CAESS,0.857491,2022-07-15,2022-10-31,USD
25,El Salvador,https://www.siget.gob.sv/gerencias/electricidad/tarifas-de-electricidad/tarifas-de-electricidad-ano-2022/,I.   PEQUEÑAS DEMANDAS  (0 < kW ≤ 10) BAJA TENSION Bloque 2: Consumos entre 100 kWh/mes y 199 kWh/mes,Cargo de  Energía:Cargo Variable,US$/kWh,CAESS,0.163925,2022-07-15,2022-10-31,USD
26,El Salvador,https://www.siget.gob.sv/gerencias/electricidad/tarifas-de-electricidad/tarifas-de-electricidad-ano-2022/,I.   PEQUEÑAS DEMANDAS  (0 < kW ≤ 10) BAJA TENSION Bloque 2: Consumos entre 100 kWh/mes y 199 kWh/mes,Cargo de Distribución:Cargo Variable,US$/kWh,CAESS,0.034551,2022-07-15,2022-10-31,USD
27,El Salvador,https://www.siget.gob.sv/gerencias/electricidad/tarifas-de-electricidad/tarifas-de-electricidad-ano-2022/,I.   PEQUEÑAS DEMANDAS  (0 < kW ≤ 10) BAJA TENSION Bloque 2: Consumos entre 100 kWh/mes y 199 kWh/mes,Cargo de Comercialización:Cargo Fijo,US$/Usuario-mes,DEL SUR,1.002297,2022-07-15,2022-10-31,USD
28,El Salvador,https://www.siget.gob.sv/gerencias/electricidad/tarifas-de-electricidad/tarifas-de-electricidad-ano-2022/,I.   PEQUEÑAS DEMANDAS  (0 < kW ≤ 10) BAJA TENSION Bloque 2: Consumos entre 100 kWh/mes y 199 kWh/mes,Cargo de  Energía:Cargo Variable,US$/kWh,DEL SUR,0.164471,2022-07-15,2022-10-31,USD
29,El Salvador,https://www.siget.gob.sv/gerencias/electricidad/tarifas-de-electricidad/tarifas-de-electricidad-ano-2022/,I.   PEQUEÑAS DEMANDAS  (0 < kW ≤ 10) BAJA TENSION Bloque 2: Consumos entre 100 kWh/mes y 199 kWh/mes,Cargo de Distribución:Cargo Variable,US$/kWh,DEL SUR,0.062238,2022-07-15,2022-10-31,USD
30,El Salvador,https://www.siget.gob.sv/gerencias/electricidad/tarifas-de-electricidad/tarifas-de-electricidad-ano-2022/,I.   PEQUEÑAS DEMANDAS  (0 < kW ≤ 10) BAJA TENSION Bloque 2: Consumos entre 100 kWh/mes y 199 kWh/mes,Cargo de Comercialización:Cargo Fijo,US$/Usuario-mes,CLESA,0.785781,2022-07-15,2022-10-31,USD
31,El Salvador,https://www.siget.gob.sv/gerencias/electricidad/tarifas-de-electricidad/tarifas-de-electricidad-ano-2022/,I.   PEQUEÑAS DEMANDAS  (0 < kW ≤ 10) BAJA TENSION Bloque 2: Consumos entre 100 kWh/mes y 199 kWh/mes,Cargo de  Energía:Cargo Variable,US$/kWh,CLESA,0.166688,2022-07-15,2022-10-31,USD
32,El Salvador,https://www.siget.gob.sv/gerencias/electricidad/tarifas-de-electricidad/tarifas-de-electricidad-ano-2022/,I.   PEQUEÑAS DEMANDAS  (0 < kW ≤ 10) BAJA TENSION Bloque 2: Consumos entre 100 kWh/mes y 199 kWh/mes,Cargo de Distribución:Cargo Variable,US$/kWh,CLESA,0.028911,2022-07-15,2022-10-31,USD
33,El Salvador,https://www.siget.gob.sv/gerencias/electricidad/tarifas-de-electricidad/tarifas-de-electricidad-ano-2022/,I.   PEQUEÑAS DEMANDAS  (0 < kW ≤ 10) BAJA TENSION Bloque 2: Consumos entre 100 kWh/mes y 199 kWh/mes,Cargo de Comercialización:Cargo Fijo,US$/Usuario-mes,EEO,0.913697,2022-07-15,2022-10-31,USD
34,El Salvador,https://www.siget.gob.sv/gerencias/electricidad/tarifas-de-electricidad/tarifas-de-electricidad-ano-2022/,I.   PEQUEÑAS DEMANDAS  (0 < kW ≤ 10) BAJA TENSION Bloque 2: Consumos entre 100 kWh/mes y 199 kWh/mes,Cargo de  Energía:Cargo Variable,US$/kWh,EEO,0.170713,2022-07-15,2022-10-31,USD
35,El Salvador,https://www.siget.gob.sv/gerencias/electricidad/tarifas-de-electricidad/tarifas-de-electricidad-ano-2022/,I.   PEQUEÑAS DEMANDAS  (0 < kW ≤ 10) BAJA TENSION Bloque 2: Consumos entre 100 kWh/mes y 199 kWh/mes,Cargo de Distribución:Cargo Variable,US$/kWh,EEO,0.035933,2022-07-15,2022-10-31,USD
36,El Salvador,https://www.siget.gob.sv/gerencias/electricidad/tarifas-de-electricidad/tarifas-de-electricidad-ano-2022/,I.   PEQUEÑAS DEMANDAS  (0 < kW ≤ 10) BAJA TENSION Bloque 2: Consumos entre 100 kWh/mes y 199 kWh/mes,Cargo de Comercialización:Cargo Fijo,US$/Usuario-mes,DEUSEM,0.831726,2022-07-15,2022-10-31,USD
37,El Salvador,https://www.siget.gob.sv/gerencias/electricidad/tarifas-de-electricidad/tarifas-de-electricidad-ano-2022/,I.   PEQUEÑAS DEMANDAS  (0 < kW ≤ 10) BAJA TENSION Bloque 2: Consumos entre 100 kWh/mes y 199 kWh/mes,Cargo de  Energía:Cargo Variable,US$/kWh,DEUSEM,0.179453,2022-07-15,2022-10-31,USD
38,El Salvador,https://www.siget.gob.sv/gerencias/electricidad/tarifas-de-electricidad/tarifas-de-electricidad-ano-2022/,I.   PEQUEÑAS DEMANDAS  (0 < kW ≤ 10) BAJA TENSION Bloque 2: Consumos entre 100 kWh/mes y 199 kWh/mes,Cargo de Distribución:Cargo Variable,US$/kWh,DEUSEM,0.038535,2022-07-15,2022-10-31,USD
39,El Salvador,https://www.siget.gob.sv/gerencias/electricidad/tarifas-de-electricidad/tarifas-de-electricidad-ano-2022/,I.   PEQUEÑAS DEMANDAS  (0 < kW ≤ 10) BAJA TENSION Bloque 2: Consumos entre 100 kWh/mes y 199 kWh/mes,Cargo de Comercialización:Cargo Fijo,US$/Usuario-mes,EDESAL,2.385494,2022-07-15,2022-10-31,USD
40,El Salvador,https://www.siget.gob.sv/gerencias/electricidad/tarifas-de-electricidad/tarifas-de-electricidad-ano-2022/,I.   PEQUEÑAS DEMANDAS  (0 < kW ≤ 10) BAJA TENSION Bloque 2: Consumos entre 100 kWh/mes y 199 kWh/mes,Cargo de  Energía:Cargo Variable,US$/kWh,EDESAL,0.165686,2022-07-15,2022-10-31,USD
41,El Salvador,https://www.siget.gob.sv/gerencias/electricidad/tarifas-de-electricidad/tarifas-de-electricidad-ano-2022/,I.   PEQUEÑAS DEMANDAS  (0 < kW ≤ 10) BAJA TENSION Bloque 2: Consumos entre 100 kWh/mes y 199 kWh/mes,Cargo de Distribución:Cargo Variable,US$/kWh,EDESAL,0.061714,2022-07-15,2022-10-31,USD
42,El Salvador,https://www.siget.gob.sv/gerencias/electricidad/tarifas-de-electricidad/tarifas-de-electricidad-ano-2022/,I.   PEQUEÑAS DEMANDAS  (0 < kW ≤ 10) BAJA TENSION Bloque 2: Consumos entre 100 kWh/mes y 199 kWh/mes,Cargo de Comercialización:Cargo Fijo,US$/Usuario-mes,B&D,0.867936,2022-07-15,2022-10-31,USD
43,El Salvador,https://www.siget.gob.sv/gerencias/electricidad/tarifas-de-electricidad/tarifas-de-electricidad-ano-2022/,I.   PEQUEÑAS DEMANDAS  (0 < kW ≤ 10) BAJA TENSION Bloque 2: Consumos entre 100 kWh/mes y 199 kWh/mes,Cargo de  Energía:Cargo Variable,US$/kWh,B&D,0.143955,2022-07-15,2022-10-31,USD
44,El Salvador,https://www.siget.gob.sv/gerencias/electricidad/tarifas-de-electricidad/tarifas-de-electricidad-ano-2022/,I.   PEQUEÑAS DEMANDAS  (0 < kW ≤ 10) BAJA TENSION Bloque 2: Consumos entre 100 kWh/mes y 199 kWh/mes,Cargo de Distribución:Cargo Variable,US$/kWh,B&D,0.035955,2022-07-15,2022-10-31,USD
45,El Salvador,https://www.siget.gob.sv/gerencias/electricidad/tarifas-de-electricidad/tarifas-de-electricidad-ano-2022/,I.   PEQUEÑAS DEMANDAS  (0 < kW ≤ 10) BAJA TENSION Bloque 2: Consumos entre 100 kWh/mes y 199 kWh/mes,Cargo de Comercialización:Cargo Fijo,US$/Usuario-mes,ABRUZZO,0.926466,2022-07-15,2022-10-31,USD
46,El Salvador,https://www.siget.gob.sv/gerencias/electricidad/tarifas-de-electricidad/tarifas-de-electricidad-ano-2022/,I.   PEQUEÑAS DEMANDAS  (0 < kW ≤ 10) BAJA TENSION Bloque 2: Consumos entre 100 kWh/mes y 199 kWh/mes,Cargo de  Energía:Cargo Variable,US$/kWh,ABRUZZO,0.151725,2022-07-15,2022-10-31,USD
47,El Salvador,https://www.siget.gob.sv/gerencias/electricidad/tarifas-de-electricidad/tarifas-de-electricidad-ano-2022/,I.   PEQUEÑAS DEMANDAS  (0 < kW ≤ 10) BAJA TENSION Bloque 2: Consumos entre 100 kWh/mes y 199 kWh/mes,Cargo de Distribución:Cargo Variable,US$/kWh,ABRUZZO,0.041838,2022-07-15,2022-10-31,USD
48,El Salvador,https://www.siget.gob.sv/gerencias/electricidad/tarifas-de-electricidad/tarifas-de-electricidad-ano-2022/,I.   PEQUEÑAS DEMANDAS  (0 < kW ≤ 10) BAJA TENSION Bloque 3: Consumos mayores o iguales a 200 kWh/mes,Cargo de Comercialización:Cargo Fijo,US$/Usuario-mes,CAESS,0.857491,2022-07-15,2022-10-31,USD
49,El Salvador,https://www.siget.gob.sv/gerencias/electricidad/tarifas-de-electricidad/tarifas-de-electricidad-ano-2022/,I.   PEQUEÑAS DEMANDAS  (0 < kW ≤ 10) BAJA TENSION Bloque 3: Consumos mayores o iguales a 200 kWh/mes,Cargo de  Energía:Cargo Variable,US$/kWh,CAESS,0.162362,2022-07-15,2022-10-31,USD
50,El Salvador,https://www.siget.gob.sv/gerencias/electricidad/tarifas-de-electricidad/tarifas-de-electricidad-ano-2022/,I.   PEQUEÑAS DEMANDAS  (0 < kW ≤ 10) BAJA TENSION Bloque 3: Consumos mayores o iguales a 200 kWh/mes,Cargo de Distribución:Cargo Variable,US$/kWh,CAESS,0.043716,2022-07-15,2022-10-31,USD
51,El Salvador,https://www.siget.gob.sv/gerencias/electricidad/tarifas-de-electricidad/tarifas-de-electricidad-ano-2022/,I.   PEQUEÑAS DEMANDAS  (0 < kW ≤ 10) BAJA TENSION Bloque 3: Consumos mayores o iguales a 200 kWh/mes,Cargo de Comercialización:Cargo Fijo,US$/Usuario-mes,DELSUR,1.002297,2022-07-15,2022-10-31,USD
52,El Salvador,https://www.siget.gob.sv/gerencias/electricidad/tarifas-de-electricidad/tarifas-de-electricidad-ano-2022/,I.   PEQUEÑAS DEMANDAS  (0 < kW ≤ 10) BAJA TENSION Bloque 3: Consumos mayores o iguales a 200 kWh/mes,Cargo de  Energía:Cargo Variable,US$/kWh,DELSUR,0.163472,2022-07-15,2022-10-31,USD
53,El Salvador,https://www.siget.gob.sv/gerencias/electricidad/tarifas-de-electricidad/tarifas-de-electricidad-ano-2022/,I.   PEQUEÑAS DEMANDAS  (0 < kW ≤ 10) BAJA TENSION Bloque 3: Consumos mayores o iguales a 200 kWh/mes,Cargo de Distribución:Cargo Variable,US$/kWh,DELSUR,0.073012,2022-07-15,2022-10-31,USD
54,El Salvador,https://www.siget.gob.sv/gerencias/electricidad/tarifas-de-electricidad/tarifas-de-electricidad-ano-2022/,I.   PEQUEÑAS DEMANDAS  (0 < kW ≤ 10) BAJA TENSION Bloque 3: Consumos mayores o iguales a 200 kWh/mes,Cargo de Comercialización:Cargo Fijo,US$/Usuario-mes,CLESA,0.785781,2022-07-15,2022-10-31,USD
55,El Salvador,https://www.siget.gob.sv/gerencias/electricidad/tarifas-de-electricidad/tarifas-de-electricidad-ano-2022/,I.   PEQUEÑAS DEMANDAS  (0 < kW ≤ 10) BAJA TENSION Bloque 3: Consumos mayores o iguales a 200 kWh/mes,Cargo de  Energía:Cargo Variable,US$/kWh,CLESA,0.165303,2022-07-15,2022-10-31,USD
56,El Salvador,https://www.siget.gob.sv/gerencias/electricidad/tarifas-de-electricidad/tarifas-de-electricidad-ano-2022/,I.   PEQUEÑAS DEMANDAS  (0 < kW ≤ 10) BAJA TENSION Bloque 3: Consumos mayores o iguales a 200 kWh/mes,Cargo de Distribución:Cargo Variable,US$/kWh,CLESA,0.081981,2022-07-15,2022-10-31,USD
57,El Salvador,https://www.siget.gob.sv/gerencias/electricidad/tarifas-de-electricidad/tarifas-de-electricidad-ano-2022/,I.   PEQUEÑAS DEMANDAS  (0 < kW ≤ 10) BAJA TENSION Bloque 3: Consumos mayores o iguales a 200 kWh/mes,Cargo de Comercialización:Cargo Fijo,US$/Usuario-mes,EEO,0.913697,2022-07-15,2022-10-31,USD
58,El Salvador,https://www.siget.gob.sv/gerencias/electricidad/tarifas-de-electricidad/tarifas-de-electricidad-ano-2022/,I.   PEQUEÑAS DEMANDAS  (0 < kW ≤ 10) BAJA TENSION Bloque 3: Consumos mayores o iguales a 200 kWh/mes,Cargo de  Energía:Cargo Variable,US$/kWh,EEO,0.170482,2022-07-15,2022-10-31,USD
59,El Salvador,https://www.siget.gob.sv/gerencias/electricidad/tarifas-de-electricidad/tarifas-de-electricidad-ano-2022/,I.   PEQUEÑAS DEMANDAS  (0 < kW ≤ 10) BAJA TENSION Bloque 3: Consumos mayores o iguales a 200 kWh/mes,Cargo de Distribución:Cargo Variable,US$/kWh,EEO,0.077382,2022-07-15,2022-10-31,USD
60,El Salvador,https://www.siget.gob.sv/gerencias/electricidad/tarifas-de-electricidad/tarifas-de-electricidad-ano-2022/,I.   PEQUEÑAS DEMANDAS  (0 < kW ≤ 10) BAJA TENSION Bloque 3: Consumos mayores o iguales a 200 kWh/mes,Cargo de Comercialización:Cargo Fijo,US$/Usuario-mes,DEUSEM,0.831726,2022-07-15,2022-10-31,USD
61,El Salvador,https://www.siget.gob.sv/gerencias/electricidad/tarifas-de-electricidad/tarifas-de-electricidad-ano-2022/,I.   PEQUEÑAS DEMANDAS  (0 < kW ≤ 10) BAJA TENSION Bloque 3: Consumos mayores o iguales a 200 kWh/mes,Cargo de  Energía:Cargo Variable,US$/kWh,DEUSEM,0.178796,2022-07-15,2022-10-31,USD
62,El Salvador,https://www.siget.gob.sv/gerencias/electricidad/tarifas-de-electricidad/tarifas-de-electricidad-ano-2022/,I.   PEQUEÑAS DEMANDAS  (0 < kW ≤ 10) BAJA TENSION Bloque 3: Consumos mayores o iguales a 200 kWh/mes,Cargo de Distribución:Cargo Variable,US$/kWh,DEUSEM,0.083169,2022-07-15,2022-10-31,USD
63,El Salvador,https://www.siget.gob.sv/gerencias/electricidad/tarifas-de-electricidad/tarifas-de-electricidad-ano-2022/,I.   PEQUEÑAS DEMANDAS  (0 < kW ≤ 10) BAJA TENSION Bloque 3: Consumos mayores o iguales a 200 kWh/mes,Cargo de Comercialización:Cargo Fijo,US$/Usuario-mes,EDESAL,2.385494,2022-07-15,2022-10-31,USD
64,El Salvador,https://www.siget.gob.sv/gerencias/electricidad/tarifas-de-electricidad/tarifas-de-electricidad-ano-2022/,I.   PEQUEÑAS DEMANDAS  (0 < kW ≤ 10) BAJA TENSION Bloque 3: Consumos mayores o iguales a 200 kWh/mes,Cargo de  Energía:Cargo Variable,US$/kWh,EDESAL,0.164507,2022-07-15,2022-10-31,USD
65,El Salvador,https://www.siget.gob.sv/gerencias/electricidad/tarifas-de-electricidad/tarifas-de-electricidad-ano-2022/,I.   PEQUEÑAS DEMANDAS  (0 < kW ≤ 10) BAJA TENSION Bloque 3: Consumos mayores o iguales a 200 kWh/mes,Cargo de Distribución:Cargo Variable,US$/kWh,EDESAL,0.066479,2022-07-15,2022-10-31,USD
66,El Salvador,https://www.siget.gob.sv/gerencias/electricidad/tarifas-de-electricidad/tarifas-de-electricidad-ano-2022/,I.   PEQUEÑAS DEMANDAS  (0 < kW ≤ 10) BAJA TENSION Bloque 3: Consumos mayores o iguales a 200 kWh/mes,Cargo de Comercialización:Cargo Fijo,US$/Usuario-mes,B&D,0.867936,2022-07-15,2022-10-31,USD
67,El Salvador,https://www.siget.gob.sv/gerencias/electricidad/tarifas-de-electricidad/tarifas-de-electricidad-ano-2022/,I.   PEQUEÑAS DEMANDAS  (0 < kW ≤ 10) BAJA TENSION Bloque 3: Consumos mayores o iguales a 200 kWh/mes,Cargo de  Energía:Cargo Variable,US$/kWh,B&D,0.143955,2022-07-15,2022-10-31,USD
68,El Salvador,https://www.siget.gob.sv/gerencias/electricidad/tarifas-de-electricidad/tarifas-de-electricidad-ano-2022/,I.   PEQUEÑAS DEMANDAS  (0 < kW ≤ 10) BAJA TENSION Bloque 3: Consumos mayores o iguales a 200 kWh/mes,Cargo de Distribución:Cargo Variable,US$/kWh,B&D,0.037964,2022-07-15,2022-10-31,USD
69,El Salvador,https://www.siget.gob.sv/gerencias/electricidad/tarifas-de-electricidad/tarifas-de-electricidad-ano-2022/,I.   PEQUEÑAS DEMANDAS  (0 < kW ≤ 10) BAJA TENSION Bloque 3: Consumos mayores o iguales a 200 kWh/mes,Cargo de Comercialización:Cargo Fijo,US$/Usuario-mes,ABRUZZO,0.926466,2022-07-15,2022-10-31,USD
70,El Salvador,https://www.siget.gob.sv/gerencias/electricidad/tarifas-de-electricidad/tarifas-de-electricidad-ano-2022/,I.   PEQUEÑAS DEMANDAS  (0 < kW ≤ 10) BAJA TENSION Bloque 3: Consumos mayores o iguales a 200 kWh/mes,Cargo de  Energía:Cargo Variable,US$/kWh,ABRUZZO,0.153388,2022-07-15,2022-10-31,USD
71,El Salvador,https://www.siget.gob.sv/gerencias/electricidad/tarifas-de-electricidad/tarifas-de-electricidad-ano-2022/,I.   PEQUEÑAS DEMANDAS  (0 < kW ≤ 10) BAJA TENSION Bloque 3: Consumos mayores o iguales a 200 kWh/mes,Cargo de Distribución:Cargo Variable,US$/kWh,ABRUZZO,0.043555,2022-07-15,2022-10-31,USD
72,El Salvador,https://www.siget.gob.sv/gerencias/electricidad/tarifas-de-electricidad/tarifas-de-electricidad-ano-2022/,I.   PEQUEÑAS DEMANDAS  (0 < kW ≤ 10) BAJA TENSION Uso General,Cargo de Comercialización:Cargo Fijo,US$/Usuario-mes,CAESS,0.857491,2022-07-15,2022-10-31,USD
73,El Salvador,https://www.siget.gob.sv/gerencias/electricidad/tarifas-de-electricidad/tarifas-de-electricidad-ano-2022/,I.   PEQUEÑAS DEMANDAS  (0 < kW ≤ 10) BAJA TENSION Uso General,Cargo de  Energía:Cargo Variable,US$/kWh,CAESS,0.161859,2022-07-15,2022-10-31,USD
74,El Salvador,https://www.siget.gob.sv/gerencias/electricidad/tarifas-de-electricidad/tarifas-de-electricidad-ano-2022/,I.   PEQUEÑAS DEMANDAS  (0 < kW ≤ 10) BAJA TENSION Uso General,Cargo de Distribución:Cargo Variable,US$/kWh,CAESS,0.035283,2022-07-15,2022-10-31,USD
75,El Salvador,https://www.siget.gob.sv/gerencias/electricidad/tarifas-de-electricidad/tarifas-de-electricidad-ano-2022/,I.   PEQUEÑAS DEMANDAS  (0 < kW ≤ 10) BAJA TENSION Uso General,Cargo de Comercialización:Cargo Fijo,US$/Usuario-mes,DELSUR,1.002297,2022-07-15,2022-10-31,USD
76,El Salvador,https://www.siget.gob.sv/gerencias/electricidad/tarifas-de-electricidad/tarifas-de-electricidad-ano-2022/,I.   PEQUEÑAS DEMANDAS  (0 < kW ≤ 10) BAJA TENSION Uso General,Cargo de  Energía:Cargo Variable,US$/kWh,DELSUR,0.162408,2022-07-15,2022-10-31,USD
77,El Salvador,https://www.siget.gob.sv/gerencias/electricidad/tarifas-de-electricidad/tarifas-de-electricidad-ano-2022/,I.   PEQUEÑAS DEMANDAS  (0 < kW ≤ 10) BAJA TENSION Uso General,Cargo de Distribución:Cargo Variable,US$/kWh,DELSUR,0.043249,2022-07-15,2022-10-31,USD
78,El Salvador,https://www.siget.gob.sv/gerencias/electricidad/tarifas-de-electricidad/tarifas-de-electricidad-ano-2022/,I.   PEQUEÑAS DEMANDAS  (0 < kW ≤ 10) BAJA TENSION Uso General,Cargo de Comercialización:Cargo Fijo,US$/Usuario-mes,CLESA,0.785781,2022-07-15,2022-10-31,USD
79,El Salvador,https://www.siget.gob.sv/gerencias/electricidad/tarifas-de-electricidad/tarifas-de-electricidad-ano-2022/,I.   PEQUEÑAS DEMANDAS  (0 < kW ≤ 10) BAJA TENSION Uso General,Cargo de  Energía:Cargo Variable,US$/kWh,CLESA,0.161558,2022-07-15,2022-10-31,USD
80,El Salvador,https://www.siget.gob.sv/gerencias/electricidad/tarifas-de-electricidad/tarifas-de-electricidad-ano-2022/,I.   PEQUEÑAS DEMANDAS  (0 < kW ≤ 10) BAJA TENSION Uso General,Cargo de Distribución:Cargo Variable,US$/kWh,CLESA,0.041034,2022-07-15,2022-10-31,USD
81,El Salvador,https://www.siget.gob.sv/gerencias/electricidad/tarifas-de-electricidad/tarifas-de-electricidad-ano-2022/,I.   PEQUEÑAS DEMANDAS  (0 < kW ≤ 10) BAJA TENSION Uso General,Cargo de Comercialización:Cargo Fijo,US$/Usuario-mes,EEO,0.913697,2022-07-15,2022-10-31,USD
82,El Salvador,https://www.siget.gob.sv/gerencias/electricidad/tarifas-de-electricidad/tarifas-de-electricidad-ano-2022/,I.   PEQUEÑAS DEMANDAS  (0 < kW ≤ 10) BAJA TENSION Uso General,Cargo de  Energía:Cargo Variable,US$/kWh,EEO,0.163146,2022-07-15,2022-10-31,USD
83,El Salvador,https://www.siget.gob.sv/gerencias/electricidad/tarifas-de-electricidad/tarifas-de-electricidad-ano-2022/,I.   PEQUEÑAS DEMANDAS  (0 < kW ≤ 10) BAJA TENSION Uso General,Cargo de Distribución:Cargo Variable,US$/kWh,EEO,0.060678,2022-07-15,2022-10-31,USD
84,El Salvador,https://www.siget.gob.sv/gerencias/electricidad/tarifas-de-electricidad/tarifas-de-electricidad-ano-2022/,I.   PEQUEÑAS DEMANDAS  (0 < kW ≤ 10) BAJA TENSION Uso General,Cargo de Comercialización:Cargo Fijo,US$/Usuario-mes,DEUSEM,0.831726,2022-07-15,2022-10-31,USD
85,El Salvador,https://www.siget.gob.sv/gerencias/electricidad/tarifas-de-electricidad/tarifas-de-electricidad-ano-2022/,I.   PEQUEÑAS DEMANDAS  (0 < kW ≤ 10) BAJA TENSION Uso General,Cargo de  Energía:Cargo Variable,US$/kWh,DEUSEM,0.170224,2022-07-15,2022-10-31,USD
86,El Salvador,https://www.siget.gob.sv/gerencias/electricidad/tarifas-de-electricidad/tarifas-de-electricidad-ano-2022/,I.   PEQUEÑAS DEMANDAS  (0 < kW ≤ 10) BAJA TENSION Uso General,Cargo de Distribución:Cargo Variable,US$/kWh,DEUSEM,0.063832,2022-07-15,2022-10-31,USD
87,El Salvador,https://www.siget.gob.sv/gerencias/electricidad/tarifas-de-electricidad/tarifas-de-electricidad-ano-2022/,I.   PEQUEÑAS DEMANDAS  (0 < kW ≤ 10) BAJA TENSION Uso General,Cargo de Comercialización:Cargo Fijo,US$/Usuario-mes,EDESAL,2.385494,2022-07-15,2022-10-31,USD
88,El Salvador,https://www.siget.gob.sv/gerencias/electricidad/tarifas-de-electricidad/tarifas-de-electricidad-ano-2022/,I.   PEQUEÑAS DEMANDAS  (0 < kW ≤ 10) BAJA TENSION Uso General,Cargo de  Energía:Cargo Variable,US$/kWh,EDESAL,0.160854,2022-07-15,2022-10-31,USD
89,El Salvador,https://www.siget.gob.sv/gerencias/electricidad/tarifas-de-electricidad/tarifas-de-electricidad-ano-2022/,I.   PEQUEÑAS DEMANDAS  (0 < kW ≤ 10) BAJA TENSION Uso General,Cargo de Distribución:Cargo Variable,US$/kWh,EDESAL,0.062912,2022-07-15,2022-10-31,USD
90,El Salvador,https://www.siget.gob.sv/gerencias/electricidad/tarifas-de-electricidad/tarifas-de-electricidad-ano-2022/,I.   PEQUEÑAS DEMANDAS  (0 < kW ≤ 10) BAJA TENSION Uso General,Cargo de Comercialización:Cargo Fijo,US$/Usuario-mes,B&D,0.867936,2022-07-15,2022-10-31,USD
91,El Salvador,https://www.siget.gob.sv/gerencias/electricidad/tarifas-de-electricidad/tarifas-de-electricidad-ano-2022/,I.   PEQUEÑAS DEMANDAS  (0 < kW ≤ 10) BAJA TENSION Uso General,Cargo de  Energía:Cargo Variable,US$/kWh,B&D,0.140537,2022-07-15,2022-10-31,USD
92,El Salvador,https://www.siget.gob.sv/gerencias/electricidad/tarifas-de-electricidad/tarifas-de-electricidad-ano-2022/,I.   PEQUEÑAS DEMANDAS  (0 < kW ≤ 10) BAJA TENSION Uso General,Cargo de Distribución:Cargo Variable,US$/kWh,B&D,0.037519,2022-07-15,2022-10-31,USD
93,El Salvador,https://www.siget.gob.sv/gerencias/electricidad/tarifas-de-electricidad/tarifas-de-electricidad-ano-2022/,I.   PEQUEÑAS DEMANDAS  (0 < kW ≤ 10) BAJA TENSION Uso General,Cargo de Comercialización:Cargo Fijo,US$/Usuario-mes,ABRUZZO,0.926466,2022-07-15,2022-10-31,USD
94,El Salvador,https://www.siget.gob.sv/gerencias/electricidad/tarifas-de-electricidad/tarifas-de-electricidad-ano-2022/,I.   PEQUEÑAS DEMANDAS  (0 < kW ≤ 10) BAJA TENSION Uso General,Cargo de  Energía:Cargo Variable,US$/kWh,ABRUZZO,0.159651,2022-07-15,2022-10-31,USD
95,El Salvador,https://www.siget.gob.sv/gerencias/electricidad/tarifas-de-electricidad/tarifas-de-electricidad-ano-2022/,I.   PEQUEÑAS DEMANDAS  (0 < kW ≤ 10) BAJA TENSION Uso General,Cargo de Distribución:Cargo Variable,US$/kWh,ABRUZZO,0.034457,2022-07-15,2022-10-31,USD
96,El Salvador,https://www.siget.gob.sv/gerencias/electricidad/tarifas-de-electricidad/tarifas-de-electricidad-ano-2022/,I.   PEQUEÑAS DEMANDAS  (0 < kW ≤ 10) BAJA TENSION Alumbrado Público,Cargo de Comercialización:Cargo Fijo,US$/Usuario-mes,CAESS,0.857491,2022-07-15,2022-10-31,USD
97,El Salvador,https://www.siget.gob.sv/gerencias/electricidad/tarifas-de-electricidad/tarifas-de-electricidad-ano-2022/,I.   PEQUEÑAS DEMANDAS  (0 < kW ≤ 10) BAJA TENSION Alumbrado Público,Cargo de  Energía:Cargo Variable,US$/kWh,CAESS,0.145755,2022-07-15,2022-10-31,USD
98,El Salvador,https://www.siget.gob.sv/gerencias/electricidad/tarifas-de-electricidad/tarifas-de-electricidad-ano-2022/,I.   PEQUEÑAS DEMANDAS  (0 < kW ≤ 10) BAJA TENSION Alumbrado Público,Cargo de Distribución:Cargo Variable,US$/kWh,CAESS,0.036775,2022-07-15,2022-10-31,USD
99,El Salvador,https://www.siget.gob.sv/gerencias/electricidad/tarifas-de-electricidad/tarifas-de-electricidad-ano-2022/,I.   PEQUEÑAS DEMANDAS  (0 < kW ≤ 10) BAJA TENSION Alumbrado Público,Cargo de Comercialización:Cargo Fijo,US$/Usuario-mes,DELSUR,1.002297,2022-07-15,2022-10-31,USD
100,El Salvador,https://www.siget.gob.sv/gerencias/electricidad/tarifas-de-electricidad/tarifas-de-electricidad-ano-2022/,I.   PEQUEÑAS DEMANDAS  (0 < kW ≤ 10) BAJA TENSION Alumbrado Público,Cargo de  Energía:Cargo Variable,US$/kWh,DELSUR,0.143474,2022-07-15,2022-10-31,USD
101,El Salvador,https://www.siget.gob.sv/gerencias/electricidad/tarifas-de-electricidad/tarifas-de-electricidad-ano-2022/,I.   PEQUEÑAS DEMANDAS  (0 < kW ≤ 10) BAJA TENSION Alumbrado Público,Cargo de Distribución:Cargo Variable,US$/kWh,DELSUR,0.052935,2022-07-15,2022-10-31,USD
102,El Salvador,https://www.siget.gob.sv/gerencias/electricidad/tarifas-de-electricidad/tarifas-de-electricidad-ano-2022/,I.   PEQUEÑAS DEMANDAS  (0 < kW ≤ 10) BAJA TENSION Alumbrado Público,Cargo de Comercialización:Cargo Fijo,US$/Usuario-mes,CLESA,0.785781,2022-07-15,2022-10-31,USD
103,El Salvador,https://www.siget.gob.sv/gerencias/electricidad/tarifas-de-electricidad/tarifas-de-electricidad-ano-2022/,I.   PEQUEÑAS DEMANDAS  (0 < kW ≤ 10) BAJA TENSION Alumbrado Público,Cargo de  Energía:Cargo Variable,US$/kWh,CLESA,0.143593,2022-07-15,2022-10-31,USD
104,El Salvador,https://www.siget.gob.sv/gerencias/electricidad/tarifas-de-electricidad/tarifas-de-electricidad-ano-2022/,I.   PEQUEÑAS DEMANDAS  (0 < kW ≤ 10) BAJA TENSION Alumbrado Público,Cargo de Distribución:Cargo Variable,US$/kWh,CLESA,0.065915,2022-07-15,2022-10-31,USD
105,El Salvador,https://www.siget.gob.sv/gerencias/electricidad/tarifas-de-electricidad/tarifas-de-electricidad-ano-2022/,I.   PEQUEÑAS DEMANDAS  (0 < kW ≤ 10) BAJA TENSION Alumbrado Público,Cargo de Comercialización:Cargo Fijo,US$/Usuario-mes,EEO,0.913697,2022-07-15,2022-10-31,USD
106,El Salvador,https://www.siget.gob.sv/gerencias/electricidad/tarifas-de-electricidad/tarifas-de-electricidad-ano-2022/,I.   PEQUEÑAS DEMANDAS  (0 < kW ≤ 10) BAJA TENSION Alumbrado Público,Cargo de  Energía:Cargo Variable,US$/kWh,EEO,0.144217,2022-07-15,2022-10-31,USD
107,El Salvador,https://www.siget.gob.sv/gerencias/electricidad/tarifas-de-electricidad/tarifas-de-electricidad-ano-2022/,I.   PEQUEÑAS DEMANDAS  (0 < kW ≤ 10) BAJA TENSION Alumbrado Público,Cargo de Distribución:Cargo Variable,US$/kWh,EEO,0.068452,2022-07-15,2022-10-31,USD
108,El Salvador,https://www.siget.gob.sv/gerencias/electricidad/tarifas-de-electricidad/tarifas-de-electricidad-ano-2022/,I.   PEQUEÑAS DEMANDAS  (0 < kW ≤ 10) BAJA TENSION Alumbrado Público,Cargo de Comercialización:Cargo Fijo,US$/Usuario-mes,DEUSEM,0.831726,2022-07-15,2022-10-31,USD
109,El Salvador,https://www.siget.gob.sv/gerencias/electricidad/tarifas-de-electricidad/tarifas-de-electricidad-ano-2022/,I.   PEQUEÑAS DEMANDAS  (0 < kW ≤ 10) BAJA TENSION Alumbrado Público,Cargo de  Energía:Cargo Variable,US$/kWh,DEUSEM,0.148183,2022-07-15,2022-10-31,USD
110,El Salvador,https://www.siget.gob.sv/gerencias/electricidad/tarifas-de-electricidad/tarifas-de-electricidad-ano-2022/,I.   PEQUEÑAS DEMANDAS  (0 < kW ≤ 10) BAJA TENSION Alumbrado Público,Cargo de Distribución:Cargo Variable,US$/kWh,DEUSEM,0.072200,2022-07-15,2022-10-31,USD
111,El Salvador,https://www.siget.gob.sv/gerencias/electricidad/tarifas-de-electricidad/tarifas-de-electricidad-ano-2022/,I.   PEQUEÑAS DEMANDAS  (0 < kW ≤ 10) BAJA TENSION Alumbrado Público,Cargo de Comercialización:Cargo Fijo,US$/Usuario-mes,EDESAL,2.385494,2022-07-15,2022-10-31,USD
112,El Salvador,https://www.siget.gob.sv/gerencias/electricidad/tarifas-de-electricidad/tarifas-de-electricidad-ano-2022/,I.   PEQUEÑAS DEMANDAS  (0 < kW ≤ 10) BAJA TENSION Alumbrado Público,Cargo de  Energía:Cargo Variable,US$/kWh,EDESAL,0.167558,2022-07-15,2022-10-31,USD
113,El Salvador,https://www.siget.gob.sv/gerencias/electricidad/tarifas-de-electricidad/tarifas-de-electricidad-ano-2022/,I.   PEQUEÑAS DEMANDAS  (0 < kW ≤ 10) BAJA TENSION Alumbrado Público,Cargo de Distribución:Cargo Variable,US$/kWh,EDESAL,0.061496,2022-07-15,2022-10-31,USD
114,El Salvador,https://www.siget.gob.sv/gerencias/electricidad/tarifas-de-electricidad/tarifas-de-electricidad-ano-2022/,I.   PEQUEÑAS DEMANDAS  (0 < kW ≤ 10) BAJA TENSION Alumbrado Público,Cargo de Comercialización:Cargo Fijo,US$/Usuario-mes,B&D,0.867936,2022-07-15,2022-10-31,USD
115,El Salvador,https://www.siget.gob.sv/gerencias/electricidad/tarifas-de-electricidad/tarifas-de-electricidad-ano-2022/,I.   PEQUEÑAS DEMANDAS  (0 < kW ≤ 10) BAJA TENSION Alumbrado Público,Cargo de  Energía:Cargo Variable,US$/kWh,B&D,0.142047,2022-07-15,2022-10-31,USD
116,El Salvador,https://www.siget.gob.sv/gerencias/electricidad/tarifas-de-electricidad/tarifas-de-electricidad-ano-2022/,I.   PEQUEÑAS DEMANDAS  (0 < kW ≤ 10) BAJA TENSION Alumbrado Público,Cargo de Distribución:Cargo Variable,US$/kWh,B&D,0.044483,2022-07-15,2022-10-31,USD
117,El Salvador,https://www.siget.gob.sv/gerencias/electricidad/tarifas-de-electricidad/tarifas-de-electricidad-ano-2022/,I.   PEQUEÑAS DEMANDAS  (0 < kW ≤ 10) BAJA TENSION Alumbrado Público,Cargo de Comercialización:Cargo Fijo,US$/Usuario-mes,ABRUZZO,0.926466,2022-07-15,2022-10-31,USD
118,El Salvador,https://www.siget.gob.sv/gerencias/electricidad/tarifas-de-electricidad/tarifas-de-electricidad-ano-2022/,I.   PEQUEÑAS DEMANDAS  (0 < kW ≤ 10) BAJA TENSION Alumbrado Público,Cargo de  Energía:Cargo Variable,US$/kWh,ABRUZZO,0.119305,2022-07-15,2022-10-31,USD
119,El Salvador,https://www.siget.gob.sv/gerencias/electricidad/tarifas-de-electricidad/tarifas-de-electricidad-ano-2022/,I.   PEQUEÑAS DEMANDAS  (0 < kW ≤ 10) BAJA TENSION Alumbrado Público,Cargo de Distribución:Cargo Variable,US$/kWh,ABRUZZO,0.034477,2022-07-15,2022-10-31,USD
120,El Salvador,https://www.siget.gob.sv/gerencias/electricidad/tarifas-de-electricidad/tarifas-de-electricidad-ano-2022/,II.   MEDIANA DEMANDA  (10 < kW ≤ 50) BAJA TENSION CON MEDICIÓN DE POTENCIA,Cargo de Comercialización:Cargo Fijo,US$/Usuario-mes,CAESS,0.857491,2022-07-15,2022-10-31,USD
121,El Salvador,https://www.siget.gob.sv/gerencias/electricidad/tarifas-de-electricidad/tarifas-de-electricidad-ano-2022/,II.   MEDIANA DEMANDA  (10 < kW ≤ 50) BAJA TENSION CON MEDICIÓN DE POTENCIA,Cargo de  Energía:Cargo Variable,US$/kWh,CAESS,0.160738,2022-07-15,2022-10-31,USD
122,El Salvador,https://www.siget.gob.sv/gerencias/electricidad/tarifas-de-electricidad/tarifas-de-electricidad-ano-2022/,II.   MEDIANA DEMANDA  (10 < kW ≤ 50) BAJA TENSION CON MEDICIÓN DE POTENCIA,Cargo de Distribución:Potencia,US$/kW-mes,CAESS,14.519619,2022-07-15,2022-10-31,USD
123,El Salvador,https://www.siget.gob.sv/gerencias/electricidad/tarifas-de-electricidad/tarifas-de-electricidad-ano-2022/,II.   MEDIANA DEMANDA  (10 < kW ≤ 50) BAJA TENSION CON MEDICIÓN DE POTENCIA,Cargo de Comercialización:Cargo Fijo,US$/Usuario-mes,DEL SUR,1.002297,2022-07-15,2022-10-31,USD
124,El Salvador,https://www.siget.gob.sv/gerencias/electricidad/tarifas-de-electricidad/tarifas-de-electricidad-ano-2022/,II.   MEDIANA DEMANDA  (10 < kW ≤ 50) BAJA TENSION CON MEDICIÓN DE POTENCIA,Cargo de  Energía:Cargo Variable,US$/kWh,DEL SUR,0.161305,2022-07-15,2022-10-31,USD
125,El Salvador,https://www.siget.gob.sv/gerencias/electricidad/tarifas-de-electricidad/tarifas-de-electricidad-ano-2022/,II.   MEDIANA DEMANDA  (10 < kW ≤ 50) BAJA TENSION CON MEDICIÓN DE POTENCIA,Cargo de Distribución:Potencia,US$/kW-mes,DEL SUR,22.333594,2022-07-15,2022-10-31,USD
126,El Salvador,https://www.siget.gob.sv/gerencias/electricidad/tarifas-de-electricidad/tarifas-de-electricidad-ano-2022/,II.   MEDIANA DEMANDA  (10 < kW ≤ 50) BAJA TENSION CON MEDICIÓN DE POTENCIA,Cargo de Comercialización:Cargo Fijo,US$/Usuario-mes,CLESA,0.785781,2022-07-15,2022-10-31,USD
127,El Salvador,https://www.siget.gob.sv/gerencias/electricidad/tarifas-de-electricidad/tarifas-de-electricidad-ano-2022/,II.   MEDIANA DEMANDA  (10 < kW ≤ 50) BAJA TENSION CON MEDICIÓN DE POTENCIA,Cargo de  Energía:Cargo Variable,US$/kWh,CLESA,0.159592,2022-07-15,2022-10-31,USD
128,El Salvador,https://www.siget.gob.sv/gerencias/electricidad/tarifas-de-electricidad/tarifas-de-electricidad-ano-2022/,II.   MEDIANA DEMANDA  (10 < kW ≤ 50) BAJA TENSION CON MEDICIÓN DE POTENCIA,Cargo de Distribución:Potencia,US$/kW-mes,CLESA,23.119906,2022-07-15,2022-10-31,USD
129,El Salvador,https://www.siget.gob.sv/gerencias/electricidad/tarifas-de-electricidad/tarifas-de-electricidad-ano-2022/,II.   MEDIANA DEMANDA  (10 < kW ≤ 50) BAJA TENSION CON MEDICIÓN DE POTENCIA,Cargo de Comercialización:Cargo Fijo,US$/Usuario-mes,EEO,0.913697,2022-07-15,2022-10-31,USD
130,El Salvador,https://www.siget.gob.sv/gerencias/electricidad/tarifas-de-electricidad/tarifas-de-electricidad-ano-2022/,II.   MEDIANA DEMANDA  (10 < kW ≤ 50) BAJA TENSION CON MEDICIÓN DE POTENCIA,Cargo de  Energía:Cargo Variable,US$/kWh,EEO,0.159838,2022-07-15,2022-10-31,USD
131,El Salvador,https://www.siget.gob.sv/gerencias/electricidad/tarifas-de-electricidad/tarifas-de-electricidad-ano-2022/,II.   MEDIANA DEMANDA  (10 < kW ≤ 50) BAJA TENSION CON MEDICIÓN DE POTENCIA,Cargo de Distribución:Potencia,US$/kW-mes,EEO,27.824279,2022-07-15,2022-10-31,USD
132,El Salvador,https://www.siget.gob.sv/gerencias/electricidad/tarifas-de-electricidad/tarifas-de-electricidad-ano-2022/,II.   MEDIANA DEMANDA  (10 < kW ≤ 50) BAJA TENSION CON MEDICIÓN DE POTENCIA,Cargo de Comercialización:Cargo Fijo,US$/Usuario-mes,DEUSEM,0.831726,2022-07-15,2022-10-31,USD
133,El Salvador,https://www.siget.gob.sv/gerencias/electricidad/tarifas-de-electricidad/tarifas-de-electricidad-ano-2022/,II.   MEDIANA DEMANDA  (10 < kW ≤ 50) BAJA TENSION CON MEDICIÓN DE POTENCIA,Cargo de  Energía:Cargo Variable,US$/kWh,DEUSEM,0.165588,2022-07-15,2022-10-31,USD
134,El Salvador,https://www.siget.gob.sv/gerencias/electricidad/tarifas-de-electricidad/tarifas-de-electricidad-ano-2022/,II.   MEDIANA DEMANDA  (10 < kW ≤ 50) BAJA TENSION CON MEDICIÓN DE POTENCIA,Cargo de Distribución:Potencia,US$/kW-mes,DEUSEM,29.336953,2022-07-15,2022-10-31,USD
135,El Salvador,https://www.siget.gob.sv/gerencias/electricidad/tarifas-de-electricidad/tarifas-de-electricidad-ano-2022/,II.   MEDIANA DEMANDA  (10 < kW ≤ 50) BAJA TENSION CON MEDICIÓN DE POTENCIA,Cargo de Comercialización:Cargo Fijo,US$/Usuario-mes,EDESAL,2.385494,2022-07-15,2022-10-31,USD
136,El Salvador,https://www.siget.gob.sv/gerencias/electricidad/tarifas-de-electricidad/tarifas-de-electricidad-ano-2022/,II.   MEDIANA DEMANDA  (10 < kW ≤ 50) BAJA TENSION CON MEDICIÓN DE POTENCIA,Cargo de  Energía:Cargo Variable,US$/kWh,EDESAL,0.156262,2022-07-15,2022-10-31,USD
137,El Salvador,https://www.siget.gob.sv/gerencias/electricidad/tarifas-de-electricidad/tarifas-de-electricidad-ano-2022/,II.   MEDIANA DEMANDA  (10 < kW ≤ 50) BAJA TENSION CON MEDICIÓN DE POTENCIA,Cargo de Distribución:Potencia,US$/kW-mes,EDESAL,31.175292,2022-07-15,2022-10-31,USD
138,El Salvador,https://www.siget.gob.sv/gerencias/electricidad/tarifas-de-electricidad/tarifas-de-electricidad-ano-2022/,II.   MEDIANA DEMANDA  (10 < kW ≤ 50) BAJA TENSION CON MEDICIÓN DE POTENCIA,Cargo de Comercialización:Cargo Fijo,US$/Usuario-mes,B&D,0.867936,2022-07-15,2022-10-31,USD
139,El Salvador,https://www.siget.gob.sv/gerencias/electricidad/tarifas-de-electricidad/tarifas-de-electricidad-ano-2022/,II.   MEDIANA DEMANDA  (10 < kW ≤ 50) BAJA TENSION CON MEDICIÓN DE POTENCIA,Cargo de  Energía:Cargo Variable,US$/kWh,B&D,0.144942,2022-07-15,2022-10-31,USD
140,El Salvador,https://www.siget.gob.sv/gerencias/electricidad/tarifas-de-electricidad/tarifas-de-electricidad-ano-2022/,II.   MEDIANA DEMANDA  (10 < kW ≤ 50) BAJA TENSION CON MEDICIÓN DE POTENCIA,Cargo de Distribución:Potencia,US$/kW-mes,B&D,17.458443,2022-07-15,2022-10-31,USD
141,El Salvador,https://www.siget.gob.sv/gerencias/electricidad/tarifas-de-electricidad/tarifas-de-electricidad-ano-2022/,II.   MEDIANA DEMANDA  (10 < kW ≤ 50) BAJA TENSION CON MEDICIÓN DE POTENCIA,Cargo de Comercialización:Cargo Fijo,US$/Usuario-mes,ABRUZZO,0.926466,2022-07-15,2022-10-31,USD
142,El Salvador,https://www.siget.gob.sv/gerencias/electricidad/tarifas-de-electricidad/tarifas-de-electricidad-ano-2022/,II.   MEDIANA DEMANDA  (10 < kW ≤ 50) BAJA TENSION CON MEDICIÓN DE POTENCIA,Cargo de  Energía:Cargo Variable,US$/kWh,ABRUZZO,0.163206,2022-07-15,2022-10-31,USD
143,El Salvador,https://www.siget.gob.sv/gerencias/electricidad/tarifas-de-electricidad/tarifas-de-electricidad-ano-2022/,II.   MEDIANA DEMANDA  (10 < kW ≤ 50) BAJA TENSION CON MEDICIÓN DE POTENCIA,Cargo de Distribución:Potencia,US$/kW-mes,ABRUZZO,20.381221,2022-07-15,2022-10-31,USD
144,El Salvador,https://www.siget.gob.sv/gerencias/electricidad/tarifas-de-electricidad/tarifas-de-electricidad-ano-2022/,II.   MEDIANA DEMANDA  (10 < kW ≤ 50) MEDIA TENSION CON MEDICIÓN DE POTENCIA,Cargo de Comercialización:Cargo Fijo,US$/Usuario-mes,CAESS,0.857491,2022-07-15,2022-10-31,USD
145,El Salvador,https://www.siget.gob.sv/gerencias/electricidad/tarifas-de-electricidad/tarifas-de-electricidad-ano-2022/,II.   MEDIANA DEMANDA  (10 < kW ≤ 50) MEDIA TENSION CON MEDICIÓN DE POTENCIA,Cargo de  Energía:Cargo Variable,US$/kWh,CAESS,0.149416,2022-07-15,2022-10-31,USD
146,El Salvador,https://www.siget.gob.sv/gerencias/electricidad/tarifas-de-electricidad/tarifas-de-electricidad-ano-2022/,II.   MEDIANA DEMANDA  (10 < kW ≤ 50) MEDIA TENSION CON MEDICIÓN DE POTENCIA,Cargo de Distribución:Potencia,US$/kW-mes,CAESS,7.089464,2022-07-15,2022-10-31,USD
147,El Salvador,https://www.siget.gob.sv/gerencias/electricidad/tarifas-de-electricidad/tarifas-de-electricidad-ano-2022/,II.   MEDIANA DEMANDA  (10 < kW ≤ 50) MEDIA TENSION CON MEDICIÓN DE POTENCIA,Cargo de Comercialización:Cargo Fijo,US$/Usuario-mes,DEL SUR,1.002297,2022-07-15,2022-10-31,USD
148,El Salvador,https://www.siget.gob.sv/gerencias/electricidad/tarifas-de-electricidad/tarifas-de-electricidad-ano-2022/,II.   MEDIANA DEMANDA  (10 < kW ≤ 50) MEDIA TENSION CON MEDICIÓN DE POTENCIA,Cargo de  Energía:Cargo Variable,US$/kWh,DEL SUR,0.147665,2022-07-15,2022-10-31,USD
149,El Salvador,https://www.siget.gob.sv/gerencias/electricidad/tarifas-de-electricidad/tarifas-de-electricidad-ano-2022/,II.   MEDIANA DEMANDA  (10 < kW ≤ 50) MEDIA TENSION CON MEDICIÓN DE POTENCIA,Cargo de Distribución:Potencia,US$/kW-mes,DEL SUR,7.008348,2022-07-15,2022-10-31,USD
150,El Salvador,https://www.siget.gob.sv/gerencias/electricidad/tarifas-de-electricidad/tarifas-de-electricidad-ano-2022/,II.   MEDIANA DEMANDA  (10 < kW ≤ 50) MEDIA TENSION CON MEDICIÓN DE POTENCIA,Cargo de Comercialización:Cargo Fijo,US$/Usuario-mes,CLESA,0.785781,2022-07-15,2022-10-31,USD
151,El Salvador,https://www.siget.gob.sv/gerencias/electricidad/tarifas-de-electricidad/tarifas-de-electricidad-ano-2022/,II.   MEDIANA DEMANDA  (10 < kW ≤ 50) MEDIA TENSION CON MEDICIÓN DE POTENCIA,Cargo de  Energía:Cargo Variable,US$/kWh,CLESA,0.147598,2022-07-15,2022-10-31,USD
152,El Salvador,https://www.siget.gob.sv/gerencias/electricidad/tarifas-de-electricidad/tarifas-de-electricidad-ano-2022/,II.   MEDIANA DEMANDA  (10 < kW ≤ 50) MEDIA TENSION CON MEDICIÓN DE POTENCIA,Cargo de Distribución:Potencia,US$/kW-mes,CLESA,13.097554,2022-07-15,2022-10-31,USD
153,El Salvador,https://www.siget.gob.sv/gerencias/electricidad/tarifas-de-electricidad/tarifas-de-electricidad-ano-2022/,II.   MEDIANA DEMANDA  (10 < kW ≤ 50) MEDIA TENSION CON MEDICIÓN DE POTENCIA,Cargo de Comercialización:Cargo Fijo,US$/Usuario-mes,EEO,0.913697,2022-07-15,2022-10-31,USD
154,El Salvador,https://www.siget.gob.sv/gerencias/electricidad/tarifas-de-electricidad/tarifas-de-electricidad-ano-2022/,II.   MEDIANA DEMANDA  (10 < kW ≤ 50) MEDIA TENSION CON MEDICIÓN DE POTENCIA,Cargo de  Energía:Cargo Variable,US$/kWh,EEO,0.144399,2022-07-15,2022-10-31,USD
155,El Salvador,https://www.siget.gob.sv/gerencias/electricidad/tarifas-de-electricidad/tarifas-de-electricidad-ano-2022/,II.   MEDIANA DEMANDA  (10 < kW ≤ 50) MEDIA TENSION CON MEDICIÓN DE POTENCIA,Cargo de Distribución:Potencia,US$/kW-mes,EEO,17.848802,2022-07-15,2022-10-31,USD
156,El Salvador,https://www.siget.gob.sv/gerencias/electricidad/tarifas-de-electricidad/tarifas-de-electricidad-ano-2022/,II.   MEDIANA DEMANDA  (10 < kW ≤ 50) MEDIA TENSION CON MEDICIÓN DE POTENCIA,Cargo de Comercialización:Cargo Fijo,US$/Usuario-mes,DEUSEM,0.831726,2022-07-15,2022-10-31,USD
157,El Salvador,https://www.siget.gob.sv/gerencias/electricidad/tarifas-de-electricidad/tarifas-de-electricidad-ano-2022/,II.   MEDIANA DEMANDA  (10 < kW ≤ 50) MEDIA TENSION CON MEDICIÓN DE POTENCIA,Cargo de  Energía:Cargo Variable,US$/kWh,DEUSEM,0.150514,2022-07-15,2022-10-31,USD
158,El Salvador,https://www.siget.gob.sv/gerencias/electricidad/tarifas-de-electricidad/tarifas-de-electricidad-ano-2022/,II.   MEDIANA DEMANDA  (10 < kW ≤ 50) MEDIA TENSION CON MEDICIÓN DE POTENCIA,Cargo de Distribución:Potencia,US$/kW-mes,DEUSEM,19.101749,2022-07-15,2022-10-31,USD
159,El Salvador,https://www.siget.gob.sv/gerencias/electricidad/tarifas-de-electricidad/tarifas-de-electricidad-ano-2022/,II.   MEDIANA DEMANDA  (10 < kW ≤ 50) MEDIA TENSION CON MEDICIÓN DE POTENCIA,Cargo de Comercialización:Cargo Fijo,US$/Usuario-mes,EDESAL,2.385494,2022-07-15,2022-10-31,USD
160,El Salvador,https://www.siget.gob.sv/gerencias/electricidad/tarifas-de-electricidad/tarifas-de-electricidad-ano-2022/,II.   MEDIANA DEMANDA  (10 < kW ≤ 50) MEDIA TENSION CON MEDICIÓN DE POTENCIA,Cargo de  Energía:Cargo Variable,US$/kWh,EDESAL,0.146555,2022-07-15,2022-10-31,USD
161,El Salvador,https://www.siget.gob.sv/gerencias/electricidad/tarifas-de-electricidad/tarifas-de-electricidad-ano-2022/,II.   MEDIANA DEMANDA  (10 < kW ≤ 50) MEDIA TENSION CON MEDICIÓN DE POTENCIA,Cargo de Distribución:Potencia,US$/kW-mes,EDESAL,9.695440,2022-07-15,2022-10-31,USD
162,El Salvador,https://www.siget.gob.sv/gerencias/electricidad/tarifas-de-electricidad/tarifas-de-electricidad-ano-2022/,II.   MEDIANA DEMANDA  (10 < kW ≤ 50) MEDIA TENSION CON MEDICIÓN DE POTENCIA,Cargo de Comercialización:Cargo Fijo,US$/Usuario-mes,B&D,0.867936,2022-07-15,2022-10-31,USD
163,El Salvador,https://www.siget.gob.sv/gerencias/electricidad/tarifas-de-electricidad/tarifas-de-electricidad-ano-2022/,II.   MEDIANA DEMANDA  (10 < kW ≤ 50) MEDIA TENSION CON MEDICIÓN DE POTENCIA,Cargo de  Energía:Cargo Variable,US$/kWh,B&D,0.137769,2022-07-15,2022-10-31,USD
164,El Salvador,https://www.siget.gob.sv/gerencias/electricidad/tarifas-de-electricidad/tarifas-de-electricidad-ano-2022/,II.   MEDIANA DEMANDA  (10 < kW ≤ 50) MEDIA TENSION CON MEDICIÓN DE POTENCIA,Cargo de Distribución:Potencia,US$/kW-mes,B&D,10.688800,2022-07-15,2022-10-31,USD
165,El Salvador,https://www.siget.gob.sv/gerencias/electricidad/tarifas-de-electricidad/tarifas-de-electricidad-ano-2022/,II.   MEDIANA DEMANDA  (10 < kW ≤ 50) MEDIA TENSION CON MEDICIÓN DE POTENCIA,Cargo de Comercialización:Cargo Fijo,US$/Usuario-mes,ABRUZZO,0.926466,2022-07-15,2022-10-31,USD
166,El Salvador,https://www.siget.gob.sv/gerencias/electricidad/tarifas-de-electricidad/tarifas-de-electricidad-ano-2022/,II.   MEDIANA DEMANDA  (10 < kW ≤ 50) MEDIA TENSION CON MEDICIÓN DE POTENCIA,Cargo de  Energía:Cargo Variable,US$/kWh,ABRUZZO,0.151798,2022-07-15,2022-10-31,USD
167,El Salvador,https://www.siget.gob.sv/gerencias/electricidad/tarifas-de-electricidad/tarifas-de-electricidad-ano-2022/,II.   MEDIANA DEMANDA  (10 < kW ≤ 50) MEDIA TENSION CON MEDICIÓN DE POTENCIA,Cargo de Distribución:Potencia,US$/kW-mes,ABRUZZO,5.251206,2022-07-15,2022-10-31,USD
168,El Salvador,https://www.siget.gob.sv/gerencias/electricidad/tarifas-de-electricidad/tarifas-de-electricidad-ano-2022/,II.   MEDIANA DEMANDA  (10 < kW ≤ 50) BAJA TENSION CON MEDIDOR HORARIO,Cargo de Comercialización:Atención al Cliente,US$/Usuario-mes,CAESS,0.857491,2022-07-15,2022-10-31,USD
169,El Salvador,https://www.siget.gob.sv/gerencias/electricidad/tarifas-de-electricidad/tarifas-de-electricidad-ano-2022/,II.   MEDIANA DEMANDA  (10 < kW ≤ 50) BAJA TENSION CON MEDIDOR HORARIO,Cargo de  Energía:Energía en Punta,US$/kWh,CAESS,0.167472,2022-07-15,2022-10-31,USD
170,El Salvador,https://www.siget.gob.sv/gerencias/electricidad/tarifas-de-electricidad/tarifas-de-electricidad-ano-2022/,II.   MEDIANA DEMANDA  (10 < kW ≤ 50) BAJA TENSION CON MEDIDOR HORARIO,Cargo de  Energía:Energía en Resto,US$/kWh,CAESS,0.155564,2022-07-15,2022-10-31,USD
171,El Salvador,https://www.siget.gob.sv/gerencias/electricidad/tarifas-de-electricidad/tarifas-de-electricidad-ano-2022/,II.   MEDIANA DEMANDA  (10 < kW ≤ 50) BAJA TENSION CON MEDIDOR HORARIO,Cargo de  Energía:Energía en Valle,US$/kWh,CAESS,0.179421,2022-07-15,2022-10-31,USD
172,El Salvador,https://www.siget.gob.sv/gerencias/electricidad/tarifas-de-electricidad/tarifas-de-electricidad-ano-2022/,II.   MEDIANA DEMANDA  (10 < kW ≤ 50) BAJA TENSION CON MEDIDOR HORARIO,Cargo de Distribución:Potencia:,US$/kW-mes,CAESS,14.519619,2022-07-15,2022-10-31,USD
173,El Salvador,https://www.siget.gob.sv/gerencias/electricidad/tarifas-de-electricidad/tarifas-de-electricidad-ano-2022/,II.   MEDIANA DEMANDA  (10 < kW ≤ 50) BAJA TENSION CON MEDIDOR HORARIO,Cargo de Comercialización:Atención al Cliente,US$/Usuario-mes,DEL SUR,1.002297,2022-07-15,2022-10-31,USD
174,El Salvador,https://www.siget.gob.sv/gerencias/electricidad/tarifas-de-electricidad/tarifas-de-electricidad-ano-2022/,II.   MEDIANA DEMANDA  (10 < kW ≤ 50) BAJA TENSION CON MEDIDOR HORARIO,Cargo de  Energía:Energía en Punta,US$/kWh,DEL SUR,0.172733,2022-07-15,2022-10-31,USD
175,El Salvador,https://www.siget.gob.sv/gerencias/electricidad/tarifas-de-electricidad/tarifas-de-electricidad-ano-2022/,II.   MEDIANA DEMANDA  (10 < kW ≤ 50) BAJA TENSION CON MEDIDOR HORARIO,Cargo de  Energía:Energía en Resto,US$/kWh,DEL SUR,0.152251,2022-07-15,2022-10-31,USD
176,El Salvador,https://www.siget.gob.sv/gerencias/electricidad/tarifas-de-electricidad/tarifas-de-electricidad-ano-2022/,II.   MEDIANA DEMANDA  (10 < kW ≤ 50) BAJA TENSION CON MEDIDOR HORARIO,Cargo de  Energía:Energía en Valle,US$/kWh,DEL SUR,0.184331,2022-07-15,2022-10-31,USD
177,El Salvador,https://www.siget.gob.sv/gerencias/electricidad/tarifas-de-electricidad/tarifas-de-electricidad-ano-2022/,II.   MEDIANA DEMANDA  (10 < kW ≤ 50) BAJA TENSION CON MEDIDOR HORARIO,Cargo de Distribución:Potencia:,US$/kW-mes,DEL SUR,22.333594,2022-07-15,2022-10-31,USD
178,El Salvador,https://www.siget.gob.sv/gerencias/electricidad/tarifas-de-electricidad/tarifas-de-electricidad-ano-2022/,II.   MEDIANA DEMANDA  (10 < kW ≤ 50) BAJA TENSION CON MEDIDOR HORARIO,Cargo de Comercialización:Atención al Cliente,US$/Usuario-mes,CLESA,0.785781,2022-07-15,2022-10-31,USD
179,El Salvador,https://www.siget.gob.sv/gerencias/electricidad/tarifas-de-electricidad/tarifas-de-electricidad-ano-2022/,II.   MEDIANA DEMANDA  (10 < kW ≤ 50) BAJA TENSION CON MEDIDOR HORARIO,Cargo de  Energía:Energía en Punta,US$/kWh,CLESA,0.182587,2022-07-15,2022-10-31,USD
180,El Salvador,https://www.siget.gob.sv/gerencias/electricidad/tarifas-de-electricidad/tarifas-de-electricidad-ano-2022/,II.   MEDIANA DEMANDA  (10 < kW ≤ 50) BAJA TENSION CON MEDIDOR HORARIO,Cargo de  Energía:Energía en Resto,US$/kWh,CLESA,0.148884,2022-07-15,2022-10-31,USD
181,El Salvador,https://www.siget.gob.sv/gerencias/electricidad/tarifas-de-electricidad/tarifas-de-electricidad-ano-2022/,II.   MEDIANA DEMANDA  (10 < kW ≤ 50) BAJA TENSION CON MEDIDOR HORARIO,Cargo de  Energía:Energía en Valle,US$/kWh,CLESA,0.189771,2022-07-15,2022-10-31,USD
182,El Salvador,https://www.siget.gob.sv/gerencias/electricidad/tarifas-de-electricidad/tarifas-de-electricidad-ano-2022/,II.   MEDIANA DEMANDA  (10 < kW ≤ 50) BAJA TENSION CON MEDIDOR HORARIO,Cargo de Distribución:Potencia:,US$/kW-mes,CLESA,23.119906,2022-07-15,2022-10-31,USD
183,El Salvador,https://www.siget.gob.sv/gerencias/electricidad/tarifas-de-electricidad/tarifas-de-electricidad-ano-2022/,II.   MEDIANA DEMANDA  (10 < kW ≤ 50) BAJA TENSION CON MEDIDOR HORARIO,Cargo de Comercialización:Atención al Cliente,US$/Usuario-mes,EEO,0.913697,2022-07-15,2022-10-31,USD
184,El Salvador,https://www.siget.gob.sv/gerencias/electricidad/tarifas-de-electricidad/tarifas-de-electricidad-ano-2022/,II.   MEDIANA DEMANDA  (10 < kW ≤ 50) BAJA TENSION CON MEDIDOR HORARIO,Cargo de  Energía:Energía en Punta,US$/kWh,EEO,0.180925,2022-07-15,2022-10-31,USD
185,El Salvador,https://www.siget.gob.sv/gerencias/electricidad/tarifas-de-electricidad/tarifas-de-electricidad-ano-2022/,II.   MEDIANA DEMANDA  (10 < kW ≤ 50) BAJA TENSION CON MEDIDOR HORARIO,Cargo de  Energía:Energía en Resto,US$/kWh,EEO,0.149708,2022-07-15,2022-10-31,USD
186,El Salvador,https://www.siget.gob.sv/gerencias/electricidad/tarifas-de-electricidad/tarifas-de-electricidad-ano-2022/,II.   MEDIANA DEMANDA  (10 < kW ≤ 50) BAJA TENSION CON MEDIDOR HORARIO,Cargo de  Energía:Energía en Valle,US$/kWh,EEO,0.193291,2022-07-15,2022-10-31,USD
187,El Salvador,https://www.siget.gob.sv/gerencias/electricidad/tarifas-de-electricidad/tarifas-de-electricidad-ano-2022/,II.   MEDIANA DEMANDA  (10 < kW ≤ 50) BAJA TENSION CON MEDIDOR HORARIO,Cargo de Distribución:Potencia:,US$/kW-mes,EEO,27.824279,2022-07-15,2022-10-31,USD
188,El Salvador,https://www.siget.gob.sv/gerencias/electricidad/tarifas-de-electricidad/tarifas-de-electricidad-ano-2022/,II.   MEDIANA DEMANDA  (10 < kW ≤ 50) BAJA TENSION CON MEDIDOR HORARIO,Cargo de Comercialización:Atención al Cliente,US$/Usuario-mes,DEUSEM,0.831726,2022-07-15,2022-10-31,USD
189,El Salvador,https://www.siget.gob.sv/gerencias/electricidad/tarifas-de-electricidad/tarifas-de-electricidad-ano-2022/,II.   MEDIANA DEMANDA  (10 < kW ≤ 50) BAJA TENSION CON MEDIDOR HORARIO,Cargo de  Energía:Energía en Punta,US$/kWh,DEUSEM,0.193289,2022-07-15,2022-10-31,USD
190,El Salvador,https://www.siget.gob.sv/gerencias/electricidad/tarifas-de-electricidad/tarifas-de-electricidad-ano-2022/,II.   MEDIANA DEMANDA  (10 < kW ≤ 50) BAJA TENSION CON MEDIDOR HORARIO,Cargo de  Energía:Energía en Resto,US$/kWh,DEUSEM,0.155924,2022-07-15,2022-10-31,USD
191,El Salvador,https://www.siget.gob.sv/gerencias/electricidad/tarifas-de-electricidad/tarifas-de-electricidad-ano-2022/,II.   MEDIANA DEMANDA  (10 < kW ≤ 50) BAJA TENSION CON MEDIDOR HORARIO,Cargo de  Energía:Energía en Valle,US$/kWh,DEUSEM,0.205609,2022-07-15,2022-10-31,USD
192,El Salvador,https://www.siget.gob.sv/gerencias/electricidad/tarifas-de-electricidad/tarifas-de-electricidad-ano-2022/,II.   MEDIANA DEMANDA  (10 < kW ≤ 50) BAJA TENSION CON MEDIDOR HORARIO,Cargo de Distribución:Potencia:,US$/kW-mes,DEUSEM,29.336953,2022-07-15,2022-10-31,USD
193,El Salvador,https://www.siget.gob.sv/gerencias/electricidad/tarifas-de-electricidad/tarifas-de-electricidad-ano-2022/,II.   MEDIANA DEMANDA  (10 < kW ≤ 50) BAJA TENSION CON MEDIDOR HORARIO,Cargo de Comercialización:Atención al Cliente,US$/Usuario-mes,EDESAL,2.385494,2022-07-15,2022-10-31,USD
194,El Salvador,https://www.siget.gob.sv/gerencias/electricidad/tarifas-de-electricidad/tarifas-de-electricidad-ano-2022/,II.   MEDIANA DEMANDA  (10 < kW ≤ 50) BAJA TENSION CON MEDIDOR HORARIO,Cargo de  Energía:Energía en Punta,US$/kWh,EDESAL,0.178404,2022-07-15,2022-10-31,USD
195,El Salvador,https://www.siget.gob.sv/gerencias/electricidad/tarifas-de-electricidad/tarifas-de-electricidad-ano-2022/,II.   MEDIANA DEMANDA  (10 < kW ≤ 50) BAJA TENSION CON MEDIDOR HORARIO,Cargo de  Energía:Energía en Resto,US$/kWh,EDESAL,0.146105,2022-07-15,2022-10-31,USD
196,El Salvador,https://www.siget.gob.sv/gerencias/electricidad/tarifas-de-electricidad/tarifas-de-electricidad-ano-2022/,II.   MEDIANA DEMANDA  (10 < kW ≤ 50) BAJA TENSION CON MEDIDOR HORARIO,Cargo de  Energía:Energía en Valle,US$/kWh,EDESAL,0.188200,2022-07-15,2022-10-31,USD
197,El Salvador,https://www.siget.gob.sv/gerencias/electricidad/tarifas-de-electricidad/tarifas-de-electricidad-ano-2022/,II.   MEDIANA DEMANDA  (10 < kW ≤ 50) BAJA TENSION CON MEDIDOR HORARIO,Cargo de Distribución:Potencia:,US$/kW-mes,EDESAL,31.175292,2022-07-15,2022-10-31,USD
198,El Salvador,https://www.siget.gob.sv/gerencias/electricidad/tarifas-de-electricidad/tarifas-de-electricidad-ano-2022/,II.   MEDIANA DEMANDA  (10 < kW ≤ 50) BAJA TENSION CON MEDIDOR HORARIO,Cargo de Comercialización:Atención al Cliente,US$/Usuario-mes,B&D,0.867936,2022-07-15,2022-10-31,USD
199,El Salvador,https://www.siget.gob.sv/gerencias/electricidad/tarifas-de-electricidad/tarifas-de-electricidad-ano-2022/,II.   MEDIANA DEMANDA  (10 < kW ≤ 50) BAJA TENSION CON MEDIDOR HORARIO,Cargo de  Energía:Energía en Punta,US$/kWh,B&D,0.141252,2022-07-15,2022-10-31,USD
200,El Salvador,https://www.siget.gob.sv/gerencias/electricidad/tarifas-de-electricidad/tarifas-de-electricidad-ano-2022/,II.   MEDIANA DEMANDA  (10 < kW ≤ 50) BAJA TENSION CON MEDIDOR HORARIO,Cargo de  Energía:Energía en Resto,US$/kWh,B&D,0.137237,2022-07-15,2022-10-31,USD
201,El Salvador,https://www.siget.gob.sv/gerencias/electricidad/tarifas-de-electricidad/tarifas-de-electricidad-ano-2022/,II.   MEDIANA DEMANDA  (10 < kW ≤ 50) BAJA TENSION CON MEDIDOR HORARIO,Cargo de  Energía:Energía en Valle,US$/kWh,B&D,0.174886,2022-07-15,2022-10-31,USD
202,El Salvador,https://www.siget.gob.sv/gerencias/electricidad/tarifas-de-electricidad/tarifas-de-electricidad-ano-2022/,II.   MEDIANA DEMANDA  (10 < kW ≤ 50) BAJA TENSION CON MEDIDOR HORARIO,Cargo de Distribución:Potencia:,US$/kW-mes,B&D,17.458443,2022-07-15,2022-10-31,USD
203,El Salvador,https://www.siget.gob.sv/gerencias/electricidad/tarifas-de-electricidad/tarifas-de-electricidad-ano-2022/,II.   MEDIANA DEMANDA  (10 < kW ≤ 50) BAJA TENSION CON MEDIDOR HORARIO,Cargo de Comercialización:Atención al Cliente,US$/Usuario-mes,ABRUZZO,0.926466,2022-07-15,2022-10-31,USD
204,El Salvador,https://www.siget.gob.sv/gerencias/electricidad/tarifas-de-electricidad/tarifas-de-electricidad-ano-2022/,II.   MEDIANA DEMANDA  (10 < kW ≤ 50) BAJA TENSION CON MEDIDOR HORARIO,Cargo de  Energía:Energía en Punta,US$/kWh,ABRUZZO,0.127719,2022-07-15,2022-10-31,USD
205,El Salvador,https://www.siget.gob.sv/gerencias/electricidad/tarifas-de-electricidad/tarifas-de-electricidad-ano-2022/,II.   MEDIANA DEMANDA  (10 < kW ≤ 50) BAJA TENSION CON MEDIDOR HORARIO,Cargo de  Energía:Energía en Resto,US$/kWh,ABRUZZO,0.175803,2022-07-15,2022-10-31,USD
206,El Salvador,https://www.siget.gob.sv/gerencias/electricidad/tarifas-de-electricidad/tarifas-de-electricidad-ano-2022/,II.   MEDIANA DEMANDA  (10 < kW ≤ 50) BAJA TENSION CON MEDIDOR HORARIO,Cargo de  Energía:Energía en Valle,US$/kWh,ABRUZZO,0.085048,2022-07-15,2022-10-31,USD
207,El Salvador,https://www.siget.gob.sv/gerencias/electricidad/tarifas-de-electricidad/tarifas-de-electricidad-ano-2022/,II.   MEDIANA DEMANDA  (10 < kW ≤ 50) BAJA TENSION CON MEDIDOR HORARIO,Cargo de Distribución:Potencia:,US$/kW-mes,ABRUZZO,20.381221,2022-07-15,2022-10-31,USD
208,El Salvador,https://www.siget.gob.sv/gerencias/electricidad/tarifas-de-electricidad/tarifas-de-electricidad-ano-2022/,II.   MEDIANA DEMANDA  (10 < kW ≤ 50) MEDIA TENSION CON MEDIDOR HORARIO,Cargo de Comercialización:Cargo Fijo,US$/Usuario-mes,CAESS,0.857491,2022-07-15,2022-10-31,USD
209,El Salvador,https://www.siget.gob.sv/gerencias/electricidad/tarifas-de-electricidad/tarifas-de-electricidad-ano-2022/,II.   MEDIANA DEMANDA  (10 < kW ≤ 50) MEDIA TENSION CON MEDIDOR HORARIO,Cargo de  Energía:Energía en Punta,US$/kWh,CAESS,0.155146,2022-07-15,2022-10-31,USD
210,El Salvador,https://www.siget.gob.sv/gerencias/electricidad/tarifas-de-electricidad/tarifas-de-electricidad-ano-2022/,II.   MEDIANA DEMANDA  (10 < kW ≤ 50) MEDIA TENSION CON MEDIDOR HORARIO,Cargo de  Energía:Energía en Resto,US$/kWh,CAESS,0.144115,2022-07-15,2022-10-31,USD
211,El Salvador,https://www.siget.gob.sv/gerencias/electricidad/tarifas-de-electricidad/tarifas-de-electricidad-ano-2022/,II.   MEDIANA DEMANDA  (10 < kW ≤ 50) MEDIA TENSION CON MEDIDOR HORARIO,Cargo de  Energía:Energía en Valle,US$/kWh,CAESS,0.166216,2022-07-15,2022-10-31,USD
212,El Salvador,https://www.siget.gob.sv/gerencias/electricidad/tarifas-de-electricidad/tarifas-de-electricidad-ano-2022/,II.   MEDIANA DEMANDA  (10 < kW ≤ 50) MEDIA TENSION CON MEDIDOR HORARIO,Cargo de Distribución:Potencia:,US$/kW-mes,CAESS,7.089464,2022-07-15,2022-10-31,USD
213,El Salvador,https://www.siget.gob.sv/gerencias/electricidad/tarifas-de-electricidad/tarifas-de-electricidad-ano-2022/,II.   MEDIANA DEMANDA  (10 < kW ≤ 50) MEDIA TENSION CON MEDIDOR HORARIO,Cargo de Comercialización:Cargo Fijo,US$/Usuario-mes,DEL SUR,1.002297,2022-07-15,2022-10-31,USD
214,El Salvador,https://www.siget.gob.sv/gerencias/electricidad/tarifas-de-electricidad/tarifas-de-electricidad-ano-2022/,II.   MEDIANA DEMANDA  (10 < kW ≤ 50) MEDIA TENSION CON MEDIDOR HORARIO,Cargo de  Energía:Energía en Punta,US$/kWh,DEL SUR,0.158120,2022-07-15,2022-10-31,USD
215,El Salvador,https://www.siget.gob.sv/gerencias/electricidad/tarifas-de-electricidad/tarifas-de-electricidad-ano-2022/,II.   MEDIANA DEMANDA  (10 < kW ≤ 50) MEDIA TENSION CON MEDIDOR HORARIO,Cargo de  Energía:Energía en Resto,US$/kWh,DEL SUR,0.139370,2022-07-15,2022-10-31,USD
216,El Salvador,https://www.siget.gob.sv/gerencias/electricidad/tarifas-de-electricidad/tarifas-de-electricidad-ano-2022/,II.   MEDIANA DEMANDA  (10 < kW ≤ 50) MEDIA TENSION CON MEDIDOR HORARIO,Cargo de  Energía:Energía en Valle,US$/kWh,DEL SUR,0.168736,2022-07-15,2022-10-31,USD
217,El Salvador,https://www.siget.gob.sv/gerencias/electricidad/tarifas-de-electricidad/tarifas-de-electricidad-ano-2022/,II.   MEDIANA DEMANDA  (10 < kW ≤ 50) MEDIA TENSION CON MEDIDOR HORARIO,Cargo de Distribución:Potencia:,US$/kW-mes,DEL SUR,7.008348,2022-07-15,2022-10-31,USD
218,El Salvador,https://www.siget.gob.sv/gerencias/electricidad/tarifas-de-electricidad/tarifas-de-electricidad-ano-2022/,II.   MEDIANA DEMANDA  (10 < kW ≤ 50) MEDIA TENSION CON MEDIDOR HORARIO,Cargo de Comercialización:Cargo Fijo,US$/Usuario-mes,CLESA,0.785781,2022-07-15,2022-10-31,USD
219,El Salvador,https://www.siget.gob.sv/gerencias/electricidad/tarifas-de-electricidad/tarifas-de-electricidad-ano-2022/,II.   MEDIANA DEMANDA  (10 < kW ≤ 50) MEDIA TENSION CON MEDIDOR HORARIO,Cargo de  Energía:Energía en Punta,US$/kWh,CLESA,0.166521,2022-07-15,2022-10-31,USD
220,El Salvador,https://www.siget.gob.sv/gerencias/electricidad/tarifas-de-electricidad/tarifas-de-electricidad-ano-2022/,II.   MEDIANA DEMANDA  (10 < kW ≤ 50) MEDIA TENSION CON MEDIDOR HORARIO,Cargo de  Energía:Energía en Resto,US$/kWh,CLESA,0.135784,2022-07-15,2022-10-31,USD
221,El Salvador,https://www.siget.gob.sv/gerencias/electricidad/tarifas-de-electricidad/tarifas-de-electricidad-ano-2022/,II.   MEDIANA DEMANDA  (10 < kW ≤ 50) MEDIA TENSION CON MEDIDOR HORARIO,Cargo de  Energía:Energía en Valle,US$/kWh,CLESA,0.173073,2022-07-15,2022-10-31,USD
222,El Salvador,https://www.siget.gob.sv/gerencias/electricidad/tarifas-de-electricidad/tarifas-de-electricidad-ano-2022/,II.   MEDIANA DEMANDA  (10 < kW ≤ 50) MEDIA TENSION CON MEDIDOR HORARIO,Cargo de Distribución:Potencia:,US$/kW-mes,CLESA,13.097554,2022-07-15,2022-10-31,USD
223,El Salvador,https://www.siget.gob.sv/gerencias/electricidad/tarifas-de-electricidad/tarifas-de-electricidad-ano-2022/,II.   MEDIANA DEMANDA  (10 < kW ≤ 50) MEDIA TENSION CON MEDIDOR HORARIO,Cargo de Comercialización:Cargo Fijo,US$/Usuario-mes,EEO,0.913697,2022-07-15,2022-10-31,USD
224,El Salvador,https://www.siget.gob.sv/gerencias/electricidad/tarifas-de-electricidad/tarifas-de-electricidad-ano-2022/,II.   MEDIANA DEMANDA  (10 < kW ≤ 50) MEDIA TENSION CON MEDIDOR HORARIO,Cargo de  Energía:Energía en Punta,US$/kWh,EEO,0.161330,2022-07-15,2022-10-31,USD
225,El Salvador,https://www.siget.gob.sv/gerencias/electricidad/tarifas-de-electricidad/tarifas-de-electricidad-ano-2022/,II.   MEDIANA DEMANDA  (10 < kW ≤ 50) MEDIA TENSION CON MEDIDOR HORARIO,Cargo de  Energía:Energía en Resto,US$/kWh,EEO,0.133494,2022-07-15,2022-10-31,USD
226,El Salvador,https://www.siget.gob.sv/gerencias/electricidad/tarifas-de-electricidad/tarifas-de-electricidad-ano-2022/,II.   MEDIANA DEMANDA  (10 < kW ≤ 50) MEDIA TENSION CON MEDIDOR HORARIO,Cargo de  Energía:Energía en Valle,US$/kWh,EEO,0.172357,2022-07-15,2022-10-31,USD
227,El Salvador,https://www.siget.gob.sv/gerencias/electricidad/tarifas-de-electricidad/tarifas-de-electricidad-ano-2022/,II.   MEDIANA DEMANDA  (10 < kW ≤ 50) MEDIA TENSION CON MEDIDOR HORARIO,Cargo de Distribución:Potencia:,US$/kW-mes,EEO,17.848802,2022-07-15,2022-10-31,USD
228,El Salvador,https://www.siget.gob.sv/gerencias/electricidad/tarifas-de-electricidad/tarifas-de-electricidad-ano-2022/,II.   MEDIANA DEMANDA  (10 < kW ≤ 50) MEDIA TENSION CON MEDIDOR HORARIO,Cargo de Comercialización:Cargo Fijo,US$/Usuario-mes,DEUSEM,0.831726,2022-07-15,2022-10-31,USD
229,El Salvador,https://www.siget.gob.sv/gerencias/electricidad/tarifas-de-electricidad/tarifas-de-electricidad-ano-2022/,II.   MEDIANA DEMANDA  (10 < kW ≤ 50) MEDIA TENSION CON MEDIDOR HORARIO,Cargo de  Energía:Energía en Punta,US$/kWh,DEUSEM,0.171322,2022-07-15,2022-10-31,USD
230,El Salvador,https://www.siget.gob.sv/gerencias/electricidad/tarifas-de-electricidad/tarifas-de-electricidad-ano-2022/,II.   MEDIANA DEMANDA  (10 < kW ≤ 50) MEDIA TENSION CON MEDIDOR HORARIO,Cargo de  Energía:Energía en Resto,US$/kWh,DEUSEM,0.138204,2022-07-15,2022-10-31,USD
231,El Salvador,https://www.siget.gob.sv/gerencias/electricidad/tarifas-de-electricidad/tarifas-de-electricidad-ano-2022/,II.   MEDIANA DEMANDA  (10 < kW ≤ 50) MEDIA TENSION CON MEDIDOR HORARIO,Cargo de  Energía:Energía en Valle,US$/kWh,DEUSEM,0.182242,2022-07-15,2022-10-31,USD
232,El Salvador,https://www.siget.gob.sv/gerencias/electricidad/tarifas-de-electricidad/tarifas-de-electricidad-ano-2022/,II.   MEDIANA DEMANDA  (10 < kW ≤ 50) MEDIA TENSION CON MEDIDOR HORARIO,Cargo de Distribución:Potencia:,US$/kW-mes,DEUSEM,19.101749,2022-07-15,2022-10-31,USD
233,El Salvador,https://www.siget.gob.sv/gerencias/electricidad/tarifas-de-electricidad/tarifas-de-electricidad-ano-2022/,II.   MEDIANA DEMANDA  (10 < kW ≤ 50) MEDIA TENSION CON MEDIDOR HORARIO,Cargo de Comercialización:Cargo Fijo,US$/Usuario-mes,EDESAL,2.385494,2022-07-15,2022-10-31,USD
234,El Salvador,https://www.siget.gob.sv/gerencias/electricidad/tarifas-de-electricidad/tarifas-de-electricidad-ano-2022/,II.   MEDIANA DEMANDA  (10 < kW ≤ 50) MEDIA TENSION CON MEDIDOR HORARIO,Cargo de  Energía:Energía en Punta,US$/kWh,EDESAL,0.166698,2022-07-15,2022-10-31,USD
235,El Salvador,https://www.siget.gob.sv/gerencias/electricidad/tarifas-de-electricidad/tarifas-de-electricidad-ano-2022/,II.   MEDIANA DEMANDA  (10 < kW ≤ 50) MEDIA TENSION CON MEDIDOR HORARIO,Cargo de  Energía:Energía en Resto,US$/kWh,EDESAL,0.136519,2022-07-15,2022-10-31,USD
236,El Salvador,https://www.siget.gob.sv/gerencias/electricidad/tarifas-de-electricidad/tarifas-de-electricidad-ano-2022/,II.   MEDIANA DEMANDA  (10 < kW ≤ 50) MEDIA TENSION CON MEDIDOR HORARIO,Cargo de  Energía:Energía en Valle,US$/kWh,EDESAL,0.175851,2022-07-15,2022-10-31,USD
237,El Salvador,https://www.siget.gob.sv/gerencias/electricidad/tarifas-de-electricidad/tarifas-de-electricidad-ano-2022/,II.   MEDIANA DEMANDA  (10 < kW ≤ 50) MEDIA TENSION CON MEDIDOR HORARIO,Cargo de Distribución:Potencia:,US$/kW-mes,EDESAL,9.695440,2022-07-15,2022-10-31,USD
238,El Salvador,https://www.siget.gob.sv/gerencias/electricidad/tarifas-de-electricidad/tarifas-de-electricidad-ano-2022/,II.   MEDIANA DEMANDA  (10 < kW ≤ 50) MEDIA TENSION CON MEDIDOR HORARIO,Cargo de Comercialización:Cargo Fijo,US$/Usuario-mes,B&D,0.867936,2022-07-15,2022-10-31,USD
239,El Salvador,https://www.siget.gob.sv/gerencias/electricidad/tarifas-de-electricidad/tarifas-de-electricidad-ano-2022/,II.   MEDIANA DEMANDA  (10 < kW ≤ 50) MEDIA TENSION CON MEDIDOR HORARIO,Cargo de  Energía:Energía en Punta,US$/kWh,B&D,0.134261,2022-07-15,2022-10-31,USD
240,El Salvador,https://www.siget.gob.sv/gerencias/electricidad/tarifas-de-electricidad/tarifas-de-electricidad-ano-2022/,II.   MEDIANA DEMANDA  (10 < kW ≤ 50) MEDIA TENSION CON MEDIDOR HORARIO,Cargo de  Energía:Energía en Resto,US$/kWh,B&D,0.130445,2022-07-15,2022-10-31,USD
241,El Salvador,https://www.siget.gob.sv/gerencias/electricidad/tarifas-de-electricidad/tarifas-de-electricidad-ano-2022/,II.   MEDIANA DEMANDA  (10 < kW ≤ 50) MEDIA TENSION CON MEDIDOR HORARIO,Cargo de  Energía:Energía en Valle,US$/kWh,B&D,0.166230,2022-07-15,2022-10-31,USD
242,El Salvador,https://www.siget.gob.sv/gerencias/electricidad/tarifas-de-electricidad/tarifas-de-electricidad-ano-2022/,II.   MEDIANA DEMANDA  (10 < kW ≤ 50) MEDIA TENSION CON MEDIDOR HORARIO,Cargo de Distribución:Potencia:,US$/kW-mes,B&D,10.688800,2022-07-15,2022-10-31,USD
243,El Salvador,https://www.siget.gob.sv/gerencias/electricidad/tarifas-de-electricidad/tarifas-de-electricidad-ano-2022/,II.   MEDIANA DEMANDA  (10 < kW ≤ 50) MEDIA TENSION CON MEDIDOR HORARIO,Cargo de Comercialización:Cargo Fijo,US$/Usuario-mes,ABRUZZO,0.926466,2022-07-15,2022-10-31,USD
244,El Salvador,https://www.siget.gob.sv/gerencias/electricidad/tarifas-de-electricidad/tarifas-de-electricidad-ano-2022/,II.   MEDIANA DEMANDA  (10 < kW ≤ 50) MEDIA TENSION CON MEDIDOR HORARIO,Cargo de  Energía:Energía en Punta,US$/kWh,ABRUZZO,0.112875,2022-07-15,2022-10-31,USD
245,El Salvador,https://www.siget.gob.sv/gerencias/electricidad/tarifas-de-electricidad/tarifas-de-electricidad-ano-2022/,II.   MEDIANA DEMANDA  (10 < kW ≤ 50) MEDIA TENSION CON MEDIDOR HORARIO,Cargo de  Energía:Energía en Resto,US$/kWh,ABRUZZO,0.155370,2022-07-15,2022-10-31,USD
246,El Salvador,https://www.siget.gob.sv/gerencias/electricidad/tarifas-de-electricidad/tarifas-de-electricidad-ano-2022/,II.   MEDIANA DEMANDA  (10 < kW ≤ 50) MEDIA TENSION CON MEDIDOR HORARIO,Cargo de  Energía:Energía en Valle,US$/kWh,ABRUZZO,0.075163,2022-07-15,2022-10-31,USD
247,El Salvador,https://www.siget.gob.sv/gerencias/electricidad/tarifas-de-electricidad/tarifas-de-electricidad-ano-2022/,II.   MEDIANA DEMANDA  (10 < kW ≤ 50) MEDIA TENSION CON MEDIDOR HORARIO,Cargo de Distribución:Potencia:,US$/kW-mes,ABRUZZO,5.251206,2022-07-15,2022-10-31,USD
248,El Salvador,https://www.siget.gob.sv/gerencias/electricidad/tarifas-de-electricidad/tarifas-de-electricidad-ano-2022/,III.   GRANDES DEMANDAS  ( >50 kW ) BAJA TENSION CON MEDIDOR HORARIO,Cargo de Comercialización:Atención al Cliente,US$/Usuario-mes,CAESS,12.862377,2022-07-15,2022-10-31,USD
249,El Salvador,https://www.siget.gob.sv/gerencias/electricidad/tarifas-de-electricidad/tarifas-de-electricidad-ano-2022/,III.   GRANDES DEMANDAS  ( >50 kW ) BAJA TENSION CON MEDIDOR HORARIO,Cargo de  Energía:Energía en Punta,US$/kWh,CAESS,0.167472,2022-07-15,2022-10-31,USD
250,El Salvador,https://www.siget.gob.sv/gerencias/electricidad/tarifas-de-electricidad/tarifas-de-electricidad-ano-2022/,III.   GRANDES DEMANDAS  ( >50 kW ) BAJA TENSION CON MEDIDOR HORARIO,Cargo de  Energía:Energía en Resto,US$/kWh,CAESS,0.155564,2022-07-15,2022-10-31,USD
251,El Salvador,https://www.siget.gob.sv/gerencias/electricidad/tarifas-de-electricidad/tarifas-de-electricidad-ano-2022/,III.   GRANDES DEMANDAS  ( >50 kW ) BAJA TENSION CON MEDIDOR HORARIO,Cargo de  Energía:Energía en Valle,US$/kWh,CAESS,0.179421,2022-07-15,2022-10-31,USD
252,El Salvador,https://www.siget.gob.sv/gerencias/electricidad/tarifas-de-electricidad/tarifas-de-electricidad-ano-2022/,III.   GRANDES DEMANDAS  ( >50 kW ) BAJA TENSION CON MEDIDOR HORARIO,Cargo de Distribución:Potencia:,US$/kW-mes,CAESS,14.519619,2022-07-15,2022-10-31,USD
253,El Salvador,https://www.siget.gob.sv/gerencias/electricidad/tarifas-de-electricidad/tarifas-de-electricidad-ano-2022/,III.   GRANDES DEMANDAS  ( >50 kW ) BAJA TENSION CON MEDIDOR HORARIO,Cargo de Comercialización:Atención al Cliente,US$/Usuario-mes,DEL SUR,15.034473,2022-07-15,2022-10-31,USD
254,El Salvador,https://www.siget.gob.sv/gerencias/electricidad/tarifas-de-electricidad/tarifas-de-electricidad-ano-2022/,III.   GRANDES DEMANDAS  ( >50 kW ) BAJA TENSION CON MEDIDOR HORARIO,Cargo de  Energía:Energía en Punta,US$/kWh,DEL SUR,0.172733,2022-07-15,2022-10-31,USD
255,El Salvador,https://www.siget.gob.sv/gerencias/electricidad/tarifas-de-electricidad/tarifas-de-electricidad-ano-2022/,III.   GRANDES DEMANDAS  ( >50 kW ) BAJA TENSION CON MEDIDOR HORARIO,Cargo de  Energía:Energía en Resto,US$/kWh,DEL SUR,0.152251,2022-07-15,2022-10-31,USD
256,El Salvador,https://www.siget.gob.sv/gerencias/electricidad/tarifas-de-electricidad/tarifas-de-electricidad-ano-2022/,III.   GRANDES DEMANDAS  ( >50 kW ) BAJA TENSION CON MEDIDOR HORARIO,Cargo de  Energía:Energía en Valle,US$/kWh,DEL SUR,0.184331,2022-07-15,2022-10-31,USD
257,El Salvador,https://www.siget.gob.sv/gerencias/electricidad/tarifas-de-electricidad/tarifas-de-electricidad-ano-2022/,III.   GRANDES DEMANDAS  ( >50 kW ) BAJA TENSION CON MEDIDOR HORARIO,Cargo de Distribución:Potencia:,US$/kW-mes,DEL SUR,22.333594,2022-07-15,2022-10-31,USD
258,El Salvador,https://www.siget.gob.sv/gerencias/electricidad/tarifas-de-electricidad/tarifas-de-electricidad-ano-2022/,III.   GRANDES DEMANDAS  ( >50 kW ) BAJA TENSION CON MEDIDOR HORARIO,Cargo de Comercialización:Atención al Cliente,US$/Usuario-mes,CLESA,11.786708,2022-07-15,2022-10-31,USD
259,El Salvador,https://www.siget.gob.sv/gerencias/electricidad/tarifas-de-electricidad/tarifas-de-electricidad-ano-2022/,III.   GRANDES DEMANDAS  ( >50 kW ) BAJA TENSION CON MEDIDOR HORARIO,Cargo de  Energía:Energía en Punta,US$/kWh,CLESA,0.182587,2022-07-15,2022-10-31,USD
260,El Salvador,https://www.siget.gob.sv/gerencias/electricidad/tarifas-de-electricidad/tarifas-de-electricidad-ano-2022/,III.   GRANDES DEMANDAS  ( >50 kW ) BAJA TENSION CON MEDIDOR HORARIO,Cargo de  Energía:Energía en Resto,US$/kWh,CLESA,0.148884,2022-07-15,2022-10-31,USD
261,El Salvador,https://www.siget.gob.sv/gerencias/electricidad/tarifas-de-electricidad/tarifas-de-electricidad-ano-2022/,III.   GRANDES DEMANDAS  ( >50 kW ) BAJA TENSION CON MEDIDOR HORARIO,Cargo de  Energía:Energía en Valle,US$/kWh,CLESA,0.189771,2022-07-15,2022-10-31,USD
262,El Salvador,https://www.siget.gob.sv/gerencias/electricidad/tarifas-de-electricidad/tarifas-de-electricidad-ano-2022/,III.   GRANDES DEMANDAS  ( >50 kW ) BAJA TENSION CON MEDIDOR HORARIO,Cargo de Distribución:Potencia:,US$/kW-mes,CLESA,23.119906,2022-07-15,2022-10-31,USD
263,El Salvador,https://www.siget.gob.sv/gerencias/electricidad/tarifas-de-electricidad/tarifas-de-electricidad-ano-2022/,III.   GRANDES DEMANDAS  ( >50 kW ) BAJA TENSION CON MEDIDOR HORARIO,Cargo de Comercialización:Atención al Cliente,US$/Usuario-mes,EEO,13.705455,2022-07-15,2022-10-31,USD
264,El Salvador,https://www.siget.gob.sv/gerencias/electricidad/tarifas-de-electricidad/tarifas-de-electricidad-ano-2022/,III.   GRANDES DEMANDAS  ( >50 kW ) BAJA TENSION CON MEDIDOR HORARIO,Cargo de  Energía:Energía en Punta,US$/kWh,EEO,0.180925,2022-07-15,2022-10-31,USD
265,El Salvador,https://www.siget.gob.sv/gerencias/electricidad/tarifas-de-electricidad/tarifas-de-electricidad-ano-2022/,III.   GRANDES DEMANDAS  ( >50 kW ) BAJA TENSION CON MEDIDOR HORARIO,Cargo de  Energía:Energía en Resto,US$/kWh,EEO,0.149708,2022-07-15,2022-10-31,USD
266,El Salvador,https://www.siget.gob.sv/gerencias/electricidad/tarifas-de-electricidad/tarifas-de-electricidad-ano-2022/,III.   GRANDES DEMANDAS  ( >50 kW ) BAJA TENSION CON MEDIDOR HORARIO,Cargo de  Energía:Energía en Valle,US$/kWh,EEO,0.193291,2022-07-15,2022-10-31,USD
267,El Salvador,https://www.siget.gob.sv/gerencias/electricidad/tarifas-de-electricidad/tarifas-de-electricidad-ano-2022/,III.   GRANDES DEMANDAS  ( >50 kW ) BAJA TENSION CON MEDIDOR HORARIO,Cargo de Distribución:Potencia:,US$/kW-mes,EEO,27.824279,2022-07-15,2022-10-31,USD
268,El Salvador,https://www.siget.gob.sv/gerencias/electricidad/tarifas-de-electricidad/tarifas-de-electricidad-ano-2022/,III.   GRANDES DEMANDAS  ( >50 kW ) BAJA TENSION CON MEDIDOR HORARIO,Cargo de Comercialización:Atención al Cliente,US$/Usuario-mes,DEUSEM,12.475882,2022-07-15,2022-10-31,USD
269,El Salvador,https://www.siget.gob.sv/gerencias/electricidad/tarifas-de-electricidad/tarifas-de-electricidad-ano-2022/,III.   GRANDES DEMANDAS  ( >50 kW ) BAJA TENSION CON MEDIDOR HORARIO,Cargo de  Energía:Energía en Punta,US$/kWh,DEUSEM,0.193289,2022-07-15,2022-10-31,USD
270,El Salvador,https://www.siget.gob.sv/gerencias/electricidad/tarifas-de-electricidad/tarifas-de-electricidad-ano-2022/,III.   GRANDES DEMANDAS  ( >50 kW ) BAJA TENSION CON MEDIDOR HORARIO,Cargo de  Energía:Energía en Resto,US$/kWh,DEUSEM,0.155924,2022-07-15,2022-10-31,USD
271,El Salvador,https://www.siget.gob.sv/gerencias/electricidad/tarifas-de-electricidad/tarifas-de-electricidad-ano-2022/,III.   GRANDES DEMANDAS  ( >50 kW ) BAJA TENSION CON MEDIDOR HORARIO,Cargo de  Energía:Energía en Valle,US$/kWh,DEUSEM,0.205609,2022-07-15,2022-10-31,USD
272,El Salvador,https://www.siget.gob.sv/gerencias/electricidad/tarifas-de-electricidad/tarifas-de-electricidad-ano-2022/,III.   GRANDES DEMANDAS  ( >50 kW ) BAJA TENSION CON MEDIDOR HORARIO,Cargo de Distribución:Potencia:,US$/kW-mes,DEUSEM,29.336953,2022-07-15,2022-10-31,USD
273,El Salvador,https://www.siget.gob.sv/gerencias/electricidad/tarifas-de-electricidad/tarifas-de-electricidad-ano-2022/,III.   GRANDES DEMANDAS  ( >50 kW ) BAJA TENSION CON MEDIDOR HORARIO,Cargo de Comercialización:Atención al Cliente,US$/Usuario-mes,EDESAL,19.641153,2022-07-15,2022-10-31,USD
274,El Salvador,https://www.siget.gob.sv/gerencias/electricidad/tarifas-de-electricidad/tarifas-de-electricidad-ano-2022/,III.   GRANDES DEMANDAS  ( >50 kW ) BAJA TENSION CON MEDIDOR HORARIO,Cargo de  Energía:Energía en Punta,US$/kWh,EDESAL,0.178404,2022-07-15,2022-10-31,USD
275,El Salvador,https://www.siget.gob.sv/gerencias/electricidad/tarifas-de-electricidad/tarifas-de-electricidad-ano-2022/,III.   GRANDES DEMANDAS  ( >50 kW ) BAJA TENSION CON MEDIDOR HORARIO,Cargo de  Energía:Energía en Resto,US$/kWh,EDESAL,0.146105,2022-07-15,2022-10-31,USD
276,El Salvador,https://www.siget.gob.sv/gerencias/electricidad/tarifas-de-electricidad/tarifas-de-electricidad-ano-2022/,III.   GRANDES DEMANDAS  ( >50 kW ) BAJA TENSION CON MEDIDOR HORARIO,Cargo de  Energía:Energía en Valle,US$/kWh,EDESAL,0.188200,2022-07-15,2022-10-31,USD
277,El Salvador,https://www.siget.gob.sv/gerencias/electricidad/tarifas-de-electricidad/tarifas-de-electricidad-ano-2022/,III.   GRANDES DEMANDAS  ( >50 kW ) BAJA TENSION CON MEDIDOR HORARIO,Cargo de Distribución:Potencia:,US$/kW-mes,EDESAL,31.175292,2022-07-15,2022-10-31,USD
278,El Salvador,https://www.siget.gob.sv/gerencias/electricidad/tarifas-de-electricidad/tarifas-de-electricidad-ano-2022/,III.   GRANDES DEMANDAS  ( >50 kW ) BAJA TENSION CON MEDIDOR HORARIO,Cargo de Comercialización:Atención al Cliente,US$/Usuario-mes,B&D,17.214672,2022-07-15,2022-10-31,USD
279,El Salvador,https://www.siget.gob.sv/gerencias/electricidad/tarifas-de-electricidad/tarifas-de-electricidad-ano-2022/,III.   GRANDES DEMANDAS  ( >50 kW ) BAJA TENSION CON MEDIDOR HORARIO,Cargo de  Energía:Energía en Punta,US$/kWh,B&D,0.141252,2022-07-15,2022-10-31,USD
280,El Salvador,https://www.siget.gob.sv/gerencias/electricidad/tarifas-de-electricidad/tarifas-de-electricidad-ano-2022/,III.   GRANDES DEMANDAS  ( >50 kW ) BAJA TENSION CON MEDIDOR HORARIO,Cargo de  Energía:Energía en Resto,US$/kWh,B&D,0.137237,2022-07-15,2022-10-31,USD
281,El Salvador,https://www.siget.gob.sv/gerencias/electricidad/tarifas-de-electricidad/tarifas-de-electricidad-ano-2022/,III.   GRANDES DEMANDAS  ( >50 kW ) BAJA TENSION CON MEDIDOR HORARIO,Cargo de  Energía:Energía en Valle,US$/kWh,B&D,0.174886,2022-07-15,2022-10-31,USD
282,El Salvador,https://www.siget.gob.sv/gerencias/electricidad/tarifas-de-electricidad/tarifas-de-electricidad-ano-2022/,III.   GRANDES DEMANDAS  ( >50 kW ) BAJA TENSION CON MEDIDOR HORARIO,Cargo de Distribución:Potencia:,US$/kW-mes,B&D,17.458443,2022-07-15,2022-10-31,USD
283,El Salvador,https://www.siget.gob.sv/gerencias/electricidad/tarifas-de-electricidad/tarifas-de-electricidad-ano-2022/,III.   GRANDES DEMANDAS  ( >50 kW ) BAJA TENSION CON MEDIDOR HORARIO,Cargo de Comercialización:Atención al Cliente,US$/Usuario-mes,ABRUZZO,7.118801,2022-07-15,2022-10-31,USD
284,El Salvador,https://www.siget.gob.sv/gerencias/electricidad/tarifas-de-electricidad/tarifas-de-electricidad-ano-2022/,III.   GRANDES DEMANDAS  ( >50 kW ) BAJA TENSION CON MEDIDOR HORARIO,Cargo de  Energía:Energía en Punta,US$/kWh,ABRUZZO,0.127719,2022-07-15,2022-10-31,USD
285,El Salvador,https://www.siget.gob.sv/gerencias/electricidad/tarifas-de-electricidad/tarifas-de-electricidad-ano-2022/,III.   GRANDES DEMANDAS  ( >50 kW ) BAJA TENSION CON MEDIDOR HORARIO,Cargo de  Energía:Energía en Resto,US$/kWh,ABRUZZO,0.175803,2022-07-15,2022-10-31,USD
286,El Salvador,https://www.siget.gob.sv/gerencias/electricidad/tarifas-de-electricidad/tarifas-de-electricidad-ano-2022/,III.   GRANDES DEMANDAS  ( >50 kW ) BAJA TENSION CON MEDIDOR HORARIO,Cargo de  Energía:Energía en Valle,US$/kWh,ABRUZZO,0.085048,2022-07-15,2022-10-31,USD
287,El Salvador,https://www.siget.gob.sv/gerencias/electricidad/tarifas-de-electricidad/tarifas-de-electricidad-ano-2022/,III.   GRANDES DEMANDAS  ( >50 kW ) BAJA TENSION CON MEDIDOR HORARIO,Cargo de Distribución:Potencia:,US$/kW-mes,ABRUZZO,20.381221,2022-07-15,2022-10-31,USD
288,El Salvador,https://www.siget.gob.sv/gerencias/electricidad/tarifas-de-electricidad/tarifas-de-electricidad-ano-2022/,III.   GRANDES DEMANDAS  ( >50 kW ) MEDIA TENSION CON MEDIDOR HORARIO,Cargo de Comercialización:Cargo Fijo,US$/Usuario-mes,CAESS,12.862377,2022-07-15,2022-10-31,USD
289,El Salvador,https://www.siget.gob.sv/gerencias/electricidad/tarifas-de-electricidad/tarifas-de-electricidad-ano-2022/,III.   GRANDES DEMANDAS  ( >50 kW ) MEDIA TENSION CON MEDIDOR HORARIO,Cargo de  Energía:Energía en Punta,US$/kWh,CAESS,0.155146,2022-07-15,2022-10-31,USD
290,El Salvador,https://www.siget.gob.sv/gerencias/electricidad/tarifas-de-electricidad/tarifas-de-electricidad-ano-2022/,III.   GRANDES DEMANDAS  ( >50 kW ) MEDIA TENSION CON MEDIDOR HORARIO,Cargo de  Energía:Energía en Resto,US$/kWh,CAESS,0.144115,2022-07-15,2022-10-31,USD
291,El Salvador,https://www.siget.gob.sv/gerencias/electricidad/tarifas-de-electricidad/tarifas-de-electricidad-ano-2022/,III.   GRANDES DEMANDAS  ( >50 kW ) MEDIA TENSION CON MEDIDOR HORARIO,Cargo de  Energía:Energía en Valle,US$/kWh,CAESS,0.166216,2022-07-15,2022-10-31,USD
292,El Salvador,https://www.siget.gob.sv/gerencias/electricidad/tarifas-de-electricidad/tarifas-de-electricidad-ano-2022/,III.   GRANDES DEMANDAS  ( >50 kW ) MEDIA TENSION CON MEDIDOR HORARIO,Cargo de Distribución:Potencia:,US$/kW-mes,CAESS,7.089464,2022-07-15,2022-10-31,USD
293,El Salvador,https://www.siget.gob.sv/gerencias/electricidad/tarifas-de-electricidad/tarifas-de-electricidad-ano-2022/,III.   GRANDES DEMANDAS  ( >50 kW ) MEDIA TENSION CON MEDIDOR HORARIO,Cargo de Comercialización:Cargo Fijo,US$/Usuario-mes,DEL SUR,15.034473,2022-07-15,2022-10-31,USD
294,El Salvador,https://www.siget.gob.sv/gerencias/electricidad/tarifas-de-electricidad/tarifas-de-electricidad-ano-2022/,III.   GRANDES DEMANDAS  ( >50 kW ) MEDIA TENSION CON MEDIDOR HORARIO,Cargo de  Energía:Energía en Punta,US$/kWh,DEL SUR,0.158120,2022-07-15,2022-10-31,USD
295,El Salvador,https://www.siget.gob.sv/gerencias/electricidad/tarifas-de-electricidad/tarifas-de-electricidad-ano-2022/,III.   GRANDES DEMANDAS  ( >50 kW ) MEDIA TENSION CON MEDIDOR HORARIO,Cargo de  Energía:Energía en Resto,US$/kWh,DEL SUR,0.139370,2022-07-15,2022-10-31,USD
296,El Salvador,https://www.siget.gob.sv/gerencias/electricidad/tarifas-de-electricidad/tarifas-de-electricidad-ano-2022/,III.   GRANDES DEMANDAS  ( >50 kW ) MEDIA TENSION CON MEDIDOR HORARIO,Cargo de  Energía:Energía en Valle,US$/kWh,DEL SUR,0.168736,2022-07-15,2022-10-31,USD
297,El Salvador,https://www.siget.gob.sv/gerencias/electricidad/tarifas-de-electricidad/tarifas-de-electricidad-ano-2022/,III.   GRANDES DEMANDAS  ( >50 kW ) MEDIA TENSION CON MEDIDOR HORARIO,Cargo de Distribución:Potencia:,US$/kW-mes,DEL SUR,7.008348,2022-07-15,2022-10-31,USD
298,El Salvador,https://www.siget.gob.sv/gerencias/electricidad/tarifas-de-electricidad/tarifas-de-electricidad-ano-2022/,III.   GRANDES DEMANDAS  ( >50 kW ) MEDIA TENSION CON MEDIDOR HORARIO,Cargo de Comercialización:Cargo Fijo,US$/Usuario-mes,CLESA,11.786708,2022-07-15,2022-10-31,USD
299,El Salvador,https://www.siget.gob.sv/gerencias/electricidad/tarifas-de-electricidad/tarifas-de-electricidad-ano-2022/,III.   GRANDES DEMANDAS  ( >50 kW ) MEDIA TENSION CON MEDIDOR HORARIO,Cargo de  Energía:Energía en Punta,US$/kWh,CLESA,0.166521,2022-07-15,2022-10-31,USD
300,El Salvador,https://www.siget.gob.sv/gerencias/electricidad/tarifas-de-electricidad/tarifas-de-electricidad-ano-2022/,III.   GRANDES DEMANDAS  ( >50 kW ) MEDIA TENSION CON MEDIDOR HORARIO,Cargo de  Energía:Energía en Resto,US$/kWh,CLESA,0.135784,2022-07-15,2022-10-31,USD
301,El Salvador,https://www.siget.gob.sv/gerencias/electricidad/tarifas-de-electricidad/tarifas-de-electricidad-ano-2022/,III.   GRANDES DEMANDAS  ( >50 kW ) MEDIA TENSION CON MEDIDOR HORARIO,Cargo de  Energía:Energía en Valle,US$/kWh,CLESA,0.173073,2022-07-15,2022-10-31,USD
302,El Salvador,https://www.siget.gob.sv/gerencias/electricidad/tarifas-de-electricidad/tarifas-de-electricidad-ano-2022/,III.   GRANDES DEMANDAS  ( >50 kW ) MEDIA TENSION CON MEDIDOR HORARIO,Cargo de Distribución:Potencia:,US$/kW-mes,CLESA,13.097554,2022-07-15,2022-10-31,USD
303,El Salvador,https://www.siget.gob.sv/gerencias/electricidad/tarifas-de-electricidad/tarifas-de-electricidad-ano-2022/,III.   GRANDES DEMANDAS  ( >50 kW ) MEDIA TENSION CON MEDIDOR HORARIO,Cargo de Comercialización:Cargo Fijo,US$/Usuario-mes,EEO,13.705455,2022-07-15,2022-10-31,USD
304,El Salvador,https://www.siget.gob.sv/gerencias/electricidad/tarifas-de-electricidad/tarifas-de-electricidad-ano-2022/,III.   GRANDES DEMANDAS  ( >50 kW ) MEDIA TENSION CON MEDIDOR HORARIO,Cargo de  Energía:Energía en Punta,US$/kWh,EEO,0.161330,2022-07-15,2022-10-31,USD
305,El Salvador,https://www.siget.gob.sv/gerencias/electricidad/tarifas-de-electricidad/tarifas-de-electricidad-ano-2022/,III.   GRANDES DEMANDAS  ( >50 kW ) MEDIA TENSION CON MEDIDOR HORARIO,Cargo de  Energía:Energía en Resto,US$/kWh,EEO,0.133494,2022-07-15,2022-10-31,USD
306,El Salvador,https://www.siget.gob.sv/gerencias/electricidad/tarifas-de-electricidad/tarifas-de-electricidad-ano-2022/,III.   GRANDES DEMANDAS  ( >50 kW ) MEDIA TENSION CON MEDIDOR HORARIO,Cargo de  Energía:Energía en Valle,US$/kWh,EEO,0.172357,2022-07-15,2022-10-31,USD
307,El Salvador,https://www.siget.gob.sv/gerencias/electricidad/tarifas-de-electricidad/tarifas-de-electricidad-ano-2022/,III.   GRANDES DEMANDAS  ( >50 kW ) MEDIA TENSION CON MEDIDOR HORARIO,Cargo de Distribución:Potencia:,US$/kW-mes,EEO,17.848802,2022-07-15,2022-10-31,USD
308,El Salvador,https://www.siget.gob.sv/gerencias/electricidad/tarifas-de-electricidad/tarifas-de-electricidad-ano-2022/,III.   GRANDES DEMANDAS  ( >50 kW ) MEDIA TENSION CON MEDIDOR HORARIO,Cargo de Comercialización:Cargo Fijo,US$/Usuario-mes,DEUSEM,12.475882,2022-07-15,2022-10-31,USD
309,El Salvador,https://www.siget.gob.sv/gerencias/electricidad/tarifas-de-electricidad/tarifas-de-electricidad-ano-2022/,III.   GRANDES DEMANDAS  ( >50 kW ) MEDIA TENSION CON MEDIDOR HORARIO,Cargo de  Energía:Energía en Punta,US$/kWh,DEUSEM,0.171322,2022-07-15,2022-10-31,USD
310,El Salvador,https://www.siget.gob.sv/gerencias/electricidad/tarifas-de-electricidad/tarifas-de-electricidad-ano-2022/,III.   GRANDES DEMANDAS  ( >50 kW ) MEDIA TENSION CON MEDIDOR HORARIO,Cargo de  Energía:Energía en Resto,US$/kWh,DEUSEM,0.138204,2022-07-15,2022-10-31,USD
311,El Salvador,https://www.siget.gob.sv/gerencias/electricidad/tarifas-de-electricidad/tarifas-de-electricidad-ano-2022/,III.   GRANDES DEMANDAS  ( >50 kW ) MEDIA TENSION CON MEDIDOR HORARIO,Cargo de  Energía:Energía en Valle,US$/kWh,DEUSEM,0.182242,2022-07-15,2022-10-31,USD
312,El Salvador,https://www.siget.gob.sv/gerencias/electricidad/tarifas-de-electricidad/tarifas-de-electricidad-ano-2022/,III.   GRANDES DEMANDAS  ( >50 kW ) MEDIA TENSION CON MEDIDOR HORARIO,Cargo de Distribución:Potencia:,US$/kW-mes,DEUSEM,19.101749,2022-07-15,2022-10-31,USD
313,El Salvador,https://www.siget.gob.sv/gerencias/electricidad/tarifas-de-electricidad/tarifas-de-electricidad-ano-2022/,III.   GRANDES DEMANDAS  ( >50 kW ) MEDIA TENSION CON MEDIDOR HORARIO,Cargo de Comercialización:Cargo Fijo,US$/Usuario-mes,EDESAL,19.641153,2022-07-15,2022-10-31,USD
314,El Salvador,https://www.siget.gob.sv/gerencias/electricidad/tarifas-de-electricidad/tarifas-de-electricidad-ano-2022/,III.   GRANDES DEMANDAS  ( >50 kW ) MEDIA TENSION CON MEDIDOR HORARIO,Cargo de  Energía:Energía en Punta,US$/kWh,EDESAL,0.166698,2022-07-15,2022-10-31,USD
315,El Salvador,https://www.siget.gob.sv/gerencias/electricidad/tarifas-de-electricidad/tarifas-de-electricidad-ano-2022/,III.   GRANDES DEMANDAS  ( >50 kW ) MEDIA TENSION CON MEDIDOR HORARIO,Cargo de  Energía:Energía en Resto,US$/kWh,EDESAL,0.136519,2022-07-15,2022-10-31,USD
316,El Salvador,https://www.siget.gob.sv/gerencias/electricidad/tarifas-de-electricidad/tarifas-de-electricidad-ano-2022/,III.   GRANDES DEMANDAS  ( >50 kW ) MEDIA TENSION CON MEDIDOR HORARIO,Cargo de  Energía:Energía en Valle,US$/kWh,EDESAL,0.175851,2022-07-15,2022-10-31,USD
317,El Salvador,https://www.siget.gob.sv/gerencias/electricidad/tarifas-de-electricidad/tarifas-de-electricidad-ano-2022/,III.   GRANDES DEMANDAS  ( >50 kW ) MEDIA TENSION CON MEDIDOR HORARIO,Cargo de Distribución:Potencia:,US$/kW-mes,EDESAL,9.695440,2022-07-15,2022-10-31,USD
318,El Salvador,https://www.siget.gob.sv/gerencias/electricidad/tarifas-de-electricidad/tarifas-de-electricidad-ano-2022/,III.   GRANDES DEMANDAS  ( >50 kW ) MEDIA TENSION CON MEDIDOR HORARIO,Cargo de Comercialización:Cargo Fijo,US$/Usuario-mes,B&D,17.214672,2022-07-15,2022-10-31,USD
319,El Salvador,https://www.siget.gob.sv/gerencias/electricidad/tarifas-de-electricidad/tarifas-de-electricidad-ano-2022/,III.   GRANDES DEMANDAS  ( >50 kW ) MEDIA TENSION CON MEDIDOR HORARIO,Cargo de  Energía:Energía en Punta,US$/kWh,B&D,0.134261,2022-07-15,2022-10-31,USD
320,El Salvador,https://www.siget.gob.sv/gerencias/electricidad/tarifas-de-electricidad/tarifas-de-electricidad-ano-2022/,III.   GRANDES DEMANDAS  ( >50 kW ) MEDIA TENSION CON MEDIDOR HORARIO,Cargo de  Energía:Energía en Resto,US$/kWh,B&D,0.130445,2022-07-15,2022-10-31,USD
321,El Salvador,https://www.siget.gob.sv/gerencias/electricidad/tarifas-de-electricidad/tarifas-de-electricidad-ano-2022/,III.   GRANDES DEMANDAS  ( >50 kW ) MEDIA TENSION CON MEDIDOR HORARIO,Cargo de  Energía:Energía en Valle,US$/kWh,B&D,0.166230,2022-07-15,2022-10-31,USD
322,El Salvador,https://www.siget.gob.sv/gerencias/electricidad/tarifas-de-electricidad/tarifas-de-electricidad-ano-2022/,III.   GRANDES DEMANDAS  ( >50 kW ) MEDIA TENSION CON MEDIDOR HORARIO,Cargo de Distribución:Potencia:,US$/kW-mes,B&D,10.688800,2022-07-15,2022-10-31,USD
323,El Salvador,https://www.siget.gob.sv/gerencias/electricidad/tarifas-de-electricidad/tarifas-de-electricidad-ano-2022/,III.   GRANDES DEMANDAS  ( >50 kW ) MEDIA TENSION CON MEDIDOR HORARIO,Cargo de Comercialización:Cargo Fijo,US$/Usuario-mes,ABRUZZO,7.118801,2022-07-15,2022-10-31,USD
324,El Salvador,https://www.siget.gob.sv/gerencias/electricidad/tarifas-de-electricidad/tarifas-de-electricidad-ano-2022/,III.   GRANDES DEMANDAS  ( >50 kW ) MEDIA TENSION CON MEDIDOR HORARIO,Cargo de  Energía:Energía en Punta,US$/kWh,ABRUZZO,0.112875,2022-07-15,2022-10-31,USD
325,El Salvador,https://www.siget.gob.sv/gerencias/electricidad/tarifas-de-electricidad/tarifas-de-electricidad-ano-2022/,III.   GRANDES DEMANDAS  ( >50 kW ) MEDIA TENSION CON MEDIDOR HORARIO,Cargo de  Energía:Energía en Resto,US$/kWh,ABRUZZO,0.155370,2022-07-15,2022-10-31,USD
326,El Salvador,https://www.siget.gob.sv/gerencias/electricidad/tarifas-de-electricidad/tarifas-de-electricidad-ano-2022/,III.   GRANDES DEMANDAS  ( >50 kW ) MEDIA TENSION CON MEDIDOR HORARIO,Cargo de  Energía:Energía en Valle,US$/kWh,ABRUZZO,0.075163,2022-07-15,2022-10-31,USD
327,El Salvador,https://www.siget.gob.sv/gerencias/electricidad/tarifas-de-electricidad/tarifas-de-electricidad-ano-2022/,III.   GRANDES DEMANDAS  ( >50 kW ) MEDIA TENSION CON MEDIDOR HORARIO,Cargo de Distribución:Potencia:,US$/kW-mes,ABRUZZO,5.251206,2022-07-15,2022-10-31,USD
