,Country,Document_link,Tariff_code,Component,Unit,Utility,Charge,Date_start,Date_end,$local
0,El Salvador,https://www.siget.gob.sv/gerencias/electricidad/tarifas-de-electricidad/tarifas-de-electricidad-ano-2017/,I.   PEQUEÑAS DEMANDAS  (0 < kW < 10) BAJA TENSION Bloque 1: Primeros 99 kWh/mes,Cargo de Comercialización:Cargo Fijo,US$/Usuario-mes,CAESS,0.859797,2016-10-15,2017-01-15,USD
1,El Salvador,https://www.siget.gob.sv/gerencias/electricidad/tarifas-de-electricidad/tarifas-de-electricidad-ano-2017/,I.   PEQUEÑAS DEMANDAS  (0 < kW < 10) BAJA TENSION Bloque 1: Primeros 99 kWh/mes,Cargo de  Energía:Cargo Variable,US$/kWh,CAESS,0.119677,2016-10-15,2017-01-15,USD
2,El Salvador,https://www.siget.gob.sv/gerencias/electricidad/tarifas-de-electricidad/tarifas-de-electricidad-ano-2017/,I.   PEQUEÑAS DEMANDAS  (0 < kW < 10) BAJA TENSION Bloque 1: Primeros 99 kWh/mes,Cargo de Distribución:Cargo Variable,US$/kWh,CAESS,0.029863,2016-10-15,2017-01-15,USD
3,El Salvador,https://www.siget.gob.sv/gerencias/electricidad/tarifas-de-electricidad/tarifas-de-electricidad-ano-2017/,I.   PEQUEÑAS DEMANDAS  (0 < kW < 10) BAJA TENSION Bloque 1: Primeros 99 kWh/mes,Cargo de Comercialización:Cargo Fijo,US$/Usuario-mes,DEL SUR,0.964976,2016-10-15,2017-01-15,USD
4,El Salvador,https://www.siget.gob.sv/gerencias/electricidad/tarifas-de-electricidad/tarifas-de-electricidad-ano-2017/,I.   PEQUEÑAS DEMANDAS  (0 < kW < 10) BAJA TENSION Bloque 1: Primeros 99 kWh/mes,Cargo de  Energía:Cargo Variable,US$/kWh,DEL SUR,0.122373,2016-10-15,2017-01-15,USD
5,El Salvador,https://www.siget.gob.sv/gerencias/electricidad/tarifas-de-electricidad/tarifas-de-electricidad-ano-2017/,I.   PEQUEÑAS DEMANDAS  (0 < kW < 10) BAJA TENSION Bloque 1: Primeros 99 kWh/mes,Cargo de Distribución:Cargo Variable,US$/kWh,DEL SUR,0.049493,2016-10-15,2017-01-15,USD
6,El Salvador,https://www.siget.gob.sv/gerencias/electricidad/tarifas-de-electricidad/tarifas-de-electricidad-ano-2017/,I.   PEQUEÑAS DEMANDAS  (0 < kW < 10) BAJA TENSION Bloque 1: Primeros 99 kWh/mes,Cargo de Comercialización:Cargo Fijo,US$/Usuario-mes,CLESA,0.817828,2016-10-15,2017-01-15,USD
7,El Salvador,https://www.siget.gob.sv/gerencias/electricidad/tarifas-de-electricidad/tarifas-de-electricidad-ano-2017/,I.   PEQUEÑAS DEMANDAS  (0 < kW < 10) BAJA TENSION Bloque 1: Primeros 99 kWh/mes,Cargo de  Energía:Cargo Variable,US$/kWh,CLESA,0.122392,2016-10-15,2017-01-15,USD
8,El Salvador,https://www.siget.gob.sv/gerencias/electricidad/tarifas-de-electricidad/tarifas-de-electricidad-ano-2017/,I.   PEQUEÑAS DEMANDAS  (0 < kW < 10) BAJA TENSION Bloque 1: Primeros 99 kWh/mes,Cargo de Distribución:Cargo Variable,US$/kWh,CLESA,0.061462,2016-10-15,2017-01-15,USD
9,El Salvador,https://www.siget.gob.sv/gerencias/electricidad/tarifas-de-electricidad/tarifas-de-electricidad-ano-2017/,I.   PEQUEÑAS DEMANDAS  (0 < kW < 10) BAJA TENSION Bloque 1: Primeros 99 kWh/mes,Cargo de Comercialización:Cargo Fijo,US$/Usuario-mes,EEO,0.927061,2016-10-15,2017-01-15,USD
10,El Salvador,https://www.siget.gob.sv/gerencias/electricidad/tarifas-de-electricidad/tarifas-de-electricidad-ano-2017/,I.   PEQUEÑAS DEMANDAS  (0 < kW < 10) BAJA TENSION Bloque 1: Primeros 99 kWh/mes,Cargo de  Energía:Cargo Variable,US$/kWh,EEO,0.122773,2016-10-15,2017-01-15,USD
11,El Salvador,https://www.siget.gob.sv/gerencias/electricidad/tarifas-de-electricidad/tarifas-de-electricidad-ano-2017/,I.   PEQUEÑAS DEMANDAS  (0 < kW < 10) BAJA TENSION Bloque 1: Primeros 99 kWh/mes,Cargo de Distribución:Cargo Variable,US$/kWh,EEO,0.067449,2016-10-15,2017-01-15,USD
12,El Salvador,https://www.siget.gob.sv/gerencias/electricidad/tarifas-de-electricidad/tarifas-de-electricidad-ano-2017/,I.   PEQUEÑAS DEMANDAS  (0 < kW < 10) BAJA TENSION Bloque 1: Primeros 99 kWh/mes,Cargo de Comercialización:Cargo Fijo,US$/Usuario-mes,DEUSEM,0.923664,2016-10-15,2017-01-15,USD
13,El Salvador,https://www.siget.gob.sv/gerencias/electricidad/tarifas-de-electricidad/tarifas-de-electricidad-ano-2017/,I.   PEQUEÑAS DEMANDAS  (0 < kW < 10) BAJA TENSION Bloque 1: Primeros 99 kWh/mes,Cargo de  Energía:Cargo Variable,US$/kWh,DEUSEM,0.123301,2016-10-15,2017-01-15,USD
14,El Salvador,https://www.siget.gob.sv/gerencias/electricidad/tarifas-de-electricidad/tarifas-de-electricidad-ano-2017/,I.   PEQUEÑAS DEMANDAS  (0 < kW < 10) BAJA TENSION Bloque 1: Primeros 99 kWh/mes,Cargo de Distribución:Cargo Variable,US$/kWh,DEUSEM,0.076337,2016-10-15,2017-01-15,USD
15,El Salvador,https://www.siget.gob.sv/gerencias/electricidad/tarifas-de-electricidad/tarifas-de-electricidad-ano-2017/,I.   PEQUEÑAS DEMANDAS  (0 < kW < 10) BAJA TENSION Bloque 1: Primeros 99 kWh/mes,Cargo de Comercialización:Cargo Fijo,US$/Usuario-mes,EDESAL,2.008046,2016-10-15,2017-01-15,USD
16,El Salvador,https://www.siget.gob.sv/gerencias/electricidad/tarifas-de-electricidad/tarifas-de-electricidad-ano-2017/,I.   PEQUEÑAS DEMANDAS  (0 < kW < 10) BAJA TENSION Bloque 1: Primeros 99 kWh/mes,Cargo de  Energía:Cargo Variable,US$/kWh,EDESAL,0.122135,2016-10-15,2017-01-15,USD
17,El Salvador,https://www.siget.gob.sv/gerencias/electricidad/tarifas-de-electricidad/tarifas-de-electricidad-ano-2017/,I.   PEQUEÑAS DEMANDAS  (0 < kW < 10) BAJA TENSION Bloque 1: Primeros 99 kWh/mes,Cargo de Distribución:Cargo Variable,US$/kWh,EDESAL,0.083347,2016-10-15,2017-01-15,USD
18,El Salvador,https://www.siget.gob.sv/gerencias/electricidad/tarifas-de-electricidad/tarifas-de-electricidad-ano-2017/,I.   PEQUEÑAS DEMANDAS  (0 < kW < 10) BAJA TENSION Bloque 1: Primeros 99 kWh/mes,Cargo de Comercialización:Cargo Fijo,US$/Usuario-mes,B&D,0.955566,2016-10-15,2017-01-15,USD
19,El Salvador,https://www.siget.gob.sv/gerencias/electricidad/tarifas-de-electricidad/tarifas-de-electricidad-ano-2017/,I.   PEQUEÑAS DEMANDAS  (0 < kW < 10) BAJA TENSION Bloque 1: Primeros 99 kWh/mes,Cargo de  Energía:Cargo Variable,US$/kWh,B&D,0.111500,2016-10-15,2017-01-15,USD
20,El Salvador,https://www.siget.gob.sv/gerencias/electricidad/tarifas-de-electricidad/tarifas-de-electricidad-ano-2017/,I.   PEQUEÑAS DEMANDAS  (0 < kW < 10) BAJA TENSION Bloque 1: Primeros 99 kWh/mes,Cargo de Distribución:Cargo Variable,US$/kWh,B&D,0.037410,2016-10-15,2017-01-15,USD
21,El Salvador,https://www.siget.gob.sv/gerencias/electricidad/tarifas-de-electricidad/tarifas-de-electricidad-ano-2017/,I.   PEQUEÑAS DEMANDAS  (0 < kW < 10) BAJA TENSION Bloque 1: Primeros 99 kWh/mes,Cargo de Comercialización:Cargo Fijo,US$/Usuario-mes,ABRUZZO,0.857713,2016-10-15,2017-01-15,USD
22,El Salvador,https://www.siget.gob.sv/gerencias/electricidad/tarifas-de-electricidad/tarifas-de-electricidad-ano-2017/,I.   PEQUEÑAS DEMANDAS  (0 < kW < 10) BAJA TENSION Bloque 1: Primeros 99 kWh/mes,Cargo de  Energía:Cargo Variable,US$/kWh,ABRUZZO,0.113873,2016-10-15,2017-01-15,USD
23,El Salvador,https://www.siget.gob.sv/gerencias/electricidad/tarifas-de-electricidad/tarifas-de-electricidad-ano-2017/,I.   PEQUEÑAS DEMANDAS  (0 < kW < 10) BAJA TENSION Bloque 1: Primeros 99 kWh/mes,Cargo de Distribución:Cargo Variable,US$/kWh,ABRUZZO,0.036765,2016-10-15,2017-01-15,USD
24,El Salvador,https://www.siget.gob.sv/gerencias/electricidad/tarifas-de-electricidad/tarifas-de-electricidad-ano-2017/,I.   PEQUEÑAS DEMANDAS  (0 < kW < 10) BAJA TENSION Bloque 2: Consumos entre 100 kWh/mes y 199 kWh/mes,Cargo de Comercialización:Cargo Fijo,US$/Usuario-mes,CAESS,0.859797,2016-10-15,2017-01-15,USD
25,El Salvador,https://www.siget.gob.sv/gerencias/electricidad/tarifas-de-electricidad/tarifas-de-electricidad-ano-2017/,I.   PEQUEÑAS DEMANDAS  (0 < kW < 10) BAJA TENSION Bloque 2: Consumos entre 100 kWh/mes y 199 kWh/mes,Cargo de  Energía:Cargo Variable,US$/kWh,CAESS,0.119623,2016-10-15,2017-01-15,USD
26,El Salvador,https://www.siget.gob.sv/gerencias/electricidad/tarifas-de-electricidad/tarifas-de-electricidad-ano-2017/,I.   PEQUEÑAS DEMANDAS  (0 < kW < 10) BAJA TENSION Bloque 2: Consumos entre 100 kWh/mes y 199 kWh/mes,Cargo de Distribución:Cargo Variable,US$/kWh,CAESS,0.032604,2016-10-15,2017-01-15,USD
27,El Salvador,https://www.siget.gob.sv/gerencias/electricidad/tarifas-de-electricidad/tarifas-de-electricidad-ano-2017/,I.   PEQUEÑAS DEMANDAS  (0 < kW < 10) BAJA TENSION Bloque 2: Consumos entre 100 kWh/mes y 199 kWh/mes,Cargo de Comercialización:Cargo Fijo,US$/Usuario-mes,DEL SUR,0.964976,2016-10-15,2017-01-15,USD
28,El Salvador,https://www.siget.gob.sv/gerencias/electricidad/tarifas-de-electricidad/tarifas-de-electricidad-ano-2017/,I.   PEQUEÑAS DEMANDAS  (0 < kW < 10) BAJA TENSION Bloque 2: Consumos entre 100 kWh/mes y 199 kWh/mes,Cargo de  Energía:Cargo Variable,US$/kWh,DEL SUR,0.122107,2016-10-15,2017-01-15,USD
29,El Salvador,https://www.siget.gob.sv/gerencias/electricidad/tarifas-de-electricidad/tarifas-de-electricidad-ano-2017/,I.   PEQUEÑAS DEMANDAS  (0 < kW < 10) BAJA TENSION Bloque 2: Consumos entre 100 kWh/mes y 199 kWh/mes,Cargo de Distribución:Cargo Variable,US$/kWh,DEL SUR,0.059292,2016-10-15,2017-01-15,USD
30,El Salvador,https://www.siget.gob.sv/gerencias/electricidad/tarifas-de-electricidad/tarifas-de-electricidad-ano-2017/,I.   PEQUEÑAS DEMANDAS  (0 < kW < 10) BAJA TENSION Bloque 2: Consumos entre 100 kWh/mes y 199 kWh/mes,Cargo de Comercialización:Cargo Fijo,US$/Usuario-mes,CLESA,0.817828,2016-10-15,2017-01-15,USD
31,El Salvador,https://www.siget.gob.sv/gerencias/electricidad/tarifas-de-electricidad/tarifas-de-electricidad-ano-2017/,I.   PEQUEÑAS DEMANDAS  (0 < kW < 10) BAJA TENSION Bloque 2: Consumos entre 100 kWh/mes y 199 kWh/mes,Cargo de  Energía:Cargo Variable,US$/kWh,CLESA,0.122267,2016-10-15,2017-01-15,USD
32,El Salvador,https://www.siget.gob.sv/gerencias/electricidad/tarifas-de-electricidad/tarifas-de-electricidad-ano-2017/,I.   PEQUEÑAS DEMANDAS  (0 < kW < 10) BAJA TENSION Bloque 2: Consumos entre 100 kWh/mes y 199 kWh/mes,Cargo de Distribución:Cargo Variable,US$/kWh,CLESA,0.027173,2016-10-15,2017-01-15,USD
33,El Salvador,https://www.siget.gob.sv/gerencias/electricidad/tarifas-de-electricidad/tarifas-de-electricidad-ano-2017/,I.   PEQUEÑAS DEMANDAS  (0 < kW < 10) BAJA TENSION Bloque 2: Consumos entre 100 kWh/mes y 199 kWh/mes,Cargo de Comercialización:Cargo Fijo,US$/Usuario-mes,EEO,0.927061,2016-10-15,2017-01-15,USD
34,El Salvador,https://www.siget.gob.sv/gerencias/electricidad/tarifas-de-electricidad/tarifas-de-electricidad-ano-2017/,I.   PEQUEÑAS DEMANDAS  (0 < kW < 10) BAJA TENSION Bloque 2: Consumos entre 100 kWh/mes y 199 kWh/mes,Cargo de  Energía:Cargo Variable,US$/kWh,EEO,0.122473,2016-10-15,2017-01-15,USD
35,El Salvador,https://www.siget.gob.sv/gerencias/electricidad/tarifas-de-electricidad/tarifas-de-electricidad-ano-2017/,I.   PEQUEÑAS DEMANDAS  (0 < kW < 10) BAJA TENSION Bloque 2: Consumos entre 100 kWh/mes y 199 kWh/mes,Cargo de Distribución:Cargo Variable,US$/kWh,EEO,0.034865,2016-10-15,2017-01-15,USD
36,El Salvador,https://www.siget.gob.sv/gerencias/electricidad/tarifas-de-electricidad/tarifas-de-electricidad-ano-2017/,I.   PEQUEÑAS DEMANDAS  (0 < kW < 10) BAJA TENSION Bloque 2: Consumos entre 100 kWh/mes y 199 kWh/mes,Cargo de Comercialización:Cargo Fijo,US$/Usuario-mes,DEUSEM,0.923664,2016-10-15,2017-01-15,USD
37,El Salvador,https://www.siget.gob.sv/gerencias/electricidad/tarifas-de-electricidad/tarifas-de-electricidad-ano-2017/,I.   PEQUEÑAS DEMANDAS  (0 < kW < 10) BAJA TENSION Bloque 2: Consumos entre 100 kWh/mes y 199 kWh/mes,Cargo de  Energía:Cargo Variable,US$/kWh,DEUSEM,0.123292,2016-10-15,2017-01-15,USD
38,El Salvador,https://www.siget.gob.sv/gerencias/electricidad/tarifas-de-electricidad/tarifas-de-electricidad-ano-2017/,I.   PEQUEÑAS DEMANDAS  (0 < kW < 10) BAJA TENSION Bloque 2: Consumos entre 100 kWh/mes y 199 kWh/mes,Cargo de Distribución:Cargo Variable,US$/kWh,DEUSEM,0.036089,2016-10-15,2017-01-15,USD
39,El Salvador,https://www.siget.gob.sv/gerencias/electricidad/tarifas-de-electricidad/tarifas-de-electricidad-ano-2017/,I.   PEQUEÑAS DEMANDAS  (0 < kW < 10) BAJA TENSION Bloque 2: Consumos entre 100 kWh/mes y 199 kWh/mes,Cargo de Comercialización:Cargo Fijo,US$/Usuario-mes,EDESAL,2.008046,2016-10-15,2017-01-15,USD
40,El Salvador,https://www.siget.gob.sv/gerencias/electricidad/tarifas-de-electricidad/tarifas-de-electricidad-ano-2017/,I.   PEQUEÑAS DEMANDAS  (0 < kW < 10) BAJA TENSION Bloque 2: Consumos entre 100 kWh/mes y 199 kWh/mes,Cargo de  Energía:Cargo Variable,US$/kWh,EDESAL,0.120429,2016-10-15,2017-01-15,USD
41,El Salvador,https://www.siget.gob.sv/gerencias/electricidad/tarifas-de-electricidad/tarifas-de-electricidad-ano-2017/,I.   PEQUEÑAS DEMANDAS  (0 < kW < 10) BAJA TENSION Bloque 2: Consumos entre 100 kWh/mes y 199 kWh/mes,Cargo de Distribución:Cargo Variable,US$/kWh,EDESAL,0.071333,2016-10-15,2017-01-15,USD
42,El Salvador,https://www.siget.gob.sv/gerencias/electricidad/tarifas-de-electricidad/tarifas-de-electricidad-ano-2017/,I.   PEQUEÑAS DEMANDAS  (0 < kW < 10) BAJA TENSION Bloque 2: Consumos entre 100 kWh/mes y 199 kWh/mes,Cargo de Comercialización:Cargo Fijo,US$/Usuario-mes,B&D,0.955566,2016-10-15,2017-01-15,USD
43,El Salvador,https://www.siget.gob.sv/gerencias/electricidad/tarifas-de-electricidad/tarifas-de-electricidad-ano-2017/,I.   PEQUEÑAS DEMANDAS  (0 < kW < 10) BAJA TENSION Bloque 2: Consumos entre 100 kWh/mes y 199 kWh/mes,Cargo de  Energía:Cargo Variable,US$/kWh,B&D,0.111824,2016-10-15,2017-01-15,USD
44,El Salvador,https://www.siget.gob.sv/gerencias/electricidad/tarifas-de-electricidad/tarifas-de-electricidad-ano-2017/,I.   PEQUEÑAS DEMANDAS  (0 < kW < 10) BAJA TENSION Bloque 2: Consumos entre 100 kWh/mes y 199 kWh/mes,Cargo de Distribución:Cargo Variable,US$/kWh,B&D,0.033156,2016-10-15,2017-01-15,USD
45,El Salvador,https://www.siget.gob.sv/gerencias/electricidad/tarifas-de-electricidad/tarifas-de-electricidad-ano-2017/,I.   PEQUEÑAS DEMANDAS  (0 < kW < 10) BAJA TENSION Bloque 2: Consumos entre 100 kWh/mes y 199 kWh/mes,Cargo de Comercialización:Cargo Fijo,US$/Usuario-mes,ABRUZZO,0.857713,2016-10-15,2017-01-15,USD
46,El Salvador,https://www.siget.gob.sv/gerencias/electricidad/tarifas-de-electricidad/tarifas-de-electricidad-ano-2017/,I.   PEQUEÑAS DEMANDAS  (0 < kW < 10) BAJA TENSION Bloque 2: Consumos entre 100 kWh/mes y 199 kWh/mes,Cargo de  Energía:Cargo Variable,US$/kWh,ABRUZZO,0.113552,2016-10-15,2017-01-15,USD
47,El Salvador,https://www.siget.gob.sv/gerencias/electricidad/tarifas-de-electricidad/tarifas-de-electricidad-ano-2017/,I.   PEQUEÑAS DEMANDAS  (0 < kW < 10) BAJA TENSION Bloque 2: Consumos entre 100 kWh/mes y 199 kWh/mes,Cargo de Distribución:Cargo Variable,US$/kWh,ABRUZZO,0.040241,2016-10-15,2017-01-15,USD
48,El Salvador,https://www.siget.gob.sv/gerencias/electricidad/tarifas-de-electricidad/tarifas-de-electricidad-ano-2017/,I.   PEQUEÑAS DEMANDAS  (0 < kW < 10) BAJA TENSION Bloque 3: Consumos mayores o iguales a 200 kWh/mes,Cargo de Comercialización:Cargo Fijo,US$/Usuario-mes,CAESS,0.859797,2016-10-15,2017-01-15,USD
49,El Salvador,https://www.siget.gob.sv/gerencias/electricidad/tarifas-de-electricidad/tarifas-de-electricidad-ano-2017/,I.   PEQUEÑAS DEMANDAS  (0 < kW < 10) BAJA TENSION Bloque 3: Consumos mayores o iguales a 200 kWh/mes,Cargo de  Energía:Cargo Variable,US$/kWh,CAESS,0.119620,2016-10-15,2017-01-15,USD
50,El Salvador,https://www.siget.gob.sv/gerencias/electricidad/tarifas-de-electricidad/tarifas-de-electricidad-ano-2017/,I.   PEQUEÑAS DEMANDAS  (0 < kW < 10) BAJA TENSION Bloque 3: Consumos mayores o iguales a 200 kWh/mes,Cargo de Distribución:Cargo Variable,US$/kWh,CAESS,0.041255,2016-10-15,2017-01-15,USD
51,El Salvador,https://www.siget.gob.sv/gerencias/electricidad/tarifas-de-electricidad/tarifas-de-electricidad-ano-2017/,I.   PEQUEÑAS DEMANDAS  (0 < kW < 10) BAJA TENSION Bloque 3: Consumos mayores o iguales a 200 kWh/mes,Cargo de Comercialización:Cargo Fijo,US$/Usuario-mes,DELSUR,0.964976,2016-10-15,2017-01-15,USD
52,El Salvador,https://www.siget.gob.sv/gerencias/electricidad/tarifas-de-electricidad/tarifas-de-electricidad-ano-2017/,I.   PEQUEÑAS DEMANDAS  (0 < kW < 10) BAJA TENSION Bloque 3: Consumos mayores o iguales a 200 kWh/mes,Cargo de  Energía:Cargo Variable,US$/kWh,DELSUR,0.122027,2016-10-15,2017-01-15,USD
53,El Salvador,https://www.siget.gob.sv/gerencias/electricidad/tarifas-de-electricidad/tarifas-de-electricidad-ano-2017/,I.   PEQUEÑAS DEMANDAS  (0 < kW < 10) BAJA TENSION Bloque 3: Consumos mayores o iguales a 200 kWh/mes,Cargo de Distribución:Cargo Variable,US$/kWh,DELSUR,0.069556,2016-10-15,2017-01-15,USD
54,El Salvador,https://www.siget.gob.sv/gerencias/electricidad/tarifas-de-electricidad/tarifas-de-electricidad-ano-2017/,I.   PEQUEÑAS DEMANDAS  (0 < kW < 10) BAJA TENSION Bloque 3: Consumos mayores o iguales a 200 kWh/mes,Cargo de Comercialización:Cargo Fijo,US$/Usuario-mes,CLESA,0.817828,2016-10-15,2017-01-15,USD
55,El Salvador,https://www.siget.gob.sv/gerencias/electricidad/tarifas-de-electricidad/tarifas-de-electricidad-ano-2017/,I.   PEQUEÑAS DEMANDAS  (0 < kW < 10) BAJA TENSION Bloque 3: Consumos mayores o iguales a 200 kWh/mes,Cargo de  Energía:Cargo Variable,US$/kWh,CLESA,0.122263,2016-10-15,2017-01-15,USD
56,El Salvador,https://www.siget.gob.sv/gerencias/electricidad/tarifas-de-electricidad/tarifas-de-electricidad-ano-2017/,I.   PEQUEÑAS DEMANDAS  (0 < kW < 10) BAJA TENSION Bloque 3: Consumos mayores o iguales a 200 kWh/mes,Cargo de Distribución:Cargo Variable,US$/kWh,CLESA,0.077414,2016-10-15,2017-01-15,USD
57,El Salvador,https://www.siget.gob.sv/gerencias/electricidad/tarifas-de-electricidad/tarifas-de-electricidad-ano-2017/,I.   PEQUEÑAS DEMANDAS  (0 < kW < 10) BAJA TENSION Bloque 3: Consumos mayores o iguales a 200 kWh/mes,Cargo de Comercialización:Cargo Fijo,US$/Usuario-mes,EEO,0.927061,2016-10-15,2017-01-15,USD
58,El Salvador,https://www.siget.gob.sv/gerencias/electricidad/tarifas-de-electricidad/tarifas-de-electricidad-ano-2017/,I.   PEQUEÑAS DEMANDAS  (0 < kW < 10) BAJA TENSION Bloque 3: Consumos mayores o iguales a 200 kWh/mes,Cargo de  Energía:Cargo Variable,US$/kWh,EEO,0.122368,2016-10-15,2017-01-15,USD
59,El Salvador,https://www.siget.gob.sv/gerencias/electricidad/tarifas-de-electricidad/tarifas-de-electricidad-ano-2017/,I.   PEQUEÑAS DEMANDAS  (0 < kW < 10) BAJA TENSION Bloque 3: Consumos mayores o iguales a 200 kWh/mes,Cargo de Distribución:Cargo Variable,US$/kWh,EEO,0.077431,2016-10-15,2017-01-15,USD
60,El Salvador,https://www.siget.gob.sv/gerencias/electricidad/tarifas-de-electricidad/tarifas-de-electricidad-ano-2017/,I.   PEQUEÑAS DEMANDAS  (0 < kW < 10) BAJA TENSION Bloque 3: Consumos mayores o iguales a 200 kWh/mes,Cargo de Comercialización:Cargo Fijo,US$/Usuario-mes,DEUSEM,0.923664,2016-10-15,2017-01-15,USD
61,El Salvador,https://www.siget.gob.sv/gerencias/electricidad/tarifas-de-electricidad/tarifas-de-electricidad-ano-2017/,I.   PEQUEÑAS DEMANDAS  (0 < kW < 10) BAJA TENSION Bloque 3: Consumos mayores o iguales a 200 kWh/mes,Cargo de  Energía:Cargo Variable,US$/kWh,DEUSEM,0.123277,2016-10-15,2017-01-15,USD
62,El Salvador,https://www.siget.gob.sv/gerencias/electricidad/tarifas-de-electricidad/tarifas-de-electricidad-ano-2017/,I.   PEQUEÑAS DEMANDAS  (0 < kW < 10) BAJA TENSION Bloque 3: Consumos mayores o iguales a 200 kWh/mes,Cargo de Distribución:Cargo Variable,US$/kWh,DEUSEM,0.077294,2016-10-15,2017-01-15,USD
63,El Salvador,https://www.siget.gob.sv/gerencias/electricidad/tarifas-de-electricidad/tarifas-de-electricidad-ano-2017/,I.   PEQUEÑAS DEMANDAS  (0 < kW < 10) BAJA TENSION Bloque 3: Consumos mayores o iguales a 200 kWh/mes,Cargo de Comercialización:Cargo Fijo,US$/Usuario-mes,EDESAL,2.008046,2016-10-15,2017-01-15,USD
64,El Salvador,https://www.siget.gob.sv/gerencias/electricidad/tarifas-de-electricidad/tarifas-de-electricidad-ano-2017/,I.   PEQUEÑAS DEMANDAS  (0 < kW < 10) BAJA TENSION Bloque 3: Consumos mayores o iguales a 200 kWh/mes,Cargo de  Energía:Cargo Variable,US$/kWh,EDESAL,0.120514,2016-10-15,2017-01-15,USD
65,El Salvador,https://www.siget.gob.sv/gerencias/electricidad/tarifas-de-electricidad/tarifas-de-electricidad-ano-2017/,I.   PEQUEÑAS DEMANDAS  (0 < kW < 10) BAJA TENSION Bloque 3: Consumos mayores o iguales a 200 kWh/mes,Cargo de Distribución:Cargo Variable,US$/kWh,EDESAL,0.077098,2016-10-15,2017-01-15,USD
66,El Salvador,https://www.siget.gob.sv/gerencias/electricidad/tarifas-de-electricidad/tarifas-de-electricidad-ano-2017/,I.   PEQUEÑAS DEMANDAS  (0 < kW < 10) BAJA TENSION Bloque 3: Consumos mayores o iguales a 200 kWh/mes,Cargo de Comercialización:Cargo Fijo,US$/Usuario-mes,B&D,0.955566,2016-10-15,2017-01-15,USD
67,El Salvador,https://www.siget.gob.sv/gerencias/electricidad/tarifas-de-electricidad/tarifas-de-electricidad-ano-2017/,I.   PEQUEÑAS DEMANDAS  (0 < kW < 10) BAJA TENSION Bloque 3: Consumos mayores o iguales a 200 kWh/mes,Cargo de  Energía:Cargo Variable,US$/kWh,B&D,0.111783,2016-10-15,2017-01-15,USD
68,El Salvador,https://www.siget.gob.sv/gerencias/electricidad/tarifas-de-electricidad/tarifas-de-electricidad-ano-2017/,I.   PEQUEÑAS DEMANDAS  (0 < kW < 10) BAJA TENSION Bloque 3: Consumos mayores o iguales a 200 kWh/mes,Cargo de Distribución:Cargo Variable,US$/kWh,B&D,0.035007,2016-10-15,2017-01-15,USD
69,El Salvador,https://www.siget.gob.sv/gerencias/electricidad/tarifas-de-electricidad/tarifas-de-electricidad-ano-2017/,I.   PEQUEÑAS DEMANDAS  (0 < kW < 10) BAJA TENSION Bloque 3: Consumos mayores o iguales a 200 kWh/mes,Cargo de Comercialización:Cargo Fijo,US$/Usuario-mes,ABRUZZO,0.857713,2016-10-15,2017-01-15,USD
70,El Salvador,https://www.siget.gob.sv/gerencias/electricidad/tarifas-de-electricidad/tarifas-de-electricidad-ano-2017/,I.   PEQUEÑAS DEMANDAS  (0 < kW < 10) BAJA TENSION Bloque 3: Consumos mayores o iguales a 200 kWh/mes,Cargo de  Energía:Cargo Variable,US$/kWh,ABRUZZO,0.113405,2016-10-15,2017-01-15,USD
71,El Salvador,https://www.siget.gob.sv/gerencias/electricidad/tarifas-de-electricidad/tarifas-de-electricidad-ano-2017/,I.   PEQUEÑAS DEMANDAS  (0 < kW < 10) BAJA TENSION Bloque 3: Consumos mayores o iguales a 200 kWh/mes,Cargo de Distribución:Cargo Variable,US$/kWh,ABRUZZO,0.041892,2016-10-15,2017-01-15,USD
72,El Salvador,https://www.siget.gob.sv/gerencias/electricidad/tarifas-de-electricidad/tarifas-de-electricidad-ano-2017/,I.   PEQUEÑAS DEMANDAS  (0 < kW < 10) BAJA TENSION Uso General,Cargo de Comercialización:Cargo Fijo,US$/Usuario-mes,CAESS,0.859797,2016-10-15,2017-01-15,USD
73,El Salvador,https://www.siget.gob.sv/gerencias/electricidad/tarifas-de-electricidad/tarifas-de-electricidad-ano-2017/,I.   PEQUEÑAS DEMANDAS  (0 < kW < 10) BAJA TENSION Uso General,Cargo de  Energía:Cargo Variable,US$/kWh,CAESS,0.119728,2016-10-15,2017-01-15,USD
74,El Salvador,https://www.siget.gob.sv/gerencias/electricidad/tarifas-de-electricidad/tarifas-de-electricidad-ano-2017/,I.   PEQUEÑAS DEMANDAS  (0 < kW < 10) BAJA TENSION Uso General,Cargo de Distribución:Cargo Variable,US$/kWh,CAESS,0.033298,2016-10-15,2017-01-15,USD
75,El Salvador,https://www.siget.gob.sv/gerencias/electricidad/tarifas-de-electricidad/tarifas-de-electricidad-ano-2017/,I.   PEQUEÑAS DEMANDAS  (0 < kW < 10) BAJA TENSION Uso General,Cargo de Comercialización:Cargo Fijo,US$/Usuario-mes,DELSUR,0.964976,2016-10-15,2017-01-15,USD
76,El Salvador,https://www.siget.gob.sv/gerencias/electricidad/tarifas-de-electricidad/tarifas-de-electricidad-ano-2017/,I.   PEQUEÑAS DEMANDAS  (0 < kW < 10) BAJA TENSION Uso General,Cargo de  Energía:Cargo Variable,US$/kWh,DELSUR,0.122117,2016-10-15,2017-01-15,USD
77,El Salvador,https://www.siget.gob.sv/gerencias/electricidad/tarifas-de-electricidad/tarifas-de-electricidad-ano-2017/,I.   PEQUEÑAS DEMANDAS  (0 < kW < 10) BAJA TENSION Uso General,Cargo de Distribución:Cargo Variable,US$/kWh,DELSUR,0.041203,2016-10-15,2017-01-15,USD
78,El Salvador,https://www.siget.gob.sv/gerencias/electricidad/tarifas-de-electricidad/tarifas-de-electricidad-ano-2017/,I.   PEQUEÑAS DEMANDAS  (0 < kW < 10) BAJA TENSION Uso General,Cargo de Comercialización:Cargo Fijo,US$/Usuario-mes,CLESA,0.817828,2016-10-15,2017-01-15,USD
79,El Salvador,https://www.siget.gob.sv/gerencias/electricidad/tarifas-de-electricidad/tarifas-de-electricidad-ano-2017/,I.   PEQUEÑAS DEMANDAS  (0 < kW < 10) BAJA TENSION Uso General,Cargo de  Energía:Cargo Variable,US$/kWh,CLESA,0.122427,2016-10-15,2017-01-15,USD
80,El Salvador,https://www.siget.gob.sv/gerencias/electricidad/tarifas-de-electricidad/tarifas-de-electricidad-ano-2017/,I.   PEQUEÑAS DEMANDAS  (0 < kW < 10) BAJA TENSION Uso General,Cargo de Distribución:Cargo Variable,US$/kWh,CLESA,0.038761,2016-10-15,2017-01-15,USD
81,El Salvador,https://www.siget.gob.sv/gerencias/electricidad/tarifas-de-electricidad/tarifas-de-electricidad-ano-2017/,I.   PEQUEÑAS DEMANDAS  (0 < kW < 10) BAJA TENSION Uso General,Cargo de Comercialización:Cargo Fijo,US$/Usuario-mes,EEO,0.927061,2016-10-15,2017-01-15,USD
82,El Salvador,https://www.siget.gob.sv/gerencias/electricidad/tarifas-de-electricidad/tarifas-de-electricidad-ano-2017/,I.   PEQUEÑAS DEMANDAS  (0 < kW < 10) BAJA TENSION Uso General,Cargo de  Energía:Cargo Variable,US$/kWh,EEO,0.122610,2016-10-15,2017-01-15,USD
83,El Salvador,https://www.siget.gob.sv/gerencias/electricidad/tarifas-de-electricidad/tarifas-de-electricidad-ano-2017/,I.   PEQUEÑAS DEMANDAS  (0 < kW < 10) BAJA TENSION Uso General,Cargo de Distribución:Cargo Variable,US$/kWh,EEO,0.058856,2016-10-15,2017-01-15,USD
84,El Salvador,https://www.siget.gob.sv/gerencias/electricidad/tarifas-de-electricidad/tarifas-de-electricidad-ano-2017/,I.   PEQUEÑAS DEMANDAS  (0 < kW < 10) BAJA TENSION Uso General,Cargo de Comercialización:Cargo Fijo,US$/Usuario-mes,DEUSEM,0.923664,2016-10-15,2017-01-15,USD
85,El Salvador,https://www.siget.gob.sv/gerencias/electricidad/tarifas-de-electricidad/tarifas-de-electricidad-ano-2017/,I.   PEQUEÑAS DEMANDAS  (0 < kW < 10) BAJA TENSION Uso General,Cargo de  Energía:Cargo Variable,US$/kWh,DEUSEM,0.123458,2016-10-15,2017-01-15,USD
86,El Salvador,https://www.siget.gob.sv/gerencias/electricidad/tarifas-de-electricidad/tarifas-de-electricidad-ano-2017/,I.   PEQUEÑAS DEMANDAS  (0 < kW < 10) BAJA TENSION Uso General,Cargo de Distribución:Cargo Variable,US$/kWh,DEUSEM,0.058338,2016-10-15,2017-01-15,USD
87,El Salvador,https://www.siget.gob.sv/gerencias/electricidad/tarifas-de-electricidad/tarifas-de-electricidad-ano-2017/,I.   PEQUEÑAS DEMANDAS  (0 < kW < 10) BAJA TENSION Uso General,Cargo de Comercialización:Cargo Fijo,US$/Usuario-mes,EDESAL,2.008046,2016-10-15,2017-01-15,USD
88,El Salvador,https://www.siget.gob.sv/gerencias/electricidad/tarifas-de-electricidad/tarifas-de-electricidad-ano-2017/,I.   PEQUEÑAS DEMANDAS  (0 < kW < 10) BAJA TENSION Uso General,Cargo de  Energía:Cargo Variable,US$/kWh,EDESAL,0.120101,2016-10-15,2017-01-15,USD
89,El Salvador,https://www.siget.gob.sv/gerencias/electricidad/tarifas-de-electricidad/tarifas-de-electricidad-ano-2017/,I.   PEQUEÑAS DEMANDAS  (0 < kW < 10) BAJA TENSION Uso General,Cargo de Distribución:Cargo Variable,US$/kWh,EDESAL,0.062012,2016-10-15,2017-01-15,USD
90,El Salvador,https://www.siget.gob.sv/gerencias/electricidad/tarifas-de-electricidad/tarifas-de-electricidad-ano-2017/,I.   PEQUEÑAS DEMANDAS  (0 < kW < 10) BAJA TENSION Uso General,Cargo de Comercialización:Cargo Fijo,US$/Usuario-mes,B&D,0.955566,2016-10-15,2017-01-15,USD
91,El Salvador,https://www.siget.gob.sv/gerencias/electricidad/tarifas-de-electricidad/tarifas-de-electricidad-ano-2017/,I.   PEQUEÑAS DEMANDAS  (0 < kW < 10) BAJA TENSION Uso General,Cargo de  Energía:Cargo Variable,US$/kWh,B&D,0.112246,2016-10-15,2017-01-15,USD
92,El Salvador,https://www.siget.gob.sv/gerencias/electricidad/tarifas-de-electricidad/tarifas-de-electricidad-ano-2017/,I.   PEQUEÑAS DEMANDAS  (0 < kW < 10) BAJA TENSION Uso General,Cargo de Distribución:Cargo Variable,US$/kWh,B&D,0.034600,2016-10-15,2017-01-15,USD
93,El Salvador,https://www.siget.gob.sv/gerencias/electricidad/tarifas-de-electricidad/tarifas-de-electricidad-ano-2017/,I.   PEQUEÑAS DEMANDAS  (0 < kW < 10) BAJA TENSION Uso General,Cargo de Comercialización:Cargo Fijo,US$/Usuario-mes,ABRUZZO,0.857713,2016-10-15,2017-01-15,USD
94,El Salvador,https://www.siget.gob.sv/gerencias/electricidad/tarifas-de-electricidad/tarifas-de-electricidad-ano-2017/,I.   PEQUEÑAS DEMANDAS  (0 < kW < 10) BAJA TENSION Uso General,Cargo de  Energía:Cargo Variable,US$/kWh,ABRUZZO,0.113604,2016-10-15,2017-01-15,USD
95,El Salvador,https://www.siget.gob.sv/gerencias/electricidad/tarifas-de-electricidad/tarifas-de-electricidad-ano-2017/,I.   PEQUEÑAS DEMANDAS  (0 < kW < 10) BAJA TENSION Uso General,Cargo de Distribución:Cargo Variable,US$/kWh,ABRUZZO,0.033141,2016-10-15,2017-01-15,USD
96,El Salvador,https://www.siget.gob.sv/gerencias/electricidad/tarifas-de-electricidad/tarifas-de-electricidad-ano-2017/,I.   PEQUEÑAS DEMANDAS  (0 < kW < 10) BAJA TENSION Alumbrado Público,Cargo de Comercialización:Cargo Fijo,US$/Usuario-mes,CAESS,0.859797,2016-10-15,2017-01-15,USD
97,El Salvador,https://www.siget.gob.sv/gerencias/electricidad/tarifas-de-electricidad/tarifas-de-electricidad-ano-2017/,I.   PEQUEÑAS DEMANDAS  (0 < kW < 10) BAJA TENSION Alumbrado Público,Cargo de  Energía:Cargo Variable,US$/kWh,CAESS,0.099762,2016-10-15,2017-01-15,USD
98,El Salvador,https://www.siget.gob.sv/gerencias/electricidad/tarifas-de-electricidad/tarifas-de-electricidad-ano-2017/,I.   PEQUEÑAS DEMANDAS  (0 < kW < 10) BAJA TENSION Alumbrado Público,Cargo de Distribución:Cargo Variable,US$/kWh,CAESS,0.034534,2016-10-15,2017-01-15,USD
99,El Salvador,https://www.siget.gob.sv/gerencias/electricidad/tarifas-de-electricidad/tarifas-de-electricidad-ano-2017/,I.   PEQUEÑAS DEMANDAS  (0 < kW < 10) BAJA TENSION Alumbrado Público,Cargo de Comercialización:Cargo Fijo,US$/Usuario-mes,DELSUR,0.964976,2016-10-15,2017-01-15,USD
100,El Salvador,https://www.siget.gob.sv/gerencias/electricidad/tarifas-de-electricidad/tarifas-de-electricidad-ano-2017/,I.   PEQUEÑAS DEMANDAS  (0 < kW < 10) BAJA TENSION Alumbrado Público,Cargo de  Energía:Cargo Variable,US$/kWh,DELSUR,0.097722,2016-10-15,2017-01-15,USD
101,El Salvador,https://www.siget.gob.sv/gerencias/electricidad/tarifas-de-electricidad/tarifas-de-electricidad-ano-2017/,I.   PEQUEÑAS DEMANDAS  (0 < kW < 10) BAJA TENSION Alumbrado Público,Cargo de Distribución:Cargo Variable,US$/kWh,DELSUR,0.050428,2016-10-15,2017-01-15,USD
102,El Salvador,https://www.siget.gob.sv/gerencias/electricidad/tarifas-de-electricidad/tarifas-de-electricidad-ano-2017/,I.   PEQUEÑAS DEMANDAS  (0 < kW < 10) BAJA TENSION Alumbrado Público,Cargo de Comercialización:Cargo Fijo,US$/Usuario-mes,CLESA,0.817828,2016-10-15,2017-01-15,USD
103,El Salvador,https://www.siget.gob.sv/gerencias/electricidad/tarifas-de-electricidad/tarifas-de-electricidad-ano-2017/,I.   PEQUEÑAS DEMANDAS  (0 < kW < 10) BAJA TENSION Alumbrado Público,Cargo de  Energía:Cargo Variable,US$/kWh,CLESA,0.093885,2016-10-15,2017-01-15,USD
104,El Salvador,https://www.siget.gob.sv/gerencias/electricidad/tarifas-de-electricidad/tarifas-de-electricidad-ano-2017/,I.   PEQUEÑAS DEMANDAS  (0 < kW < 10) BAJA TENSION Alumbrado Público,Cargo de Distribución:Cargo Variable,US$/kWh,CLESA,0.062315,2016-10-15,2017-01-15,USD
105,El Salvador,https://www.siget.gob.sv/gerencias/electricidad/tarifas-de-electricidad/tarifas-de-electricidad-ano-2017/,I.   PEQUEÑAS DEMANDAS  (0 < kW < 10) BAJA TENSION Alumbrado Público,Cargo de Comercialización:Cargo Fijo,US$/Usuario-mes,EEO,0.927061,2016-10-15,2017-01-15,USD
106,El Salvador,https://www.siget.gob.sv/gerencias/electricidad/tarifas-de-electricidad/tarifas-de-electricidad-ano-2017/,I.   PEQUEÑAS DEMANDAS  (0 < kW < 10) BAJA TENSION Alumbrado Público,Cargo de  Energía:Cargo Variable,US$/kWh,EEO,0.094615,2016-10-15,2017-01-15,USD
107,El Salvador,https://www.siget.gob.sv/gerencias/electricidad/tarifas-de-electricidad/tarifas-de-electricidad-ano-2017/,I.   PEQUEÑAS DEMANDAS  (0 < kW < 10) BAJA TENSION Alumbrado Público,Cargo de Distribución:Cargo Variable,US$/kWh,EEO,0.072441,2016-10-15,2017-01-15,USD
108,El Salvador,https://www.siget.gob.sv/gerencias/electricidad/tarifas-de-electricidad/tarifas-de-electricidad-ano-2017/,I.   PEQUEÑAS DEMANDAS  (0 < kW < 10) BAJA TENSION Alumbrado Público,Cargo de Comercialización:Cargo Fijo,US$/Usuario-mes,DEUSEM,0.923664,2016-10-15,2017-01-15,USD
109,El Salvador,https://www.siget.gob.sv/gerencias/electricidad/tarifas-de-electricidad/tarifas-de-electricidad-ano-2017/,I.   PEQUEÑAS DEMANDAS  (0 < kW < 10) BAJA TENSION Alumbrado Público,Cargo de  Energía:Cargo Variable,US$/kWh,DEUSEM,0.091698,2016-10-15,2017-01-15,USD
110,El Salvador,https://www.siget.gob.sv/gerencias/electricidad/tarifas-de-electricidad/tarifas-de-electricidad-ano-2017/,I.   PEQUEÑAS DEMANDAS  (0 < kW < 10) BAJA TENSION Alumbrado Público,Cargo de Distribución:Cargo Variable,US$/kWh,DEUSEM,0.071260,2016-10-15,2017-01-15,USD
111,El Salvador,https://www.siget.gob.sv/gerencias/electricidad/tarifas-de-electricidad/tarifas-de-electricidad-ano-2017/,I.   PEQUEÑAS DEMANDAS  (0 < kW < 10) BAJA TENSION Alumbrado Público,Cargo de Comercialización:Cargo Fijo,US$/Usuario-mes,EDESAL,2.008046,2016-10-15,2017-01-15,USD
112,El Salvador,https://www.siget.gob.sv/gerencias/electricidad/tarifas-de-electricidad/tarifas-de-electricidad-ano-2017/,I.   PEQUEÑAS DEMANDAS  (0 < kW < 10) BAJA TENSION Alumbrado Público,Cargo de  Energía:Cargo Variable,US$/kWh,EDESAL,0.118110,2016-10-15,2017-01-15,USD
113,El Salvador,https://www.siget.gob.sv/gerencias/electricidad/tarifas-de-electricidad/tarifas-de-electricidad-ano-2017/,I.   PEQUEÑAS DEMANDAS  (0 < kW < 10) BAJA TENSION Alumbrado Público,Cargo de Distribución:Cargo Variable,US$/kWh,EDESAL,0.060299,2016-10-15,2017-01-15,USD
114,El Salvador,https://www.siget.gob.sv/gerencias/electricidad/tarifas-de-electricidad/tarifas-de-electricidad-ano-2017/,I.   PEQUEÑAS DEMANDAS  (0 < kW < 10) BAJA TENSION Alumbrado Público,Cargo de Comercialización:Cargo Fijo,US$/Usuario-mes,B&D,0.955566,2016-10-15,2017-01-15,USD
115,El Salvador,https://www.siget.gob.sv/gerencias/electricidad/tarifas-de-electricidad/tarifas-de-electricidad-ano-2017/,I.   PEQUEÑAS DEMANDAS  (0 < kW < 10) BAJA TENSION Alumbrado Público,Cargo de  Energía:Cargo Variable,US$/kWh,B&D,0.110054,2016-10-15,2017-01-15,USD
116,El Salvador,https://www.siget.gob.sv/gerencias/electricidad/tarifas-de-electricidad/tarifas-de-electricidad-ano-2017/,I.   PEQUEÑAS DEMANDAS  (0 < kW < 10) BAJA TENSION Alumbrado Público,Cargo de Distribución:Cargo Variable,US$/kWh,B&D,0.041448,2016-10-15,2017-01-15,USD
117,El Salvador,https://www.siget.gob.sv/gerencias/electricidad/tarifas-de-electricidad/tarifas-de-electricidad-ano-2017/,I.   PEQUEÑAS DEMANDAS  (0 < kW < 10) BAJA TENSION Alumbrado Público,Cargo de Comercialización:Cargo Fijo,US$/Usuario-mes,ABRUZZO,0.857713,2016-10-15,2017-01-15,USD
118,El Salvador,https://www.siget.gob.sv/gerencias/electricidad/tarifas-de-electricidad/tarifas-de-electricidad-ano-2017/,I.   PEQUEÑAS DEMANDAS  (0 < kW < 10) BAJA TENSION Alumbrado Público,Cargo de  Energía:Cargo Variable,US$/kWh,ABRUZZO,0.110372,2016-10-15,2017-01-15,USD
119,El Salvador,https://www.siget.gob.sv/gerencias/electricidad/tarifas-de-electricidad/tarifas-de-electricidad-ano-2017/,I.   PEQUEÑAS DEMANDAS  (0 < kW < 10) BAJA TENSION Alumbrado Público,Cargo de Distribución:Cargo Variable,US$/kWh,ABRUZZO,0.033161,2016-10-15,2017-01-15,USD
120,El Salvador,https://www.siget.gob.sv/gerencias/electricidad/tarifas-de-electricidad/tarifas-de-electricidad-ano-2017/,II.   MEDIANA DEMANDA  (10 < kW < 50) BAJA TENSION CON MEDICIÓN DE POTENCIA,Cargo de Comercialización:Cargo Fijo,US$/Usuario-mes,CAESS,0.859797,2016-10-15,2017-01-15,USD
121,El Salvador,https://www.siget.gob.sv/gerencias/electricidad/tarifas-de-electricidad/tarifas-de-electricidad-ano-2017/,II.   MEDIANA DEMANDA  (10 < kW < 50) BAJA TENSION CON MEDICIÓN DE POTENCIA,Cargo de  Energía:Cargo Variable,US$/kWh,CAESS,0.119657,2016-10-15,2017-01-15,USD
122,El Salvador,https://www.siget.gob.sv/gerencias/electricidad/tarifas-de-electricidad/tarifas-de-electricidad-ano-2017/,II.   MEDIANA DEMANDA  (10 < kW < 50) BAJA TENSION CON MEDICIÓN DE POTENCIA,Cargo de Distribución:Potencia,US$/kW-mes,CAESS,13.116398,2016-10-15,2017-01-15,USD
123,El Salvador,https://www.siget.gob.sv/gerencias/electricidad/tarifas-de-electricidad/tarifas-de-electricidad-ano-2017/,II.   MEDIANA DEMANDA  (10 < kW < 50) BAJA TENSION CON MEDICIÓN DE POTENCIA,Cargo de Comercialización:Cargo Fijo,US$/Usuario-mes,DEL SUR,0.964976,2016-10-15,2017-01-15,USD
124,El Salvador,https://www.siget.gob.sv/gerencias/electricidad/tarifas-de-electricidad/tarifas-de-electricidad-ano-2017/,II.   MEDIANA DEMANDA  (10 < kW < 50) BAJA TENSION CON MEDICIÓN DE POTENCIA,Cargo de  Energía:Cargo Variable,US$/kWh,DEL SUR,0.122212,2016-10-15,2017-01-15,USD
125,El Salvador,https://www.siget.gob.sv/gerencias/electricidad/tarifas-de-electricidad/tarifas-de-electricidad-ano-2017/,II.   MEDIANA DEMANDA  (10 < kW < 50) BAJA TENSION CON MEDICIÓN DE POTENCIA,Cargo de Distribución:Potencia,US$/kW-mes,DEL SUR,21.334001,2016-10-15,2017-01-15,USD
126,El Salvador,https://www.siget.gob.sv/gerencias/electricidad/tarifas-de-electricidad/tarifas-de-electricidad-ano-2017/,II.   MEDIANA DEMANDA  (10 < kW < 50) BAJA TENSION CON MEDICIÓN DE POTENCIA,Cargo de Comercialización:Cargo Fijo,US$/Usuario-mes,CLESA,0.817828,2016-10-15,2017-01-15,USD
127,El Salvador,https://www.siget.gob.sv/gerencias/electricidad/tarifas-de-electricidad/tarifas-de-electricidad-ano-2017/,II.   MEDIANA DEMANDA  (10 < kW < 50) BAJA TENSION CON MEDICIÓN DE POTENCIA,Cargo de  Energía:Cargo Variable,US$/kWh,CLESA,0.122706,2016-10-15,2017-01-15,USD
128,El Salvador,https://www.siget.gob.sv/gerencias/electricidad/tarifas-de-electricidad/tarifas-de-electricidad-ano-2017/,II.   MEDIANA DEMANDA  (10 < kW < 50) BAJA TENSION CON MEDICIÓN DE POTENCIA,Cargo de Distribución:Potencia,US$/kW-mes,CLESA,21.559507,2016-10-15,2017-01-15,USD
129,El Salvador,https://www.siget.gob.sv/gerencias/electricidad/tarifas-de-electricidad/tarifas-de-electricidad-ano-2017/,II.   MEDIANA DEMANDA  (10 < kW < 50) BAJA TENSION CON MEDICIÓN DE POTENCIA,Cargo de Comercialización:Cargo Fijo,US$/Usuario-mes,EEO,0.927061,2016-10-15,2017-01-15,USD
130,El Salvador,https://www.siget.gob.sv/gerencias/electricidad/tarifas-de-electricidad/tarifas-de-electricidad-ano-2017/,II.   MEDIANA DEMANDA  (10 < kW < 50) BAJA TENSION CON MEDICIÓN DE POTENCIA,Cargo de  Energía:Cargo Variable,US$/kWh,EEO,0.122723,2016-10-15,2017-01-15,USD
131,El Salvador,https://www.siget.gob.sv/gerencias/electricidad/tarifas-de-electricidad/tarifas-de-electricidad-ano-2017/,II.   MEDIANA DEMANDA  (10 < kW < 50) BAJA TENSION CON MEDICIÓN DE POTENCIA,Cargo de Distribución:Potencia,US$/kW-mes,EEO,26.988811,2016-10-15,2017-01-15,USD
132,El Salvador,https://www.siget.gob.sv/gerencias/electricidad/tarifas-de-electricidad/tarifas-de-electricidad-ano-2017/,II.   MEDIANA DEMANDA  (10 < kW < 50) BAJA TENSION CON MEDICIÓN DE POTENCIA,Cargo de Comercialización:Cargo Fijo,US$/Usuario-mes,DEUSEM,0.923664,2016-10-15,2017-01-15,USD
133,El Salvador,https://www.siget.gob.sv/gerencias/electricidad/tarifas-de-electricidad/tarifas-de-electricidad-ano-2017/,II.   MEDIANA DEMANDA  (10 < kW < 50) BAJA TENSION CON MEDICIÓN DE POTENCIA,Cargo de  Energía:Cargo Variable,US$/kWh,DEUSEM,0.123790,2016-10-15,2017-01-15,USD
134,El Salvador,https://www.siget.gob.sv/gerencias/electricidad/tarifas-de-electricidad/tarifas-de-electricidad-ano-2017/,II.   MEDIANA DEMANDA  (10 < kW < 50) BAJA TENSION CON MEDICIÓN DE POTENCIA,Cargo de Distribución:Potencia,US$/kW-mes,DEUSEM,26.549845,2016-10-15,2017-01-15,USD
135,El Salvador,https://www.siget.gob.sv/gerencias/electricidad/tarifas-de-electricidad/tarifas-de-electricidad-ano-2017/,II.   MEDIANA DEMANDA  (10 < kW < 50) BAJA TENSION CON MEDICIÓN DE POTENCIA,Cargo de Comercialización:Cargo Fijo,US$/Usuario-mes,EDESAL,2.008046,2016-10-15,2017-01-15,USD
136,El Salvador,https://www.siget.gob.sv/gerencias/electricidad/tarifas-de-electricidad/tarifas-de-electricidad-ano-2017/,II.   MEDIANA DEMANDA  (10 < kW < 50) BAJA TENSION CON MEDICIÓN DE POTENCIA,Cargo de  Energía:Cargo Variable,US$/kWh,EDESAL,0.119430,2016-10-15,2017-01-15,USD
137,El Salvador,https://www.siget.gob.sv/gerencias/electricidad/tarifas-de-electricidad/tarifas-de-electricidad-ano-2017/,II.   MEDIANA DEMANDA  (10 < kW < 50) BAJA TENSION CON MEDICIÓN DE POTENCIA,Cargo de Distribución:Potencia,US$/kW-mes,EDESAL,35.956016,2016-10-15,2017-01-15,USD
138,El Salvador,https://www.siget.gob.sv/gerencias/electricidad/tarifas-de-electricidad/tarifas-de-electricidad-ano-2017/,II.   MEDIANA DEMANDA  (10 < kW < 50) BAJA TENSION CON MEDICIÓN DE POTENCIA,Cargo de Comercialización:Cargo Fijo,US$/Usuario-mes,B&D,0.955566,2016-10-15,2017-01-15,USD
139,El Salvador,https://www.siget.gob.sv/gerencias/electricidad/tarifas-de-electricidad/tarifas-de-electricidad-ano-2017/,II.   MEDIANA DEMANDA  (10 < kW < 50) BAJA TENSION CON MEDICIÓN DE POTENCIA,Cargo de  Energía:Cargo Variable,US$/kWh,B&D,0.112474,2016-10-15,2017-01-15,USD
140,El Salvador,https://www.siget.gob.sv/gerencias/electricidad/tarifas-de-electricidad/tarifas-de-electricidad-ano-2017/,II.   MEDIANA DEMANDA  (10 < kW < 50) BAJA TENSION CON MEDICIÓN DE POTENCIA,Cargo de Distribución:Potencia,US$/kW-mes,B&D,15.128387,2016-10-15,2017-01-15,USD
141,El Salvador,https://www.siget.gob.sv/gerencias/electricidad/tarifas-de-electricidad/tarifas-de-electricidad-ano-2017/,II.   MEDIANA DEMANDA  (10 < kW < 50) BAJA TENSION CON MEDICIÓN DE POTENCIA,Cargo de Comercialización:Cargo Fijo,US$/Usuario-mes,ABRUZZO,0.857713,2016-10-15,2017-01-15,USD
142,El Salvador,https://www.siget.gob.sv/gerencias/electricidad/tarifas-de-electricidad/tarifas-de-electricidad-ano-2017/,II.   MEDIANA DEMANDA  (10 < kW < 50) BAJA TENSION CON MEDICIÓN DE POTENCIA,Cargo de  Energía:Cargo Variable,US$/kWh,ABRUZZO,0.113736,2016-10-15,2017-01-15,USD
143,El Salvador,https://www.siget.gob.sv/gerencias/electricidad/tarifas-de-electricidad/tarifas-de-electricidad-ano-2017/,II.   MEDIANA DEMANDA  (10 < kW < 50) BAJA TENSION CON MEDICIÓN DE POTENCIA,Cargo de Distribución:Potencia,US$/kW-mes,ABRUZZO,19.603189,2016-10-15,2017-01-15,USD
144,El Salvador,https://www.siget.gob.sv/gerencias/electricidad/tarifas-de-electricidad/tarifas-de-electricidad-ano-2017/,II.   MEDIANA DEMANDA  (10 < kW < 50) MEDIA TENSION CON MEDICIÓN DE POTENCIA,Cargo de Comercialización:Cargo Fijo,US$/Usuario-mes,CAESS,0.859797,2016-10-15,2017-01-15,USD
145,El Salvador,https://www.siget.gob.sv/gerencias/electricidad/tarifas-de-electricidad/tarifas-de-electricidad-ano-2017/,II.   MEDIANA DEMANDA  (10 < kW < 50) MEDIA TENSION CON MEDICIÓN DE POTENCIA,Cargo de  Energía:Cargo Variable,US$/kWh,CAESS,0.110913,2016-10-15,2017-01-15,USD
146,El Salvador,https://www.siget.gob.sv/gerencias/electricidad/tarifas-de-electricidad/tarifas-de-electricidad-ano-2017/,II.   MEDIANA DEMANDA  (10 < kW < 50) MEDIA TENSION CON MEDICIÓN DE POTENCIA,Cargo de Distribución:Potencia,US$/kW-mes,CAESS,6.241701,2016-10-15,2017-01-15,USD
147,El Salvador,https://www.siget.gob.sv/gerencias/electricidad/tarifas-de-electricidad/tarifas-de-electricidad-ano-2017/,II.   MEDIANA DEMANDA  (10 < kW < 50) MEDIA TENSION CON MEDICIÓN DE POTENCIA,Cargo de Comercialización:Cargo Fijo,US$/Usuario-mes,DEL SUR,0.964976,2016-10-15,2017-01-15,USD
148,El Salvador,https://www.siget.gob.sv/gerencias/electricidad/tarifas-de-electricidad/tarifas-de-electricidad-ano-2017/,II.   MEDIANA DEMANDA  (10 < kW < 50) MEDIA TENSION CON MEDICIÓN DE POTENCIA,Cargo de  Energía:Cargo Variable,US$/kWh,DEL SUR,0.111869,2016-10-15,2017-01-15,USD
149,El Salvador,https://www.siget.gob.sv/gerencias/electricidad/tarifas-de-electricidad/tarifas-de-electricidad-ano-2017/,II.   MEDIANA DEMANDA  (10 < kW < 50) MEDIA TENSION CON MEDICIÓN DE POTENCIA,Cargo de Distribución:Potencia,US$/kW-mes,DEL SUR,6.843612,2016-10-15,2017-01-15,USD
150,El Salvador,https://www.siget.gob.sv/gerencias/electricidad/tarifas-de-electricidad/tarifas-de-electricidad-ano-2017/,II.   MEDIANA DEMANDA  (10 < kW < 50) MEDIA TENSION CON MEDICIÓN DE POTENCIA,Cargo de Comercialización:Cargo Fijo,US$/Usuario-mes,CLESA,0.817828,2016-10-15,2017-01-15,USD
151,El Salvador,https://www.siget.gob.sv/gerencias/electricidad/tarifas-de-electricidad/tarifas-de-electricidad-ano-2017/,II.   MEDIANA DEMANDA  (10 < kW < 50) MEDIA TENSION CON MEDICIÓN DE POTENCIA,Cargo de  Energía:Cargo Variable,US$/kWh,CLESA,0.111680,2016-10-15,2017-01-15,USD
152,El Salvador,https://www.siget.gob.sv/gerencias/electricidad/tarifas-de-electricidad/tarifas-de-electricidad-ano-2017/,II.   MEDIANA DEMANDA  (10 < kW < 50) MEDIA TENSION CON MEDICIÓN DE POTENCIA,Cargo de Distribución:Potencia,US$/kW-mes,CLESA,12.008595,2016-10-15,2017-01-15,USD
153,El Salvador,https://www.siget.gob.sv/gerencias/electricidad/tarifas-de-electricidad/tarifas-de-electricidad-ano-2017/,II.   MEDIANA DEMANDA  (10 < kW < 50) MEDIA TENSION CON MEDICIÓN DE POTENCIA,Cargo de Comercialización:Cargo Fijo,US$/Usuario-mes,EEO,0.927061,2016-10-15,2017-01-15,USD
154,El Salvador,https://www.siget.gob.sv/gerencias/electricidad/tarifas-de-electricidad/tarifas-de-electricidad-ano-2017/,II.   MEDIANA DEMANDA  (10 < kW < 50) MEDIA TENSION CON MEDICIÓN DE POTENCIA,Cargo de  Energía:Cargo Variable,US$/kWh,EEO,0.109353,2016-10-15,2017-01-15,USD
155,El Salvador,https://www.siget.gob.sv/gerencias/electricidad/tarifas-de-electricidad/tarifas-de-electricidad-ano-2017/,II.   MEDIANA DEMANDA  (10 < kW < 50) MEDIA TENSION CON MEDICIÓN DE POTENCIA,Cargo de Distribución:Potencia,US$/kW-mes,EEO,17.332651,2016-10-15,2017-01-15,USD
156,El Salvador,https://www.siget.gob.sv/gerencias/electricidad/tarifas-de-electricidad/tarifas-de-electricidad-ano-2017/,II.   MEDIANA DEMANDA  (10 < kW < 50) MEDIA TENSION CON MEDICIÓN DE POTENCIA,Cargo de Comercialización:Cargo Fijo,US$/Usuario-mes,DEUSEM,0.923664,2016-10-15,2017-01-15,USD
157,El Salvador,https://www.siget.gob.sv/gerencias/electricidad/tarifas-de-electricidad/tarifas-de-electricidad-ano-2017/,II.   MEDIANA DEMANDA  (10 < kW < 50) MEDIA TENSION CON MEDICIÓN DE POTENCIA,Cargo de  Energía:Cargo Variable,US$/kWh,DEUSEM,0.109515,2016-10-15,2017-01-15,USD
158,El Salvador,https://www.siget.gob.sv/gerencias/electricidad/tarifas-de-electricidad/tarifas-de-electricidad-ano-2017/,II.   MEDIANA DEMANDA  (10 < kW < 50) MEDIA TENSION CON MEDICIÓN DE POTENCIA,Cargo de Distribución:Potencia,US$/kW-mes,DEUSEM,16.556324,2016-10-15,2017-01-15,USD
159,El Salvador,https://www.siget.gob.sv/gerencias/electricidad/tarifas-de-electricidad/tarifas-de-electricidad-ano-2017/,II.   MEDIANA DEMANDA  (10 < kW < 50) MEDIA TENSION CON MEDICIÓN DE POTENCIA,Cargo de Comercialización:Cargo Fijo,US$/Usuario-mes,EDESAL,2.008046,2016-10-15,2017-01-15,USD
160,El Salvador,https://www.siget.gob.sv/gerencias/electricidad/tarifas-de-electricidad/tarifas-de-electricidad-ano-2017/,II.   MEDIANA DEMANDA  (10 < kW < 50) MEDIA TENSION CON MEDICIÓN DE POTENCIA,Cargo de  Energía:Cargo Variable,US$/kWh,EDESAL,0.110796,2016-10-15,2017-01-15,USD
161,El Salvador,https://www.siget.gob.sv/gerencias/electricidad/tarifas-de-electricidad/tarifas-de-electricidad-ano-2017/,II.   MEDIANA DEMANDA  (10 < kW < 50) MEDIA TENSION CON MEDICIÓN DE POTENCIA,Cargo de Distribución:Potencia,US$/kW-mes,EDESAL,16.414279,2016-10-15,2017-01-15,USD
162,El Salvador,https://www.siget.gob.sv/gerencias/electricidad/tarifas-de-electricidad/tarifas-de-electricidad-ano-2017/,II.   MEDIANA DEMANDA  (10 < kW < 50) MEDIA TENSION CON MEDICIÓN DE POTENCIA,Cargo de Comercialización:Cargo Fijo,US$/Usuario-mes,B&D,0.955566,2016-10-15,2017-01-15,USD
163,El Salvador,https://www.siget.gob.sv/gerencias/electricidad/tarifas-de-electricidad/tarifas-de-electricidad-ano-2017/,II.   MEDIANA DEMANDA  (10 < kW < 50) MEDIA TENSION CON MEDICIÓN DE POTENCIA,Cargo de  Energía:Cargo Variable,US$/kWh,B&D,0.106907,2016-10-15,2017-01-15,USD
164,El Salvador,https://www.siget.gob.sv/gerencias/electricidad/tarifas-de-electricidad/tarifas-de-electricidad-ano-2017/,II.   MEDIANA DEMANDA  (10 < kW < 50) MEDIA TENSION CON MEDICIÓN DE POTENCIA,Cargo de Distribución:Potencia,US$/kW-mes,B&D,6.818254,2016-10-15,2017-01-15,USD
165,El Salvador,https://www.siget.gob.sv/gerencias/electricidad/tarifas-de-electricidad/tarifas-de-electricidad-ano-2017/,II.   MEDIANA DEMANDA  (10 < kW < 50) MEDIA TENSION CON MEDICIÓN DE POTENCIA,Cargo de Comercialización:Cargo Fijo,US$/Usuario-mes,ABRUZZO,0.857713,2016-10-15,2017-01-15,USD
166,El Salvador,https://www.siget.gob.sv/gerencias/electricidad/tarifas-de-electricidad/tarifas-de-electricidad-ano-2017/,II.   MEDIANA DEMANDA  (10 < kW < 50) MEDIA TENSION CON MEDICIÓN DE POTENCIA,Cargo de  Energía:Cargo Variable,US$/kWh,ABRUZZO,0.106296,2016-10-15,2017-01-15,USD
167,El Salvador,https://www.siget.gob.sv/gerencias/electricidad/tarifas-de-electricidad/tarifas-de-electricidad-ano-2017/,II.   MEDIANA DEMANDA  (10 < kW < 50) MEDIA TENSION CON MEDICIÓN DE POTENCIA,Cargo de Distribución:Potencia,US$/kW-mes,ABRUZZO,5.050746,2016-10-15,2017-01-15,USD
168,El Salvador,https://www.siget.gob.sv/gerencias/electricidad/tarifas-de-electricidad/tarifas-de-electricidad-ano-2017/,II.   MEDIANA DEMANDA  (10 < kW < 50) BAJA TENSION CON MEDIDOR HORARIO,Cargo de Comercialización:Atención al Cliente,US$/Usuario-mes,CAESS,0.859797,2016-10-15,2017-01-15,USD
169,El Salvador,https://www.siget.gob.sv/gerencias/electricidad/tarifas-de-electricidad/tarifas-de-electricidad-ano-2017/,II.   MEDIANA DEMANDA  (10 < kW < 50) BAJA TENSION CON MEDIDOR HORARIO,Cargo de  Energía:Energía en Punta,US$/kWh,CAESS,0.120201,2016-10-15,2017-01-15,USD
170,El Salvador,https://www.siget.gob.sv/gerencias/electricidad/tarifas-de-electricidad/tarifas-de-electricidad-ano-2017/,II.   MEDIANA DEMANDA  (10 < kW < 50) BAJA TENSION CON MEDIDOR HORARIO,Cargo de  Energía:Energía en Resto,US$/kWh,CAESS,0.120027,2016-10-15,2017-01-15,USD
171,El Salvador,https://www.siget.gob.sv/gerencias/electricidad/tarifas-de-electricidad/tarifas-de-electricidad-ano-2017/,II.   MEDIANA DEMANDA  (10 < kW < 50) BAJA TENSION CON MEDIDOR HORARIO,Cargo de  Energía:Energía en Valle,US$/kWh,CAESS,0.117349,2016-10-15,2017-01-15,USD
172,El Salvador,https://www.siget.gob.sv/gerencias/electricidad/tarifas-de-electricidad/tarifas-de-electricidad-ano-2017/,II.   MEDIANA DEMANDA  (10 < kW < 50) BAJA TENSION CON MEDIDOR HORARIO,Cargo de Distribución:Potencia:,US$/kW-mes,CAESS,13.116398,2016-10-15,2017-01-15,USD
173,El Salvador,https://www.siget.gob.sv/gerencias/electricidad/tarifas-de-electricidad/tarifas-de-electricidad-ano-2017/,II.   MEDIANA DEMANDA  (10 < kW < 50) BAJA TENSION CON MEDIDOR HORARIO,Cargo de Comercialización:Atención al Cliente,US$/Usuario-mes,DEL SUR,0.964976,2016-10-15,2017-01-15,USD
174,El Salvador,https://www.siget.gob.sv/gerencias/electricidad/tarifas-de-electricidad/tarifas-de-electricidad-ano-2017/,II.   MEDIANA DEMANDA  (10 < kW < 50) BAJA TENSION CON MEDIDOR HORARIO,Cargo de  Energía:Energía en Punta,US$/kWh,DEL SUR,0.123520,2016-10-15,2017-01-15,USD
175,El Salvador,https://www.siget.gob.sv/gerencias/electricidad/tarifas-de-electricidad/tarifas-de-electricidad-ano-2017/,II.   MEDIANA DEMANDA  (10 < kW < 50) BAJA TENSION CON MEDIDOR HORARIO,Cargo de  Energía:Energía en Resto,US$/kWh,DEL SUR,0.122555,2016-10-15,2017-01-15,USD
176,El Salvador,https://www.siget.gob.sv/gerencias/electricidad/tarifas-de-electricidad/tarifas-de-electricidad-ano-2017/,II.   MEDIANA DEMANDA  (10 < kW < 50) BAJA TENSION CON MEDIDOR HORARIO,Cargo de  Energía:Energía en Valle,US$/kWh,DEL SUR,0.118934,2016-10-15,2017-01-15,USD
177,El Salvador,https://www.siget.gob.sv/gerencias/electricidad/tarifas-de-electricidad/tarifas-de-electricidad-ano-2017/,II.   MEDIANA DEMANDA  (10 < kW < 50) BAJA TENSION CON MEDIDOR HORARIO,Cargo de Distribución:Potencia:,US$/kW-mes,DEL SUR,21.334001,2016-10-15,2017-01-15,USD
178,El Salvador,https://www.siget.gob.sv/gerencias/electricidad/tarifas-de-electricidad/tarifas-de-electricidad-ano-2017/,II.   MEDIANA DEMANDA  (10 < kW < 50) BAJA TENSION CON MEDIDOR HORARIO,Cargo de Comercialización:Atención al Cliente,US$/Usuario-mes,CLESA,0.817828,2016-10-15,2017-01-15,USD
179,El Salvador,https://www.siget.gob.sv/gerencias/electricidad/tarifas-de-electricidad/tarifas-de-electricidad-ano-2017/,II.   MEDIANA DEMANDA  (10 < kW < 50) BAJA TENSION CON MEDIDOR HORARIO,Cargo de  Energía:Energía en Punta,US$/kWh,CLESA,0.122895,2016-10-15,2017-01-15,USD
180,El Salvador,https://www.siget.gob.sv/gerencias/electricidad/tarifas-de-electricidad/tarifas-de-electricidad-ano-2017/,II.   MEDIANA DEMANDA  (10 < kW < 50) BAJA TENSION CON MEDIDOR HORARIO,Cargo de  Energía:Energía en Resto,US$/kWh,CLESA,0.123465,2016-10-15,2017-01-15,USD
181,El Salvador,https://www.siget.gob.sv/gerencias/electricidad/tarifas-de-electricidad/tarifas-de-electricidad-ano-2017/,II.   MEDIANA DEMANDA  (10 < kW < 50) BAJA TENSION CON MEDIDOR HORARIO,Cargo de  Energía:Energía en Valle,US$/kWh,CLESA,0.117619,2016-10-15,2017-01-15,USD
182,El Salvador,https://www.siget.gob.sv/gerencias/electricidad/tarifas-de-electricidad/tarifas-de-electricidad-ano-2017/,II.   MEDIANA DEMANDA  (10 < kW < 50) BAJA TENSION CON MEDIDOR HORARIO,Cargo de Distribución:Potencia:,US$/kW-mes,CLESA,21.559507,2016-10-15,2017-01-15,USD
183,El Salvador,https://www.siget.gob.sv/gerencias/electricidad/tarifas-de-electricidad/tarifas-de-electricidad-ano-2017/,II.   MEDIANA DEMANDA  (10 < kW < 50) BAJA TENSION CON MEDIDOR HORARIO,Cargo de Comercialización:Atención al Cliente,US$/Usuario-mes,EEO,0.927061,2016-10-15,2017-01-15,USD
184,El Salvador,https://www.siget.gob.sv/gerencias/electricidad/tarifas-de-electricidad/tarifas-de-electricidad-ano-2017/,II.   MEDIANA DEMANDA  (10 < kW < 50) BAJA TENSION CON MEDIDOR HORARIO,Cargo de  Energía:Energía en Punta,US$/kWh,EEO,0.124311,2016-10-15,2017-01-15,USD
185,El Salvador,https://www.siget.gob.sv/gerencias/electricidad/tarifas-de-electricidad/tarifas-de-electricidad-ano-2017/,II.   MEDIANA DEMANDA  (10 < kW < 50) BAJA TENSION CON MEDIDOR HORARIO,Cargo de  Energía:Energía en Resto,US$/kWh,EEO,0.122896,2016-10-15,2017-01-15,USD
186,El Salvador,https://www.siget.gob.sv/gerencias/electricidad/tarifas-de-electricidad/tarifas-de-electricidad-ano-2017/,II.   MEDIANA DEMANDA  (10 < kW < 50) BAJA TENSION CON MEDIDOR HORARIO,Cargo de  Energía:Energía en Valle,US$/kWh,EEO,0.119608,2016-10-15,2017-01-15,USD
187,El Salvador,https://www.siget.gob.sv/gerencias/electricidad/tarifas-de-electricidad/tarifas-de-electricidad-ano-2017/,II.   MEDIANA DEMANDA  (10 < kW < 50) BAJA TENSION CON MEDIDOR HORARIO,Cargo de Distribución:Potencia:,US$/kW-mes,EEO,26.988811,2016-10-15,2017-01-15,USD
188,El Salvador,https://www.siget.gob.sv/gerencias/electricidad/tarifas-de-electricidad/tarifas-de-electricidad-ano-2017/,II.   MEDIANA DEMANDA  (10 < kW < 50) BAJA TENSION CON MEDIDOR HORARIO,Cargo de Comercialización:Atención al Cliente,US$/Usuario-mes,DEUSEM,0.923664,2016-10-15,2017-01-15,USD
189,El Salvador,https://www.siget.gob.sv/gerencias/electricidad/tarifas-de-electricidad/tarifas-de-electricidad-ano-2017/,II.   MEDIANA DEMANDA  (10 < kW < 50) BAJA TENSION CON MEDIDOR HORARIO,Cargo de  Energía:Energía en Punta,US$/kWh,DEUSEM,0.123707,2016-10-15,2017-01-15,USD
190,El Salvador,https://www.siget.gob.sv/gerencias/electricidad/tarifas-de-electricidad/tarifas-de-electricidad-ano-2017/,II.   MEDIANA DEMANDA  (10 < kW < 50) BAJA TENSION CON MEDIDOR HORARIO,Cargo de  Energía:Energía en Resto,US$/kWh,DEUSEM,0.124055,2016-10-15,2017-01-15,USD
191,El Salvador,https://www.siget.gob.sv/gerencias/electricidad/tarifas-de-electricidad/tarifas-de-electricidad-ano-2017/,II.   MEDIANA DEMANDA  (10 < kW < 50) BAJA TENSION CON MEDIDOR HORARIO,Cargo de  Energía:Energía en Valle,US$/kWh,DEUSEM,0.120605,2016-10-15,2017-01-15,USD
192,El Salvador,https://www.siget.gob.sv/gerencias/electricidad/tarifas-de-electricidad/tarifas-de-electricidad-ano-2017/,II.   MEDIANA DEMANDA  (10 < kW < 50) BAJA TENSION CON MEDIDOR HORARIO,Cargo de Distribución:Potencia:,US$/kW-mes,DEUSEM,26.549845,2016-10-15,2017-01-15,USD
193,El Salvador,https://www.siget.gob.sv/gerencias/electricidad/tarifas-de-electricidad/tarifas-de-electricidad-ano-2017/,II.   MEDIANA DEMANDA  (10 < kW < 50) BAJA TENSION CON MEDIDOR HORARIO,Cargo de Comercialización:Atención al Cliente,US$/Usuario-mes,EDESAL,2.008046,2016-10-15,2017-01-15,USD
194,El Salvador,https://www.siget.gob.sv/gerencias/electricidad/tarifas-de-electricidad/tarifas-de-electricidad-ano-2017/,II.   MEDIANA DEMANDA  (10 < kW < 50) BAJA TENSION CON MEDIDOR HORARIO,Cargo de  Energía:Energía en Punta,US$/kWh,EDESAL,0.121611,2016-10-15,2017-01-15,USD
195,El Salvador,https://www.siget.gob.sv/gerencias/electricidad/tarifas-de-electricidad/tarifas-de-electricidad-ano-2017/,II.   MEDIANA DEMANDA  (10 < kW < 50) BAJA TENSION CON MEDIDOR HORARIO,Cargo de  Energía:Energía en Resto,US$/kWh,EDESAL,0.120651,2016-10-15,2017-01-15,USD
196,El Salvador,https://www.siget.gob.sv/gerencias/electricidad/tarifas-de-electricidad/tarifas-de-electricidad-ano-2017/,II.   MEDIANA DEMANDA  (10 < kW < 50) BAJA TENSION CON MEDIDOR HORARIO,Cargo de  Energía:Energía en Valle,US$/kWh,EDESAL,0.114770,2016-10-15,2017-01-15,USD
197,El Salvador,https://www.siget.gob.sv/gerencias/electricidad/tarifas-de-electricidad/tarifas-de-electricidad-ano-2017/,II.   MEDIANA DEMANDA  (10 < kW < 50) BAJA TENSION CON MEDIDOR HORARIO,Cargo de Distribución:Potencia:,US$/kW-mes,EDESAL,35.956016,2016-10-15,2017-01-15,USD
198,El Salvador,https://www.siget.gob.sv/gerencias/electricidad/tarifas-de-electricidad/tarifas-de-electricidad-ano-2017/,II.   MEDIANA DEMANDA  (10 < kW < 50) BAJA TENSION CON MEDIDOR HORARIO,Cargo de Comercialización:Atención al Cliente,US$/Usuario-mes,B&D,0.955566,2016-10-15,2017-01-15,USD
199,El Salvador,https://www.siget.gob.sv/gerencias/electricidad/tarifas-de-electricidad/tarifas-de-electricidad-ano-2017/,II.   MEDIANA DEMANDA  (10 < kW < 50) BAJA TENSION CON MEDIDOR HORARIO,Cargo de  Energía:Energía en Punta,US$/kWh,B&D,0.113004,2016-10-15,2017-01-15,USD
200,El Salvador,https://www.siget.gob.sv/gerencias/electricidad/tarifas-de-electricidad/tarifas-de-electricidad-ano-2017/,II.   MEDIANA DEMANDA  (10 < kW < 50) BAJA TENSION CON MEDIDOR HORARIO,Cargo de  Energía:Energía en Resto,US$/kWh,B&D,0.112473,2016-10-15,2017-01-15,USD
201,El Salvador,https://www.siget.gob.sv/gerencias/electricidad/tarifas-de-electricidad/tarifas-de-electricidad-ano-2017/,II.   MEDIANA DEMANDA  (10 < kW < 50) BAJA TENSION CON MEDIDOR HORARIO,Cargo de  Energía:Energía en Valle,US$/kWh,B&D,0.107192,2016-10-15,2017-01-15,USD
202,El Salvador,https://www.siget.gob.sv/gerencias/electricidad/tarifas-de-electricidad/tarifas-de-electricidad-ano-2017/,II.   MEDIANA DEMANDA  (10 < kW < 50) BAJA TENSION CON MEDIDOR HORARIO,Cargo de Distribución:Potencia:,US$/kW-mes,B&D,15.128387,2016-10-15,2017-01-15,USD
203,El Salvador,https://www.siget.gob.sv/gerencias/electricidad/tarifas-de-electricidad/tarifas-de-electricidad-ano-2017/,II.   MEDIANA DEMANDA  (10 < kW < 50) BAJA TENSION CON MEDIDOR HORARIO,Cargo de Comercialización:Atención al Cliente,US$/Usuario-mes,ABRUZZO,0.857713,2016-10-15,2017-01-15,USD
204,El Salvador,https://www.siget.gob.sv/gerencias/electricidad/tarifas-de-electricidad/tarifas-de-electricidad-ano-2017/,II.   MEDIANA DEMANDA  (10 < kW < 50) BAJA TENSION CON MEDIDOR HORARIO,Cargo de  Energía:Energía en Punta,US$/kWh,ABRUZZO,0.110708,2016-10-15,2017-01-15,USD
205,El Salvador,https://www.siget.gob.sv/gerencias/electricidad/tarifas-de-electricidad/tarifas-de-electricidad-ano-2017/,II.   MEDIANA DEMANDA  (10 < kW < 50) BAJA TENSION CON MEDIDOR HORARIO,Cargo de  Energía:Energía en Resto,US$/kWh,ABRUZZO,0.109377,2016-10-15,2017-01-15,USD
206,El Salvador,https://www.siget.gob.sv/gerencias/electricidad/tarifas-de-electricidad/tarifas-de-electricidad-ano-2017/,II.   MEDIANA DEMANDA  (10 < kW < 50) BAJA TENSION CON MEDIDOR HORARIO,Cargo de  Energía:Energía en Valle,US$/kWh,ABRUZZO,0.100788,2016-10-15,2017-01-15,USD
207,El Salvador,https://www.siget.gob.sv/gerencias/electricidad/tarifas-de-electricidad/tarifas-de-electricidad-ano-2017/,II.   MEDIANA DEMANDA  (10 < kW < 50) BAJA TENSION CON MEDIDOR HORARIO,Cargo de Distribución:Potencia:,US$/kW-mes,ABRUZZO,19.603189,2016-10-15,2017-01-15,USD
208,El Salvador,https://www.siget.gob.sv/gerencias/electricidad/tarifas-de-electricidad/tarifas-de-electricidad-ano-2017/,II.   MEDIANA DEMANDA  (10 < kW < 50) MEDIA TENSION CON MEDIDOR HORARIO,Cargo de Comercialización:Cargo Fijo,US$/Usuario-mes,CAESS,0.859797,2016-10-15,2017-01-15,USD
209,El Salvador,https://www.siget.gob.sv/gerencias/electricidad/tarifas-de-electricidad/tarifas-de-electricidad-ano-2017/,II.   MEDIANA DEMANDA  (10 < kW < 50) MEDIA TENSION CON MEDIDOR HORARIO,Cargo de  Energía:Energía en Punta,US$/kWh,CAESS,0.111354,2016-10-15,2017-01-15,USD
210,El Salvador,https://www.siget.gob.sv/gerencias/electricidad/tarifas-de-electricidad/tarifas-de-electricidad-ano-2017/,II.   MEDIANA DEMANDA  (10 < kW < 50) MEDIA TENSION CON MEDIDOR HORARIO,Cargo de  Energía:Energía en Resto,US$/kWh,CAESS,0.111193,2016-10-15,2017-01-15,USD
211,El Salvador,https://www.siget.gob.sv/gerencias/electricidad/tarifas-de-electricidad/tarifas-de-electricidad-ano-2017/,II.   MEDIANA DEMANDA  (10 < kW < 50) MEDIA TENSION CON MEDIDOR HORARIO,Cargo de  Energía:Energía en Valle,US$/kWh,CAESS,0.108712,2016-10-15,2017-01-15,USD
212,El Salvador,https://www.siget.gob.sv/gerencias/electricidad/tarifas-de-electricidad/tarifas-de-electricidad-ano-2017/,II.   MEDIANA DEMANDA  (10 < kW < 50) MEDIA TENSION CON MEDIDOR HORARIO,Cargo de Distribución:Potencia:,US$/kW-mes,CAESS,6.241701,2016-10-15,2017-01-15,USD
213,El Salvador,https://www.siget.gob.sv/gerencias/electricidad/tarifas-de-electricidad/tarifas-de-electricidad-ano-2017/,II.   MEDIANA DEMANDA  (10 < kW < 50) MEDIA TENSION CON MEDIDOR HORARIO,Cargo de Comercialización:Cargo Fijo,US$/Usuario-mes,DEL SUR,0.964976,2016-10-15,2017-01-15,USD
214,El Salvador,https://www.siget.gob.sv/gerencias/electricidad/tarifas-de-electricidad/tarifas-de-electricidad-ano-2017/,II.   MEDIANA DEMANDA  (10 < kW < 50) MEDIA TENSION CON MEDIDOR HORARIO,Cargo de  Energía:Energía en Punta,US$/kWh,DEL SUR,0.113070,2016-10-15,2017-01-15,USD
215,El Salvador,https://www.siget.gob.sv/gerencias/electricidad/tarifas-de-electricidad/tarifas-de-electricidad-ano-2017/,II.   MEDIANA DEMANDA  (10 < kW < 50) MEDIA TENSION CON MEDIDOR HORARIO,Cargo de  Energía:Energía en Resto,US$/kWh,DEL SUR,0.112187,2016-10-15,2017-01-15,USD
216,El Salvador,https://www.siget.gob.sv/gerencias/electricidad/tarifas-de-electricidad/tarifas-de-electricidad-ano-2017/,II.   MEDIANA DEMANDA  (10 < kW < 50) MEDIA TENSION CON MEDIDOR HORARIO,Cargo de  Energía:Energía en Valle,US$/kWh,DEL SUR,0.108872,2016-10-15,2017-01-15,USD
217,El Salvador,https://www.siget.gob.sv/gerencias/electricidad/tarifas-de-electricidad/tarifas-de-electricidad-ano-2017/,II.   MEDIANA DEMANDA  (10 < kW < 50) MEDIA TENSION CON MEDIDOR HORARIO,Cargo de Distribución:Potencia:,US$/kW-mes,DEL SUR,6.843612,2016-10-15,2017-01-15,USD
218,El Salvador,https://www.siget.gob.sv/gerencias/electricidad/tarifas-de-electricidad/tarifas-de-electricidad-ano-2017/,II.   MEDIANA DEMANDA  (10 < kW < 50) MEDIA TENSION CON MEDIDOR HORARIO,Cargo de Comercialización:Cargo Fijo,US$/Usuario-mes,CLESA,0.817828,2016-10-15,2017-01-15,USD
219,El Salvador,https://www.siget.gob.sv/gerencias/electricidad/tarifas-de-electricidad/tarifas-de-electricidad-ano-2017/,II.   MEDIANA DEMANDA  (10 < kW < 50) MEDIA TENSION CON MEDIDOR HORARIO,Cargo de  Energía:Energía en Punta,US$/kWh,CLESA,0.112080,2016-10-15,2017-01-15,USD
220,El Salvador,https://www.siget.gob.sv/gerencias/electricidad/tarifas-de-electricidad/tarifas-de-electricidad-ano-2017/,II.   MEDIANA DEMANDA  (10 < kW < 50) MEDIA TENSION CON MEDIDOR HORARIO,Cargo de  Energía:Energía en Resto,US$/kWh,CLESA,0.112600,2016-10-15,2017-01-15,USD
221,El Salvador,https://www.siget.gob.sv/gerencias/electricidad/tarifas-de-electricidad/tarifas-de-electricidad-ano-2017/,II.   MEDIANA DEMANDA  (10 < kW < 50) MEDIA TENSION CON MEDIDOR HORARIO,Cargo de  Energía:Energía en Valle,US$/kWh,CLESA,0.107269,2016-10-15,2017-01-15,USD
222,El Salvador,https://www.siget.gob.sv/gerencias/electricidad/tarifas-de-electricidad/tarifas-de-electricidad-ano-2017/,II.   MEDIANA DEMANDA  (10 < kW < 50) MEDIA TENSION CON MEDIDOR HORARIO,Cargo de Distribución:Potencia:,US$/kW-mes,CLESA,12.008595,2016-10-15,2017-01-15,USD
223,El Salvador,https://www.siget.gob.sv/gerencias/electricidad/tarifas-de-electricidad/tarifas-de-electricidad-ano-2017/,II.   MEDIANA DEMANDA  (10 < kW < 50) MEDIA TENSION CON MEDIDOR HORARIO,Cargo de Comercialización:Cargo Fijo,US$/Usuario-mes,EEO,0.927061,2016-10-15,2017-01-15,USD
224,El Salvador,https://www.siget.gob.sv/gerencias/electricidad/tarifas-de-electricidad/tarifas-de-electricidad-ano-2017/,II.   MEDIANA DEMANDA  (10 < kW < 50) MEDIA TENSION CON MEDIDOR HORARIO,Cargo de  Energía:Energía en Punta,US$/kWh,EEO,0.110848,2016-10-15,2017-01-15,USD
225,El Salvador,https://www.siget.gob.sv/gerencias/electricidad/tarifas-de-electricidad/tarifas-de-electricidad-ano-2017/,II.   MEDIANA DEMANDA  (10 < kW < 50) MEDIA TENSION CON MEDIDOR HORARIO,Cargo de  Energía:Energía en Resto,US$/kWh,EEO,0.109586,2016-10-15,2017-01-15,USD
226,El Salvador,https://www.siget.gob.sv/gerencias/electricidad/tarifas-de-electricidad/tarifas-de-electricidad-ano-2017/,II.   MEDIANA DEMANDA  (10 < kW < 50) MEDIA TENSION CON MEDIDOR HORARIO,Cargo de  Energía:Energía en Valle,US$/kWh,EEO,0.106655,2016-10-15,2017-01-15,USD
227,El Salvador,https://www.siget.gob.sv/gerencias/electricidad/tarifas-de-electricidad/tarifas-de-electricidad-ano-2017/,II.   MEDIANA DEMANDA  (10 < kW < 50) MEDIA TENSION CON MEDIDOR HORARIO,Cargo de Distribución:Potencia:,US$/kW-mes,EEO,17.332651,2016-10-15,2017-01-15,USD
228,El Salvador,https://www.siget.gob.sv/gerencias/electricidad/tarifas-de-electricidad/tarifas-de-electricidad-ano-2017/,II.   MEDIANA DEMANDA  (10 < kW < 50) MEDIA TENSION CON MEDIDOR HORARIO,Cargo de Comercialización:Cargo Fijo,US$/Usuario-mes,DEUSEM,0.923664,2016-10-15,2017-01-15,USD
229,El Salvador,https://www.siget.gob.sv/gerencias/electricidad/tarifas-de-electricidad/tarifas-de-electricidad-ano-2017/,II.   MEDIANA DEMANDA  (10 < kW < 50) MEDIA TENSION CON MEDIDOR HORARIO,Cargo de  Energía:Energía en Punta,US$/kWh,DEUSEM,0.109642,2016-10-15,2017-01-15,USD
230,El Salvador,https://www.siget.gob.sv/gerencias/electricidad/tarifas-de-electricidad/tarifas-de-electricidad-ano-2017/,II.   MEDIANA DEMANDA  (10 < kW < 50) MEDIA TENSION CON MEDIDOR HORARIO,Cargo de  Energía:Energía en Resto,US$/kWh,DEUSEM,0.109950,2016-10-15,2017-01-15,USD
231,El Salvador,https://www.siget.gob.sv/gerencias/electricidad/tarifas-de-electricidad/tarifas-de-electricidad-ano-2017/,II.   MEDIANA DEMANDA  (10 < kW < 50) MEDIA TENSION CON MEDIDOR HORARIO,Cargo de  Energía:Energía en Valle,US$/kWh,DEUSEM,0.106892,2016-10-15,2017-01-15,USD
232,El Salvador,https://www.siget.gob.sv/gerencias/electricidad/tarifas-de-electricidad/tarifas-de-electricidad-ano-2017/,II.   MEDIANA DEMANDA  (10 < kW < 50) MEDIA TENSION CON MEDIDOR HORARIO,Cargo de Distribución:Potencia:,US$/kW-mes,DEUSEM,16.556324,2016-10-15,2017-01-15,USD
233,El Salvador,https://www.siget.gob.sv/gerencias/electricidad/tarifas-de-electricidad/tarifas-de-electricidad-ano-2017/,II.   MEDIANA DEMANDA  (10 < kW < 50) MEDIA TENSION CON MEDIDOR HORARIO,Cargo de Comercialización:Cargo Fijo,US$/Usuario-mes,EDESAL,2.008046,2016-10-15,2017-01-15,USD
234,El Salvador,https://www.siget.gob.sv/gerencias/electricidad/tarifas-de-electricidad/tarifas-de-electricidad-ano-2017/,II.   MEDIANA DEMANDA  (10 < kW < 50) MEDIA TENSION CON MEDIDOR HORARIO,Cargo de  Energía:Energía en Punta,US$/kWh,EDESAL,0.112866,2016-10-15,2017-01-15,USD
235,El Salvador,https://www.siget.gob.sv/gerencias/electricidad/tarifas-de-electricidad/tarifas-de-electricidad-ano-2017/,II.   MEDIANA DEMANDA  (10 < kW < 50) MEDIA TENSION CON MEDIDOR HORARIO,Cargo de  Energía:Energía en Resto,US$/kWh,EDESAL,0.111976,2016-10-15,2017-01-15,USD
236,El Salvador,https://www.siget.gob.sv/gerencias/electricidad/tarifas-de-electricidad/tarifas-de-electricidad-ano-2017/,II.   MEDIANA DEMANDA  (10 < kW < 50) MEDIA TENSION CON MEDIDOR HORARIO,Cargo de  Energía:Energía en Valle,US$/kWh,EDESAL,0.106517,2016-10-15,2017-01-15,USD
237,El Salvador,https://www.siget.gob.sv/gerencias/electricidad/tarifas-de-electricidad/tarifas-de-electricidad-ano-2017/,II.   MEDIANA DEMANDA  (10 < kW < 50) MEDIA TENSION CON MEDIDOR HORARIO,Cargo de Distribución:Potencia:,US$/kW-mes,EDESAL,16.414279,2016-10-15,2017-01-15,USD
238,El Salvador,https://www.siget.gob.sv/gerencias/electricidad/tarifas-de-electricidad/tarifas-de-electricidad-ano-2017/,II.   MEDIANA DEMANDA  (10 < kW < 50) MEDIA TENSION CON MEDIDOR HORARIO,Cargo de Comercialización:Cargo Fijo,US$/Usuario-mes,B&D,0.955566,2016-10-15,2017-01-15,USD
239,El Salvador,https://www.siget.gob.sv/gerencias/electricidad/tarifas-de-electricidad/tarifas-de-electricidad-ano-2017/,II.   MEDIANA DEMANDA  (10 < kW < 50) MEDIA TENSION CON MEDIDOR HORARIO,Cargo de  Energía:Energía en Punta,US$/kWh,B&D,0.107411,2016-10-15,2017-01-15,USD
240,El Salvador,https://www.siget.gob.sv/gerencias/electricidad/tarifas-de-electricidad/tarifas-de-electricidad-ano-2017/,II.   MEDIANA DEMANDA  (10 < kW < 50) MEDIA TENSION CON MEDIDOR HORARIO,Cargo de  Energía:Energía en Resto,US$/kWh,B&D,0.106906,2016-10-15,2017-01-15,USD
241,El Salvador,https://www.siget.gob.sv/gerencias/electricidad/tarifas-de-electricidad/tarifas-de-electricidad-ano-2017/,II.   MEDIANA DEMANDA  (10 < kW < 50) MEDIA TENSION CON MEDIDOR HORARIO,Cargo de  Energía:Energía en Valle,US$/kWh,B&D,0.101886,2016-10-15,2017-01-15,USD
242,El Salvador,https://www.siget.gob.sv/gerencias/electricidad/tarifas-de-electricidad/tarifas-de-electricidad-ano-2017/,II.   MEDIANA DEMANDA  (10 < kW < 50) MEDIA TENSION CON MEDIDOR HORARIO,Cargo de Distribución:Potencia:,US$/kW-mes,B&D,6.818254,2016-10-15,2017-01-15,USD
243,El Salvador,https://www.siget.gob.sv/gerencias/electricidad/tarifas-de-electricidad/tarifas-de-electricidad-ano-2017/,II.   MEDIANA DEMANDA  (10 < kW < 50) MEDIA TENSION CON MEDIDOR HORARIO,Cargo de Comercialización:Cargo Fijo,US$/Usuario-mes,ABRUZZO,0.857713,2016-10-15,2017-01-15,USD
244,El Salvador,https://www.siget.gob.sv/gerencias/electricidad/tarifas-de-electricidad/tarifas-de-electricidad-ano-2017/,II.   MEDIANA DEMANDA  (10 < kW < 50) MEDIA TENSION CON MEDIDOR HORARIO,Cargo de  Energía:Energía en Punta,US$/kWh,ABRUZZO,0.097845,2016-10-15,2017-01-15,USD
245,El Salvador,https://www.siget.gob.sv/gerencias/electricidad/tarifas-de-electricidad/tarifas-de-electricidad-ano-2017/,II.   MEDIANA DEMANDA  (10 < kW < 50) MEDIA TENSION CON MEDIDOR HORARIO,Cargo de  Energía:Energía en Resto,US$/kWh,ABRUZZO,0.096669,2016-10-15,2017-01-15,USD
246,El Salvador,https://www.siget.gob.sv/gerencias/electricidad/tarifas-de-electricidad/tarifas-de-electricidad-ano-2017/,II.   MEDIANA DEMANDA  (10 < kW < 50) MEDIA TENSION CON MEDIDOR HORARIO,Cargo de  Energía:Energía en Valle,US$/kWh,ABRUZZO,0.089078,2016-10-15,2017-01-15,USD
247,El Salvador,https://www.siget.gob.sv/gerencias/electricidad/tarifas-de-electricidad/tarifas-de-electricidad-ano-2017/,II.   MEDIANA DEMANDA  (10 < kW < 50) MEDIA TENSION CON MEDIDOR HORARIO,Cargo de Distribución:Potencia:,US$/kW-mes,ABRUZZO,5.050746,2016-10-15,2017-01-15,USD
248,El Salvador,https://www.siget.gob.sv/gerencias/electricidad/tarifas-de-electricidad/tarifas-de-electricidad-ano-2017/,III.   GRANDES DEMANDAS  ( >50 kW ) BAJA TENSION CON MEDIDOR HORARIO,Cargo de Comercialización:Atención al Cliente,US$/Usuario-mes,CAESS,12.896956,2016-10-15,2017-01-15,USD
249,El Salvador,https://www.siget.gob.sv/gerencias/electricidad/tarifas-de-electricidad/tarifas-de-electricidad-ano-2017/,III.   GRANDES DEMANDAS  ( >50 kW ) BAJA TENSION CON MEDIDOR HORARIO,Cargo de  Energía:Energía en Punta,US$/kWh,CAESS,0.120201,2016-10-15,2017-01-15,USD
250,El Salvador,https://www.siget.gob.sv/gerencias/electricidad/tarifas-de-electricidad/tarifas-de-electricidad-ano-2017/,III.   GRANDES DEMANDAS  ( >50 kW ) BAJA TENSION CON MEDIDOR HORARIO,Cargo de  Energía:Energía en Resto,US$/kWh,CAESS,0.120027,2016-10-15,2017-01-15,USD
251,El Salvador,https://www.siget.gob.sv/gerencias/electricidad/tarifas-de-electricidad/tarifas-de-electricidad-ano-2017/,III.   GRANDES DEMANDAS  ( >50 kW ) BAJA TENSION CON MEDIDOR HORARIO,Cargo de  Energía:Energía en Valle,US$/kWh,CAESS,0.117349,2016-10-15,2017-01-15,USD
252,El Salvador,https://www.siget.gob.sv/gerencias/electricidad/tarifas-de-electricidad/tarifas-de-electricidad-ano-2017/,III.   GRANDES DEMANDAS  ( >50 kW ) BAJA TENSION CON MEDIDOR HORARIO,Cargo de Distribución:Potencia:,US$/kW-mes,CAESS,13.116398,2016-10-15,2017-01-15,USD
253,El Salvador,https://www.siget.gob.sv/gerencias/electricidad/tarifas-de-electricidad/tarifas-de-electricidad-ano-2017/,III.   GRANDES DEMANDAS  ( >50 kW ) BAJA TENSION CON MEDIDOR HORARIO,Cargo de Comercialización:Atención al Cliente,US$/Usuario-mes,DEL SUR,14.474650,2016-10-15,2017-01-15,USD
254,El Salvador,https://www.siget.gob.sv/gerencias/electricidad/tarifas-de-electricidad/tarifas-de-electricidad-ano-2017/,III.   GRANDES DEMANDAS  ( >50 kW ) BAJA TENSION CON MEDIDOR HORARIO,Cargo de  Energía:Energía en Punta,US$/kWh,DEL SUR,0.123520,2016-10-15,2017-01-15,USD
255,El Salvador,https://www.siget.gob.sv/gerencias/electricidad/tarifas-de-electricidad/tarifas-de-electricidad-ano-2017/,III.   GRANDES DEMANDAS  ( >50 kW ) BAJA TENSION CON MEDIDOR HORARIO,Cargo de  Energía:Energía en Resto,US$/kWh,DEL SUR,0.122555,2016-10-15,2017-01-15,USD
256,El Salvador,https://www.siget.gob.sv/gerencias/electricidad/tarifas-de-electricidad/tarifas-de-electricidad-ano-2017/,III.   GRANDES DEMANDAS  ( >50 kW ) BAJA TENSION CON MEDIDOR HORARIO,Cargo de  Energía:Energía en Valle,US$/kWh,DEL SUR,0.118934,2016-10-15,2017-01-15,USD
257,El Salvador,https://www.siget.gob.sv/gerencias/electricidad/tarifas-de-electricidad/tarifas-de-electricidad-ano-2017/,III.   GRANDES DEMANDAS  ( >50 kW ) BAJA TENSION CON MEDIDOR HORARIO,Cargo de Distribución:Potencia:,US$/kW-mes,DEL SUR,21.334001,2016-10-15,2017-01-15,USD
258,El Salvador,https://www.siget.gob.sv/gerencias/electricidad/tarifas-de-electricidad/tarifas-de-electricidad-ano-2017/,III.   GRANDES DEMANDAS  ( >50 kW ) BAJA TENSION CON MEDIDOR HORARIO,Cargo de Comercialización:Atención al Cliente,US$/Usuario-mes,CLESA,12.267412,2016-10-15,2017-01-15,USD
259,El Salvador,https://www.siget.gob.sv/gerencias/electricidad/tarifas-de-electricidad/tarifas-de-electricidad-ano-2017/,III.   GRANDES DEMANDAS  ( >50 kW ) BAJA TENSION CON MEDIDOR HORARIO,Cargo de  Energía:Energía en Punta,US$/kWh,CLESA,0.122895,2016-10-15,2017-01-15,USD
260,El Salvador,https://www.siget.gob.sv/gerencias/electricidad/tarifas-de-electricidad/tarifas-de-electricidad-ano-2017/,III.   GRANDES DEMANDAS  ( >50 kW ) BAJA TENSION CON MEDIDOR HORARIO,Cargo de  Energía:Energía en Resto,US$/kWh,CLESA,0.123465,2016-10-15,2017-01-15,USD
261,El Salvador,https://www.siget.gob.sv/gerencias/electricidad/tarifas-de-electricidad/tarifas-de-electricidad-ano-2017/,III.   GRANDES DEMANDAS  ( >50 kW ) BAJA TENSION CON MEDIDOR HORARIO,Cargo de  Energía:Energía en Valle,US$/kWh,CLESA,0.117619,2016-10-15,2017-01-15,USD
262,El Salvador,https://www.siget.gob.sv/gerencias/electricidad/tarifas-de-electricidad/tarifas-de-electricidad-ano-2017/,III.   GRANDES DEMANDAS  ( >50 kW ) BAJA TENSION CON MEDIDOR HORARIO,Cargo de Distribución:Potencia:,US$/kW-mes,CLESA,21.559507,2016-10-15,2017-01-15,USD
263,El Salvador,https://www.siget.gob.sv/gerencias/electricidad/tarifas-de-electricidad/tarifas-de-electricidad-ano-2017/,III.   GRANDES DEMANDAS  ( >50 kW ) BAJA TENSION CON MEDIDOR HORARIO,Cargo de Comercialización:Atención al Cliente,US$/Usuario-mes,EEO,13.905912,2016-10-15,2017-01-15,USD
264,El Salvador,https://www.siget.gob.sv/gerencias/electricidad/tarifas-de-electricidad/tarifas-de-electricidad-ano-2017/,III.   GRANDES DEMANDAS  ( >50 kW ) BAJA TENSION CON MEDIDOR HORARIO,Cargo de  Energía:Energía en Punta,US$/kWh,EEO,0.124311,2016-10-15,2017-01-15,USD
265,El Salvador,https://www.siget.gob.sv/gerencias/electricidad/tarifas-de-electricidad/tarifas-de-electricidad-ano-2017/,III.   GRANDES DEMANDAS  ( >50 kW ) BAJA TENSION CON MEDIDOR HORARIO,Cargo de  Energía:Energía en Resto,US$/kWh,EEO,0.122896,2016-10-15,2017-01-15,USD
266,El Salvador,https://www.siget.gob.sv/gerencias/electricidad/tarifas-de-electricidad/tarifas-de-electricidad-ano-2017/,III.   GRANDES DEMANDAS  ( >50 kW ) BAJA TENSION CON MEDIDOR HORARIO,Cargo de  Energía:Energía en Valle,US$/kWh,EEO,0.119608,2016-10-15,2017-01-15,USD
267,El Salvador,https://www.siget.gob.sv/gerencias/electricidad/tarifas-de-electricidad/tarifas-de-electricidad-ano-2017/,III.   GRANDES DEMANDAS  ( >50 kW ) BAJA TENSION CON MEDIDOR HORARIO,Cargo de Distribución:Potencia:,US$/kW-mes,EEO,26.988811,2016-10-15,2017-01-15,USD
268,El Salvador,https://www.siget.gob.sv/gerencias/electricidad/tarifas-de-electricidad/tarifas-de-electricidad-ano-2017/,III.   GRANDES DEMANDAS  ( >50 kW ) BAJA TENSION CON MEDIDOR HORARIO,Cargo de Comercialización:Atención al Cliente,US$/Usuario-mes,DEUSEM,13.854964,2016-10-15,2017-01-15,USD
269,El Salvador,https://www.siget.gob.sv/gerencias/electricidad/tarifas-de-electricidad/tarifas-de-electricidad-ano-2017/,III.   GRANDES DEMANDAS  ( >50 kW ) BAJA TENSION CON MEDIDOR HORARIO,Cargo de  Energía:Energía en Punta,US$/kWh,DEUSEM,0.123707,2016-10-15,2017-01-15,USD
270,El Salvador,https://www.siget.gob.sv/gerencias/electricidad/tarifas-de-electricidad/tarifas-de-electricidad-ano-2017/,III.   GRANDES DEMANDAS  ( >50 kW ) BAJA TENSION CON MEDIDOR HORARIO,Cargo de  Energía:Energía en Resto,US$/kWh,DEUSEM,0.124055,2016-10-15,2017-01-15,USD
271,El Salvador,https://www.siget.gob.sv/gerencias/electricidad/tarifas-de-electricidad/tarifas-de-electricidad-ano-2017/,III.   GRANDES DEMANDAS  ( >50 kW ) BAJA TENSION CON MEDIDOR HORARIO,Cargo de  Energía:Energía en Valle,US$/kWh,DEUSEM,0.120605,2016-10-15,2017-01-15,USD
272,El Salvador,https://www.siget.gob.sv/gerencias/electricidad/tarifas-de-electricidad/tarifas-de-electricidad-ano-2017/,III.   GRANDES DEMANDAS  ( >50 kW ) BAJA TENSION CON MEDIDOR HORARIO,Cargo de Distribución:Potencia:,US$/kW-mes,DEUSEM,26.549845,2016-10-15,2017-01-15,USD
273,El Salvador,https://www.siget.gob.sv/gerencias/electricidad/tarifas-de-electricidad/tarifas-de-electricidad-ano-2017/,III.   GRANDES DEMANDAS  ( >50 kW ) BAJA TENSION CON MEDIDOR HORARIO,Cargo de Comercialización:Atención al Cliente,US$/Usuario-mes,EDESAL,17.560792,2016-10-15,2017-01-15,USD
274,El Salvador,https://www.siget.gob.sv/gerencias/electricidad/tarifas-de-electricidad/tarifas-de-electricidad-ano-2017/,III.   GRANDES DEMANDAS  ( >50 kW ) BAJA TENSION CON MEDIDOR HORARIO,Cargo de  Energía:Energía en Punta,US$/kWh,EDESAL,0.121611,2016-10-15,2017-01-15,USD
275,El Salvador,https://www.siget.gob.sv/gerencias/electricidad/tarifas-de-electricidad/tarifas-de-electricidad-ano-2017/,III.   GRANDES DEMANDAS  ( >50 kW ) BAJA TENSION CON MEDIDOR HORARIO,Cargo de  Energía:Energía en Resto,US$/kWh,EDESAL,0.120651,2016-10-15,2017-01-15,USD
276,El Salvador,https://www.siget.gob.sv/gerencias/electricidad/tarifas-de-electricidad/tarifas-de-electricidad-ano-2017/,III.   GRANDES DEMANDAS  ( >50 kW ) BAJA TENSION CON MEDIDOR HORARIO,Cargo de  Energía:Energía en Valle,US$/kWh,EDESAL,0.114770,2016-10-15,2017-01-15,USD
277,El Salvador,https://www.siget.gob.sv/gerencias/electricidad/tarifas-de-electricidad/tarifas-de-electricidad-ano-2017/,III.   GRANDES DEMANDAS  ( >50 kW ) BAJA TENSION CON MEDIDOR HORARIO,Cargo de Distribución:Potencia:,US$/kW-mes,EDESAL,35.956016,2016-10-15,2017-01-15,USD
278,El Salvador,https://www.siget.gob.sv/gerencias/electricidad/tarifas-de-electricidad/tarifas-de-electricidad-ano-2017/,III.   GRANDES DEMANDAS  ( >50 kW ) BAJA TENSION CON MEDIDOR HORARIO,Cargo de Comercialización:Atención al Cliente,US$/Usuario-mes,B&D,14.216244,2016-10-15,2017-01-15,USD
279,El Salvador,https://www.siget.gob.sv/gerencias/electricidad/tarifas-de-electricidad/tarifas-de-electricidad-ano-2017/,III.   GRANDES DEMANDAS  ( >50 kW ) BAJA TENSION CON MEDIDOR HORARIO,Cargo de  Energía:Energía en Punta,US$/kWh,B&D,0.113004,2016-10-15,2017-01-15,USD
280,El Salvador,https://www.siget.gob.sv/gerencias/electricidad/tarifas-de-electricidad/tarifas-de-electricidad-ano-2017/,III.   GRANDES DEMANDAS  ( >50 kW ) BAJA TENSION CON MEDIDOR HORARIO,Cargo de  Energía:Energía en Resto,US$/kWh,B&D,0.112473,2016-10-15,2017-01-15,USD
281,El Salvador,https://www.siget.gob.sv/gerencias/electricidad/tarifas-de-electricidad/tarifas-de-electricidad-ano-2017/,III.   GRANDES DEMANDAS  ( >50 kW ) BAJA TENSION CON MEDIDOR HORARIO,Cargo de  Energía:Energía en Valle,US$/kWh,B&D,0.107192,2016-10-15,2017-01-15,USD
282,El Salvador,https://www.siget.gob.sv/gerencias/electricidad/tarifas-de-electricidad/tarifas-de-electricidad-ano-2017/,III.   GRANDES DEMANDAS  ( >50 kW ) BAJA TENSION CON MEDIDOR HORARIO,Cargo de Distribución:Potencia:,US$/kW-mes,B&D,15.128387,2016-10-15,2017-01-15,USD
283,El Salvador,https://www.siget.gob.sv/gerencias/electricidad/tarifas-de-electricidad/tarifas-de-electricidad-ano-2017/,III.   GRANDES DEMANDAS  ( >50 kW ) BAJA TENSION CON MEDIDOR HORARIO,Cargo de Comercialización:Atención al Cliente,US$/Usuario-mes,ABRUZZO,6.590515,2016-10-15,2017-01-15,USD
284,El Salvador,https://www.siget.gob.sv/gerencias/electricidad/tarifas-de-electricidad/tarifas-de-electricidad-ano-2017/,III.   GRANDES DEMANDAS  ( >50 kW ) BAJA TENSION CON MEDIDOR HORARIO,Cargo de  Energía:Energía en Punta,US$/kWh,ABRUZZO,0.110708,2016-10-15,2017-01-15,USD
285,El Salvador,https://www.siget.gob.sv/gerencias/electricidad/tarifas-de-electricidad/tarifas-de-electricidad-ano-2017/,III.   GRANDES DEMANDAS  ( >50 kW ) BAJA TENSION CON MEDIDOR HORARIO,Cargo de  Energía:Energía en Resto,US$/kWh,ABRUZZO,0.109377,2016-10-15,2017-01-15,USD
286,El Salvador,https://www.siget.gob.sv/gerencias/electricidad/tarifas-de-electricidad/tarifas-de-electricidad-ano-2017/,III.   GRANDES DEMANDAS  ( >50 kW ) BAJA TENSION CON MEDIDOR HORARIO,Cargo de  Energía:Energía en Valle,US$/kWh,ABRUZZO,0.100788,2016-10-15,2017-01-15,USD
287,El Salvador,https://www.siget.gob.sv/gerencias/electricidad/tarifas-de-electricidad/tarifas-de-electricidad-ano-2017/,III.   GRANDES DEMANDAS  ( >50 kW ) BAJA TENSION CON MEDIDOR HORARIO,Cargo de Distribución:Potencia:,US$/kW-mes,ABRUZZO,19.603189,2016-10-15,2017-01-15,USD
288,El Salvador,https://www.siget.gob.sv/gerencias/electricidad/tarifas-de-electricidad/tarifas-de-electricidad-ano-2017/,III.   GRANDES DEMANDAS  ( >50 kW ) MEDIA TENSION CON MEDIDOR HORARIO,Cargo de Comercialización:Cargo Fijo,US$/Usuario-mes,CAESS,12.896956,2016-10-15,2017-01-15,USD
289,El Salvador,https://www.siget.gob.sv/gerencias/electricidad/tarifas-de-electricidad/tarifas-de-electricidad-ano-2017/,III.   GRANDES DEMANDAS  ( >50 kW ) MEDIA TENSION CON MEDIDOR HORARIO,Cargo de  Energía:Energía en Punta,US$/kWh,CAESS,0.111354,2016-10-15,2017-01-15,USD
290,El Salvador,https://www.siget.gob.sv/gerencias/electricidad/tarifas-de-electricidad/tarifas-de-electricidad-ano-2017/,III.   GRANDES DEMANDAS  ( >50 kW ) MEDIA TENSION CON MEDIDOR HORARIO,Cargo de  Energía:Energía en Resto,US$/kWh,CAESS,0.111193,2016-10-15,2017-01-15,USD
291,El Salvador,https://www.siget.gob.sv/gerencias/electricidad/tarifas-de-electricidad/tarifas-de-electricidad-ano-2017/,III.   GRANDES DEMANDAS  ( >50 kW ) MEDIA TENSION CON MEDIDOR HORARIO,Cargo de  Energía:Energía en Valle,US$/kWh,CAESS,0.108712,2016-10-15,2017-01-15,USD
292,El Salvador,https://www.siget.gob.sv/gerencias/electricidad/tarifas-de-electricidad/tarifas-de-electricidad-ano-2017/,III.   GRANDES DEMANDAS  ( >50 kW ) MEDIA TENSION CON MEDIDOR HORARIO,Cargo de Distribución:Potencia:,US$/kW-mes,CAESS,6.241701,2016-10-15,2017-01-15,USD
293,El Salvador,https://www.siget.gob.sv/gerencias/electricidad/tarifas-de-electricidad/tarifas-de-electricidad-ano-2017/,III.   GRANDES DEMANDAS  ( >50 kW ) MEDIA TENSION CON MEDIDOR HORARIO,Cargo de Comercialización:Cargo Fijo,US$/Usuario-mes,DEL SUR,14.474650,2016-10-15,2017-01-15,USD
294,El Salvador,https://www.siget.gob.sv/gerencias/electricidad/tarifas-de-electricidad/tarifas-de-electricidad-ano-2017/,III.   GRANDES DEMANDAS  ( >50 kW ) MEDIA TENSION CON MEDIDOR HORARIO,Cargo de  Energía:Energía en Punta,US$/kWh,DEL SUR,0.113070,2016-10-15,2017-01-15,USD
295,El Salvador,https://www.siget.gob.sv/gerencias/electricidad/tarifas-de-electricidad/tarifas-de-electricidad-ano-2017/,III.   GRANDES DEMANDAS  ( >50 kW ) MEDIA TENSION CON MEDIDOR HORARIO,Cargo de  Energía:Energía en Resto,US$/kWh,DEL SUR,0.112187,2016-10-15,2017-01-15,USD
296,El Salvador,https://www.siget.gob.sv/gerencias/electricidad/tarifas-de-electricidad/tarifas-de-electricidad-ano-2017/,III.   GRANDES DEMANDAS  ( >50 kW ) MEDIA TENSION CON MEDIDOR HORARIO,Cargo de  Energía:Energía en Valle,US$/kWh,DEL SUR,0.108872,2016-10-15,2017-01-15,USD
297,El Salvador,https://www.siget.gob.sv/gerencias/electricidad/tarifas-de-electricidad/tarifas-de-electricidad-ano-2017/,III.   GRANDES DEMANDAS  ( >50 kW ) MEDIA TENSION CON MEDIDOR HORARIO,Cargo de Distribución:Potencia:,US$/kW-mes,DEL SUR,6.843612,2016-10-15,2017-01-15,USD
298,El Salvador,https://www.siget.gob.sv/gerencias/electricidad/tarifas-de-electricidad/tarifas-de-electricidad-ano-2017/,III.   GRANDES DEMANDAS  ( >50 kW ) MEDIA TENSION CON MEDIDOR HORARIO,Cargo de Comercialización:Cargo Fijo,US$/Usuario-mes,CLESA,12.267412,2016-10-15,2017-01-15,USD
299,El Salvador,https://www.siget.gob.sv/gerencias/electricidad/tarifas-de-electricidad/tarifas-de-electricidad-ano-2017/,III.   GRANDES DEMANDAS  ( >50 kW ) MEDIA TENSION CON MEDIDOR HORARIO,Cargo de  Energía:Energía en Punta,US$/kWh,CLESA,0.112080,2016-10-15,2017-01-15,USD
300,El Salvador,https://www.siget.gob.sv/gerencias/electricidad/tarifas-de-electricidad/tarifas-de-electricidad-ano-2017/,III.   GRANDES DEMANDAS  ( >50 kW ) MEDIA TENSION CON MEDIDOR HORARIO,Cargo de  Energía:Energía en Resto,US$/kWh,CLESA,0.112600,2016-10-15,2017-01-15,USD
301,El Salvador,https://www.siget.gob.sv/gerencias/electricidad/tarifas-de-electricidad/tarifas-de-electricidad-ano-2017/,III.   GRANDES DEMANDAS  ( >50 kW ) MEDIA TENSION CON MEDIDOR HORARIO,Cargo de  Energía:Energía en Valle,US$/kWh,CLESA,0.107269,2016-10-15,2017-01-15,USD
302,El Salvador,https://www.siget.gob.sv/gerencias/electricidad/tarifas-de-electricidad/tarifas-de-electricidad-ano-2017/,III.   GRANDES DEMANDAS  ( >50 kW ) MEDIA TENSION CON MEDIDOR HORARIO,Cargo de Distribución:Potencia:,US$/kW-mes,CLESA,12.008595,2016-10-15,2017-01-15,USD
303,El Salvador,https://www.siget.gob.sv/gerencias/electricidad/tarifas-de-electricidad/tarifas-de-electricidad-ano-2017/,III.   GRANDES DEMANDAS  ( >50 kW ) MEDIA TENSION CON MEDIDOR HORARIO,Cargo de Comercialización:Cargo Fijo,US$/Usuario-mes,EEO,13.905912,2016-10-15,2017-01-15,USD
304,El Salvador,https://www.siget.gob.sv/gerencias/electricidad/tarifas-de-electricidad/tarifas-de-electricidad-ano-2017/,III.   GRANDES DEMANDAS  ( >50 kW ) MEDIA TENSION CON MEDIDOR HORARIO,Cargo de  Energía:Energía en Punta,US$/kWh,EEO,0.110848,2016-10-15,2017-01-15,USD
305,El Salvador,https://www.siget.gob.sv/gerencias/electricidad/tarifas-de-electricidad/tarifas-de-electricidad-ano-2017/,III.   GRANDES DEMANDAS  ( >50 kW ) MEDIA TENSION CON MEDIDOR HORARIO,Cargo de  Energía:Energía en Resto,US$/kWh,EEO,0.109586,2016-10-15,2017-01-15,USD
306,El Salvador,https://www.siget.gob.sv/gerencias/electricidad/tarifas-de-electricidad/tarifas-de-electricidad-ano-2017/,III.   GRANDES DEMANDAS  ( >50 kW ) MEDIA TENSION CON MEDIDOR HORARIO,Cargo de  Energía:Energía en Valle,US$/kWh,EEO,0.106655,2016-10-15,2017-01-15,USD
307,El Salvador,https://www.siget.gob.sv/gerencias/electricidad/tarifas-de-electricidad/tarifas-de-electricidad-ano-2017/,III.   GRANDES DEMANDAS  ( >50 kW ) MEDIA TENSION CON MEDIDOR HORARIO,Cargo de Distribución:Potencia:,US$/kW-mes,EEO,17.332651,2016-10-15,2017-01-15,USD
308,El Salvador,https://www.siget.gob.sv/gerencias/electricidad/tarifas-de-electricidad/tarifas-de-electricidad-ano-2017/,III.   GRANDES DEMANDAS  ( >50 kW ) MEDIA TENSION CON MEDIDOR HORARIO,Cargo de Comercialización:Cargo Fijo,US$/Usuario-mes,DEUSEM,13.854964,2016-10-15,2017-01-15,USD
309,El Salvador,https://www.siget.gob.sv/gerencias/electricidad/tarifas-de-electricidad/tarifas-de-electricidad-ano-2017/,III.   GRANDES DEMANDAS  ( >50 kW ) MEDIA TENSION CON MEDIDOR HORARIO,Cargo de  Energía:Energía en Punta,US$/kWh,DEUSEM,0.109642,2016-10-15,2017-01-15,USD
310,El Salvador,https://www.siget.gob.sv/gerencias/electricidad/tarifas-de-electricidad/tarifas-de-electricidad-ano-2017/,III.   GRANDES DEMANDAS  ( >50 kW ) MEDIA TENSION CON MEDIDOR HORARIO,Cargo de  Energía:Energía en Resto,US$/kWh,DEUSEM,0.109950,2016-10-15,2017-01-15,USD
311,El Salvador,https://www.siget.gob.sv/gerencias/electricidad/tarifas-de-electricidad/tarifas-de-electricidad-ano-2017/,III.   GRANDES DEMANDAS  ( >50 kW ) MEDIA TENSION CON MEDIDOR HORARIO,Cargo de  Energía:Energía en Valle,US$/kWh,DEUSEM,0.106892,2016-10-15,2017-01-15,USD
312,El Salvador,https://www.siget.gob.sv/gerencias/electricidad/tarifas-de-electricidad/tarifas-de-electricidad-ano-2017/,III.   GRANDES DEMANDAS  ( >50 kW ) MEDIA TENSION CON MEDIDOR HORARIO,Cargo de Distribución:Potencia:,US$/kW-mes,DEUSEM,16.556324,2016-10-15,2017-01-15,USD
313,El Salvador,https://www.siget.gob.sv/gerencias/electricidad/tarifas-de-electricidad/tarifas-de-electricidad-ano-2017/,III.   GRANDES DEMANDAS  ( >50 kW ) MEDIA TENSION CON MEDIDOR HORARIO,Cargo de Comercialización:Cargo Fijo,US$/Usuario-mes,EDESAL,17.560792,2016-10-15,2017-01-15,USD
314,El Salvador,https://www.siget.gob.sv/gerencias/electricidad/tarifas-de-electricidad/tarifas-de-electricidad-ano-2017/,III.   GRANDES DEMANDAS  ( >50 kW ) MEDIA TENSION CON MEDIDOR HORARIO,Cargo de  Energía:Energía en Punta,US$/kWh,EDESAL,0.112866,2016-10-15,2017-01-15,USD
315,El Salvador,https://www.siget.gob.sv/gerencias/electricidad/tarifas-de-electricidad/tarifas-de-electricidad-ano-2017/,III.   GRANDES DEMANDAS  ( >50 kW ) MEDIA TENSION CON MEDIDOR HORARIO,Cargo de  Energía:Energía en Resto,US$/kWh,EDESAL,0.111976,2016-10-15,2017-01-15,USD
316,El Salvador,https://www.siget.gob.sv/gerencias/electricidad/tarifas-de-electricidad/tarifas-de-electricidad-ano-2017/,III.   GRANDES DEMANDAS  ( >50 kW ) MEDIA TENSION CON MEDIDOR HORARIO,Cargo de  Energía:Energía en Valle,US$/kWh,EDESAL,0.106517,2016-10-15,2017-01-15,USD
317,El Salvador,https://www.siget.gob.sv/gerencias/electricidad/tarifas-de-electricidad/tarifas-de-electricidad-ano-2017/,III.   GRANDES DEMANDAS  ( >50 kW ) MEDIA TENSION CON MEDIDOR HORARIO,Cargo de Distribución:Potencia:,US$/kW-mes,EDESAL,16.414279,2016-10-15,2017-01-15,USD
318,El Salvador,https://www.siget.gob.sv/gerencias/electricidad/tarifas-de-electricidad/tarifas-de-electricidad-ano-2017/,III.   GRANDES DEMANDAS  ( >50 kW ) MEDIA TENSION CON MEDIDOR HORARIO,Cargo de Comercialización:Cargo Fijo,US$/Usuario-mes,B&D,14.216244,2016-10-15,2017-01-15,USD
319,El Salvador,https://www.siget.gob.sv/gerencias/electricidad/tarifas-de-electricidad/tarifas-de-electricidad-ano-2017/,III.   GRANDES DEMANDAS  ( >50 kW ) MEDIA TENSION CON MEDIDOR HORARIO,Cargo de  Energía:Energía en Punta,US$/kWh,B&D,0.107411,2016-10-15,2017-01-15,USD
320,El Salvador,https://www.siget.gob.sv/gerencias/electricidad/tarifas-de-electricidad/tarifas-de-electricidad-ano-2017/,III.   GRANDES DEMANDAS  ( >50 kW ) MEDIA TENSION CON MEDIDOR HORARIO,Cargo de  Energía:Energía en Resto,US$/kWh,B&D,0.106906,2016-10-15,2017-01-15,USD
321,El Salvador,https://www.siget.gob.sv/gerencias/electricidad/tarifas-de-electricidad/tarifas-de-electricidad-ano-2017/,III.   GRANDES DEMANDAS  ( >50 kW ) MEDIA TENSION CON MEDIDOR HORARIO,Cargo de  Energía:Energía en Valle,US$/kWh,B&D,0.101886,2016-10-15,2017-01-15,USD
322,El Salvador,https://www.siget.gob.sv/gerencias/electricidad/tarifas-de-electricidad/tarifas-de-electricidad-ano-2017/,III.   GRANDES DEMANDAS  ( >50 kW ) MEDIA TENSION CON MEDIDOR HORARIO,Cargo de Distribución:Potencia:,US$/kW-mes,B&D,6.818254,2016-10-15,2017-01-15,USD
323,El Salvador,https://www.siget.gob.sv/gerencias/electricidad/tarifas-de-electricidad/tarifas-de-electricidad-ano-2017/,III.   GRANDES DEMANDAS  ( >50 kW ) MEDIA TENSION CON MEDIDOR HORARIO,Cargo de Comercialización:Cargo Fijo,US$/Usuario-mes,ABRUZZO,6.590515,2016-10-15,2017-01-15,USD
324,El Salvador,https://www.siget.gob.sv/gerencias/electricidad/tarifas-de-electricidad/tarifas-de-electricidad-ano-2017/,III.   GRANDES DEMANDAS  ( >50 kW ) MEDIA TENSION CON MEDIDOR HORARIO,Cargo de  Energía:Energía en Punta,US$/kWh,ABRUZZO,0.097845,2016-10-15,2017-01-15,USD
325,El Salvador,https://www.siget.gob.sv/gerencias/electricidad/tarifas-de-electricidad/tarifas-de-electricidad-ano-2017/,III.   GRANDES DEMANDAS  ( >50 kW ) MEDIA TENSION CON MEDIDOR HORARIO,Cargo de  Energía:Energía en Resto,US$/kWh,ABRUZZO,0.096669,2016-10-15,2017-01-15,USD
326,El Salvador,https://www.siget.gob.sv/gerencias/electricidad/tarifas-de-electricidad/tarifas-de-electricidad-ano-2017/,III.   GRANDES DEMANDAS  ( >50 kW ) MEDIA TENSION CON MEDIDOR HORARIO,Cargo de  Energía:Energía en Valle,US$/kWh,ABRUZZO,0.089078,2016-10-15,2017-01-15,USD
327,El Salvador,https://www.siget.gob.sv/gerencias/electricidad/tarifas-de-electricidad/tarifas-de-electricidad-ano-2017/,III.   GRANDES DEMANDAS  ( >50 kW ) MEDIA TENSION CON MEDIDOR HORARIO,Cargo de Distribución:Potencia:,US$/kW-mes,ABRUZZO,5.050746,2016-10-15,2017-01-15,USD
